Accept Date,Land Class Code, Land Category Code Desc,State, County Code Desc, FIPS Code,Agency State Region Code Desc, Revenue Type, Mineral Production Code Desc, Commodity, Product Code Desc, Revenue 
7/1/2026,Federal,Not Tied to a Lease,,,,,Civil Penalties,,,," (215,616)"
7/1/2026,Federal,Not Tied to a Lease,,,,,Other Revenues,,,," 6,156 "
7/1/2026,Federal,Offshore,,,,,Inspection Fees,,,," 1,357,187 "
7/1/2026,Federal,Offshore,,,,GULF OF AMERICA,Other Revenues,Oil & Gas,Gas,Flared Gas Well Gas, 2 
7/1/2026,Federal,Offshore,,,,GULF OF AMERICA,Other Revenues,Oil & Gas,Gas,Flash Gas, -   
7/1/2026,Federal,Offshore,,,,GULF OF AMERICA,Other Revenues,Oil & Gas,Gas,Pipeline Fuel/Loss, 447 
7/1/2026,Federal,Offshore,,,,GULF OF AMERICA,Other Revenues,Oil & Gas,Gas,Processed (Residue) Gas, 362 
7/1/2026,Federal,Offshore,,,,GULF OF AMERICA,Other Revenues,Oil & Gas,Gas,Unprocessed Gas," 2,631 "
7/1/2026,Federal,Offshore,,,,GULF OF AMERICA,Other Revenues,Oil & Gas,NGL,Gas Plant Products, (390)
7/1/2026,Federal,Offshore,,,,GULF OF AMERICA,Other Revenues,Oil & Gas,Oil,Condensate, 76 
7/1/2026,Federal,Offshore,,,,GULF OF AMERICA,Other Revenues,Oil & Gas,Oil,Drip or Scrubber Condensate, 0 
7/1/2026,Federal,Offshore,,,,GULF OF AMERICA,Other Revenues,Oil & Gas,Oil,Inlet Scrubber, -   
7/1/2026,Federal,Offshore,,,,GULF OF AMERICA,Other Revenues,Oil & Gas,Oil,Oil," (49,432)"
7/1/2026,Federal,Offshore,,,,GULF OF AMERICA,Other Revenues,Oil & Gas,Oil & Gas,," (36,300,382)"
7/1/2026,Federal,Offshore,,,,PACIFIC OCS,Other Revenues,Oil & Gas,Oil & Gas,," (200,000)"
7/1/2026,Federal,Offshore,,,,ATLANTIC OCS,Other Revenues,Wind,Wind,," 6,448 "
7/1/2026,Federal,Offshore,,,,ALASKA OCS,Rents,Oil & Gas,Oil & Gas,," 17,940 "
7/1/2026,Federal,Offshore,,,,GULF OF AMERICA,Rents,Oil & Gas,Oil & Gas,," 7,053,293 "
7/1/2026,Federal,Offshore,,,,ATLANTIC OCS,Rents,Wind,Wind,," (157,975)"
7/1/2026,Federal,Offshore,,,,PACIFIC OCS,Rents,Wind,Wind,," 190,014 "
7/1/2026,Federal,Offshore,,,,GULF OF AMERICA,Royalties,Oil & Gas,Gas,Flared Gas Well Gas, 263 
7/1/2026,Federal,Offshore,,,,GULF OF AMERICA,Royalties,Oil & Gas,Gas,Flash Gas," 100,106 "
7/1/2026,Federal,Offshore,,,,GULF OF AMERICA,Royalties,Oil & Gas,Gas,Pipeline Fuel/Loss," 109,839 "
7/1/2026,Federal,Offshore,,,,PACIFIC OCS,Royalties,Oil & Gas,Gas,Pipeline Fuel/Loss, 4 
7/1/2026,Federal,Offshore,,,,GULF OF AMERICA,Royalties,Oil & Gas,Gas,Processed (Residue) Gas," 13,491,450 "
7/1/2026,Federal,Offshore,,,,PACIFIC OCS,Royalties,Oil & Gas,Gas,Processed (Residue) Gas," 7,248 "
7/1/2026,Federal,Offshore,,,,GULF OF AMERICA,Royalties,Oil & Gas,Gas,Unprocessed Gas," (323,189)"
7/1/2026,Federal,Offshore,,,,PACIFIC OCS,Royalties,Oil & Gas,Gas,Unprocessed Gas," 74,838 "
7/1/2026,Federal,Offshore,,,,GULF OF AMERICA,Royalties,Oil & Gas,NGL,Gas Plant Products," 9,728,081 "
7/1/2026,Federal,Offshore,,,,PACIFIC OCS,Royalties,Oil & Gas,NGL,Gas Plant Products," 24,419 "
7/1/2026,Federal,Offshore,,,,GULF OF AMERICA,Royalties,Oil & Gas,Oil,Condensate," 6,449,825 "
7/1/2026,Federal,Offshore,,,,GULF OF AMERICA,Royalties,Oil & Gas,Oil,Drip or Scrubber Condensate," 434,185 "
7/1/2026,Federal,Offshore,,,,GULF OF AMERICA,Royalties,Oil & Gas,Oil,Inlet Scrubber," 470,732 "
7/1/2026,Federal,Offshore,,,,ALASKA OCS,Royalties,Oil & Gas,Oil,Oil," 271,857 "
7/1/2026,Federal,Offshore,,,,GULF OF AMERICA,Royalties,Oil & Gas,Oil,Oil," 689,340,213 "
7/1/2026,Federal,Offshore,,,,PACIFIC OCS,Royalties,Oil & Gas,Oil,Oil," 11,876,458 "
7/1/2026,Federal,Offshore,,,,GULF OF AMERICA,Royalties,Oil & Gas,Oil,Oil Lost," 2,273 "
7/1/2026,Federal,Offshore,,,,GULF OF AMERICA,Royalties,Oil & Gas,Oil,Other Liquid Hydrocarbons," 2,006 "
7/1/2026,Federal,Offshore,,,,PACIFIC OCS,Royalties,Oil & Gas,Sulfur,Sulfur," 7,449 "
7/1/2026,Federal,Onshore,AK,Harrison Bay,02185,ALASKA,Other Revenues,Oil & Gas,Oil,Inlet Scrubber," (208,579)"
7/1/2026,Federal,Onshore,AK,Harrison Bay,02185,ALASKA,Other Revenues,Oil & Gas,Oil,Oil," 180,559 "
7/1/2026,Federal,Onshore,AK,Harrison Bay,02185,ALASKA,Other Revenues,Oil & Gas,Oil & Gas,," 73,225 "
7/1/2026,Federal,Onshore,AK,Harrison Bay,02185,ALASKA,Royalties,Oil & Gas,Gas,Unprocessed Gas, 694 
7/1/2026,Federal,Onshore,AK,Harrison Bay,02185,ALASKA,Royalties,Oil & Gas,Oil,Inlet Scrubber," 316,540 "
7/1/2026,Federal,Onshore,AK,Harrison Bay,02185,ALASKA,Royalties,Oil & Gas,Oil,Oil," 2,631,311 "
7/1/2026,Federal,Onshore,AK,Kenai (Post),02122,ALASKA,Other Revenues,Oil & Gas,Oil & Gas,, 56 
7/1/2026,Federal,Onshore,AK,Kenai (Pre),02122,ALASKA,Royalties,Oil & Gas,Gas,Unprocessed Gas," 760,732 "
7/1/2026,Federal,Onshore,AK,Kenai (Pre),02122,ALASKA,Royalties,Oil & Gas,Oil,Condensate," 21,187 "
7/1/2026,Federal,Onshore,AK,Kenai (Pre),02122,ALASKA,Royalties,Oil & Gas,Oil,Drip or Scrubber Condensate, 28 
7/1/2026,Federal,Onshore,AK,Kenai (Pre),02122,ALASKA,Royalties,Oil & Gas,Oil,Oil," 234,172 "
7/1/2026,Federal,Onshore,AK,Umiat,02185,ALASKA,Bonus,Oil & Gas,Oil & Gas,," 168,595 "
7/1/2026,Federal,Onshore,AK,Umiat,02185,ALASKA,Rents,Oil & Gas,Oil & Gas,," 57,600 "
7/1/2026,Federal,Onshore,AL,Baldwin,01003,EAST STATES,Royalties,Oil & Gas,Gas,Processed (Residue) Gas, 221 
7/1/2026,Federal,Onshore,AL,Baldwin,01003,EAST STATES,Royalties,Oil & Gas,Gas,Unprocessed Gas, 22 
7/1/2026,Federal,Onshore,AL,Baldwin,01003,EAST STATES,Royalties,Oil & Gas,NGL,Gas Plant Products, 5 
7/1/2026,Federal,Onshore,AL,Baldwin,01003,EAST STATES,Royalties,Oil & Gas,Oil,Other Liquid Hydrocarbons, 0 
7/1/2026,Federal,Onshore,AL,Baldwin,01003,EAST STATES,Royalties,Oil & Gas,Sulfur,Sulfur, 24 
7/1/2026,Federal,Onshore,AL,Escambia,01053,EAST STATES,Royalties,Oil & Gas,Oil,Oil," 4,731 "
7/1/2026,Federal,Onshore,AL,Jefferson,01073,EAST STATES,Royalties,Coal,Coal,Coal, -   
7/1/2026,Federal,Onshore,AL,Lamar,01075,EAST STATES,Royalties,Oil & Gas,Oil,Oil, 99 
7/1/2026,Federal,Onshore,AL,Mobile,01097,EAST STATES,Royalties,Oil & Gas,Gas,Processed (Residue) Gas," 1,028 "
7/1/2026,Federal,Onshore,AL,Mobile,01097,EAST STATES,Royalties,Oil & Gas,Gas,Unprocessed Gas, 105 
7/1/2026,Federal,Onshore,AL,Mobile,01097,EAST STATES,Royalties,Oil & Gas,NGL,Gas Plant Products, 23 
7/1/2026,Federal,Onshore,AL,Mobile,01097,EAST STATES,Royalties,Oil & Gas,Oil,Oil, 588 
7/1/2026,Federal,Onshore,AL,Mobile,01097,EAST STATES,Royalties,Oil & Gas,Oil,Other Liquid Hydrocarbons, 6 
7/1/2026,Federal,Onshore,AL,Mobile,01097,EAST STATES,Royalties,Oil & Gas,Sulfur,Sulfur, 509 
7/1/2026,Federal,Onshore,AL,Tuscaloosa,01125,EAST STATES,Other Revenues,Oil & Gas,Oil & Gas,, 1 
7/1/2026,Federal,Onshore,AL,Tuscaloosa,01125,EAST STATES,Royalties,Coal,Coal,Coal," 145,364 "
7/1/2026,Federal,Onshore,AL,Tuscaloosa,01125,EAST STATES,Royalties,Oil & Gas,Gas,Coal Bed Methane," 1,764 "
7/1/2026,Federal,Onshore,AL,Tuscaloosa,01125,EAST STATES,Royalties,Oil & Gas,Gas,Pipeline Fuel/Loss, 46 
7/1/2026,Federal,Onshore,AL,Tuscaloosa,01125,EAST STATES,Royalties,Oil & Gas,Gas,Unprocessed Gas," 2,044 "
7/1/2026,Federal,Onshore,AR,Cleburne,05023,EAST STATES,Rents,Oil & Gas,Oil & Gas,, 904 
7/1/2026,Federal,Onshore,AR,Cleburne,05023,EAST STATES,Royalties,Oil & Gas,Gas,Unprocessed Gas," 1,260 "
7/1/2026,Federal,Onshore,AR,Columbia,05027,EAST STATES,Royalties,Oil & Gas,Gas,Pipeline Fuel/Loss, 1 
7/1/2026,Federal,Onshore,AR,Columbia,05027,EAST STATES,Royalties,Oil & Gas,Gas,Processed (Residue) Gas, 17 
7/1/2026,Federal,Onshore,AR,Columbia,05027,EAST STATES,Royalties,Oil & Gas,NGL,Gas Plant Products, 13 
7/1/2026,Federal,Onshore,AR,Conway,05029,EAST STATES,Royalties,Oil & Gas,Gas,Unprocessed Gas," 14,086 "
7/1/2026,Federal,Onshore,AR,Crawford,05033,EAST STATES,Other Revenues,Oil & Gas,Oil & Gas,, 16 
7/1/2026,Federal,Onshore,AR,Crawford,05033,EAST STATES,Royalties,Oil & Gas,Gas,Unprocessed Gas," 2,217 "
7/1/2026,Federal,Onshore,AR,Faulkner,05045,EAST STATES,Royalties,Oil & Gas,Gas,Unprocessed Gas, 261 
7/1/2026,Federal,Onshore,AR,Franklin,05047,EAST STATES,Other Revenues,Oil & Gas,Oil & Gas,, 417 
7/1/2026,Federal,Onshore,AR,Franklin,05047,EAST STATES,Royalties,Oil & Gas,Gas,Unprocessed Gas, 877 
7/1/2026,Federal,Onshore,AR,Johnson,05071,EAST STATES,Other Revenues,Oil & Gas,Oil & Gas,," 1,323 "
7/1/2026,Federal,Onshore,AR,Johnson,05071,EAST STATES,Royalties,Oil & Gas,Gas,Unprocessed Gas," 3,757 "
7/1/2026,Federal,Onshore,AR,Logan,05083,EAST STATES,Other Revenues,Oil & Gas,Oil & Gas,, 312 
7/1/2026,Federal,Onshore,AR,Logan,05083,EAST STATES,Royalties,Oil & Gas,Gas,Pipeline Fuel/Loss, 616 
7/1/2026,Federal,Onshore,AR,Logan,05083,EAST STATES,Royalties,Oil & Gas,Gas,Unprocessed Gas," 64,254 "
7/1/2026,Federal,Onshore,AR,Montgomery,05097,EAST STATES,Other Revenues,Hardrock,Hardrock,, -   
7/1/2026,Federal,Onshore,AR,Montgomery,05097,EAST STATES,Royalties,Hardrock,Quartz,Quartz Crystal, -   
7/1/2026,Federal,Onshore,AR,Pope,05115,EAST STATES,Other Revenues,Oil & Gas,Oil & Gas,, 0 
7/1/2026,Federal,Onshore,AR,Pope,05115,EAST STATES,Royalties,Oil & Gas,Gas,Unprocessed Gas, 121 
7/1/2026,Federal,Onshore,AR,Scott,05127,EAST STATES,Royalties,Oil & Gas,Gas,Coal Bed Methane, 67 
7/1/2026,Federal,Onshore,AR,Scott,05127,EAST STATES,Royalties,Oil & Gas,Gas,Pipeline Fuel/Loss, 25 
7/1/2026,Federal,Onshore,AR,Sebastian,05131,EAST STATES,Other Revenues,Oil & Gas,Oil & Gas,," 1,167 "
7/1/2026,Federal,Onshore,AR,Sebastian,05131,EAST STATES,Royalties,Oil & Gas,Gas,Coal Bed Methane, 333 
7/1/2026,Federal,Onshore,AR,Sebastian,05131,EAST STATES,Royalties,Oil & Gas,Gas,Pipeline Fuel/Loss, 14 
7/1/2026,Federal,Onshore,AR,Sebastian,05131,EAST STATES,Royalties,Oil & Gas,Gas,Unprocessed Gas," 42,477 "
7/1/2026,Federal,Onshore,AR,Van Buren,05141,EAST STATES,Rents,Oil & Gas,Oil & Gas,," 2,312 "
7/1/2026,Federal,Onshore,AR,Van Buren,05141,EAST STATES,Royalties,Oil & Gas,Gas,Unprocessed Gas," 4,415 "
7/1/2026,Federal,Onshore,AR,White,05145,EAST STATES,Royalties,Oil & Gas,Gas,Unprocessed Gas," 1,650 "
7/1/2026,Federal,Onshore,AR,Yell,05149,EAST STATES,Other Revenues,Oil & Gas,Oil & Gas,, 4 
7/1/2026,Federal,Onshore,AR,Yell,05149,EAST STATES,Royalties,Oil & Gas,Gas,Pipeline Fuel/Loss, 255 
7/1/2026,Federal,Onshore,AR,Yell,05149,EAST STATES,Royalties,Oil & Gas,Gas,Unprocessed Gas," 4,557 "
7/1/2026,Federal,Onshore,AZ,Maricopa,04013,ARIZONA,Royalties,Sodium,Sodium,Salt, -   
7/1/2026,Federal,Onshore,CA,Fresno,06019,CALIFORNIA,Royalties,Oil & Gas,Oil,Oil," 6,716 "
7/1/2026,Federal,Onshore,CA,Glenn,06021,CALIFORNIA,Royalties,Oil & Gas,Gas,Unprocessed Gas, 73 
7/1/2026,Federal,Onshore,CA,Imperial,06025,CALIFORNIA,Royalties,Geothermal,Geothermal,"Geothermal - Electrical Generation, Kilowatt Hours"," 1,554 "
7/1/2026,Federal,Onshore,CA,Inyo,06027,CALIFORNIA,Royalties,Geothermal,Geothermal,"Geothermal - Electrical Generation, Kilowatt Hours"," 1,326 "
7/1/2026,Federal,Onshore,CA,Inyo,06027,CALIFORNIA,Royalties,Geothermal,Geothermal,Geothermal - sulfur, 176 
7/1/2026,Federal,Onshore,CA,Kern,06029,CALIFORNIA,Other Revenues,Oil & Gas,Oil & Gas,," 7,160 "
7/1/2026,Federal,Onshore,CA,Kern,06029,CALIFORNIA,Rents,Oil & Gas,Oil & Gas,," 1,182 "
7/1/2026,Federal,Onshore,CA,Kern,06029,CALIFORNIA,Royalties,Oil & Gas,Gas,Flared Gas Well Gas, 900 
7/1/2026,Federal,Onshore,CA,Kern,06029,CALIFORNIA,Royalties,Oil & Gas,Gas,Pipeline Fuel/Loss, 541 
7/1/2026,Federal,Onshore,CA,Kern,06029,CALIFORNIA,Royalties,Oil & Gas,Gas,Processed (Residue) Gas," 103,688 "
7/1/2026,Federal,Onshore,CA,Kern,06029,CALIFORNIA,Royalties,Oil & Gas,Gas,Unprocessed Gas," 4,955 "
7/1/2026,Federal,Onshore,CA,Kern,06029,CALIFORNIA,Royalties,Oil & Gas,NGL,Gas Plant Products," 192,489 "
7/1/2026,Federal,Onshore,CA,Kern,06029,CALIFORNIA,Royalties,Oil & Gas,Oil,Condensate," 1,617 "
7/1/2026,Federal,Onshore,CA,Kern,06029,CALIFORNIA,Royalties,Oil & Gas,Oil,Oil," 5,238,166 "
7/1/2026,Federal,Onshore,CA,Kings,06031,CALIFORNIA,Other Revenues,Oil & Gas,Oil & Gas,," 1,637 "
7/1/2026,Federal,Onshore,CA,Kings,06031,CALIFORNIA,Royalties,Oil & Gas,Oil,Oil," 14,518 "
7/1/2026,Federal,Onshore,CA,Lake,06033,CALIFORNIA,Royalties,Geothermal,Geothermal,"Geothermal - Electrical Generation, Thousands of Pounds"," 274,060 "
7/1/2026,Federal,Onshore,CA,Lassen,06035,CALIFORNIA,Royalties,Geothermal,Geothermal,"Geothermal - Direct Utilization, Millions of BTUs"," 6,813 "
7/1/2026,Federal,Onshore,CA,Los Angeles,06037,CALIFORNIA,Other Revenues,Oil & Gas,Oil & Gas,, 15 
7/1/2026,Federal,Onshore,CA,Los Angeles,06037,CALIFORNIA,Royalties,Oil & Gas,Gas,Unprocessed Gas," 2,082 "
7/1/2026,Federal,Onshore,CA,Los Angeles,06037,CALIFORNIA,Royalties,Oil & Gas,Oil,Oil," 32,440 "
7/1/2026,Federal,Onshore,CA,Mono,06051,CALIFORNIA,Royalties,Geothermal,Geothermal,"Geothermal - Electrical Generation, Kilowatt Hours"," 186,984 "
7/1/2026,Federal,Onshore,CA,Monterey,06053,CALIFORNIA,Royalties,Oil & Gas,Oil,Oil," 1,021 "
7/1/2026,Federal,Onshore,CA,Sacramento,06067,CALIFORNIA,Royalties,Oil & Gas,Gas,Processed (Residue) Gas, 101 
7/1/2026,Federal,Onshore,CA,San Bernardino,06071,CALIFORNIA,Other Revenues,Sodium,Sodium,, (27)
7/1/2026,Federal,Onshore,CA,San Bernardino,06071,CALIFORNIA,Royalties,Sodium,Sodium,Calcium Chloride, -   
7/1/2026,Federal,Onshore,CA,San Bernardino,06071,CALIFORNIA,Royalties,Sodium,Sodium,Salt, 308 
7/1/2026,Federal,Onshore,CA,San Joaquin,06077,CALIFORNIA,Royalties,Oil & Gas,Gas,Unprocessed Gas, 898 
7/1/2026,Federal,Onshore,CA,San Luis Obispo,06079,CALIFORNIA,Other Revenues,Oil & Gas,Oil & Gas,, 214 
7/1/2026,Federal,Onshore,CA,San Luis Obispo,06079,CALIFORNIA,Royalties,Oil & Gas,Oil,Oil," 11,017 "
7/1/2026,Federal,Onshore,CA,Santa Barbara,06083,CALIFORNIA,Other Revenues,Oil & Gas,Oil & Gas,, 682 
7/1/2026,Federal,Onshore,CA,Santa Barbara,06083,CALIFORNIA,Rents,Oil & Gas,Oil & Gas,, 14 
7/1/2026,Federal,Onshore,CA,Santa Barbara,06083,CALIFORNIA,Royalties,Oil & Gas,Oil,Oil," 37,314 "
7/1/2026,Federal,Onshore,CA,Solano,06095,CALIFORNIA,Royalties,Oil & Gas,Gas,Processed (Residue) Gas," 1,190 "
7/1/2026,Federal,Onshore,CA,Solano,06095,CALIFORNIA,Royalties,Oil & Gas,Gas,Unprocessed Gas, 102 
7/1/2026,Federal,Onshore,CA,Sonoma,06097,CALIFORNIA,Royalties,Geothermal,Geothermal,"Geothermal - Electrical Generation, Thousands of Pounds"," 397,354 "
7/1/2026,Federal,Onshore,CA,Ventura,06111,CALIFORNIA,Royalties,Oil & Gas,Gas,Pipeline Fuel/Loss, 81 
7/1/2026,Federal,Onshore,CA,Ventura,06111,CALIFORNIA,Royalties,Oil & Gas,Gas,Processed (Residue) Gas," 5,096 "
7/1/2026,Federal,Onshore,CA,Ventura,06111,CALIFORNIA,Royalties,Oil & Gas,NGL,Gas Plant Products," 5,627 "
7/1/2026,Federal,Onshore,CA,Ventura,06111,CALIFORNIA,Royalties,Oil & Gas,Oil,Oil," 158,440 "
7/1/2026,Federal,Onshore,CO,Adams,08001,COLORADO,Rents,Oil & Gas,Oil & Gas,, 28 
7/1/2026,Federal,Onshore,CO,Adams,08001,COLORADO,Royalties,Oil & Gas,Gas,Pipeline Fuel/Loss, 8 
7/1/2026,Federal,Onshore,CO,Adams,08001,COLORADO,Royalties,Oil & Gas,Gas,Processed (Residue) Gas," 2,305 "
7/1/2026,Federal,Onshore,CO,Adams,08001,COLORADO,Royalties,Oil & Gas,Gas,Unprocessed Gas, 17 
7/1/2026,Federal,Onshore,CO,Adams,08001,COLORADO,Royalties,Oil & Gas,NGL,Gas Plant Products," 14,358 "
7/1/2026,Federal,Onshore,CO,Adams,08001,COLORADO,Royalties,Oil & Gas,Oil,Condensate, 961 
7/1/2026,Federal,Onshore,CO,Adams,08001,COLORADO,Royalties,Oil & Gas,Oil,Oil," 68,608 "
7/1/2026,Federal,Onshore,CO,Arapahoe,08005,COLORADO,Royalties,Oil & Gas,Gas,Pipeline Fuel/Loss, 6 
7/1/2026,Federal,Onshore,CO,Arapahoe,08005,COLORADO,Royalties,Oil & Gas,Gas,Processed (Residue) Gas," 1,189 "
7/1/2026,Federal,Onshore,CO,Arapahoe,08005,COLORADO,Royalties,Oil & Gas,NGL,Gas Plant Products," 5,799 "
7/1/2026,Federal,Onshore,CO,Arapahoe,08005,COLORADO,Royalties,Oil & Gas,Oil,Condensate, 656 
7/1/2026,Federal,Onshore,CO,Arapahoe,08005,COLORADO,Royalties,Oil & Gas,Oil,Oil," 48,474 "
7/1/2026,Federal,Onshore,CO,Archuleta,08007,COLORADO,Other Revenues,Oil & Gas,Oil & Gas,," 1,703 "
7/1/2026,Federal,Onshore,CO,Archuleta,08007,COLORADO,Rents,Oil & Gas,Oil & Gas,, 331 
7/1/2026,Federal,Onshore,CO,Archuleta,08007,COLORADO,Royalties,Oil & Gas,Gas,Coal Bed Methane," 12,348 "
7/1/2026,Federal,Onshore,CO,Bent,08011,COLORADO,Other Revenues,Oil & Gas,Oil & Gas,, 835 
7/1/2026,Federal,Onshore,CO,Broomfield,08014,COLORADO,Royalties,Oil & Gas,Gas,Pipeline Fuel/Loss, 0 
7/1/2026,Federal,Onshore,CO,Broomfield,08014,COLORADO,Royalties,Oil & Gas,Gas,Processed (Residue) Gas, 60 
7/1/2026,Federal,Onshore,CO,Broomfield,08014,COLORADO,Royalties,Oil & Gas,Gas,Unprocessed Gas, 0 
7/1/2026,Federal,Onshore,CO,Broomfield,08014,COLORADO,Royalties,Oil & Gas,NGL,Gas Plant Products, 216 
7/1/2026,Federal,Onshore,CO,Broomfield,08014,COLORADO,Royalties,Oil & Gas,Oil,Oil, 399 
7/1/2026,Federal,Onshore,CO,Cheyenne,08017,COLORADO,Royalties,Oil & Gas,Oil,Oil, 688 
7/1/2026,Federal,Onshore,CO,Delta,08029,COLORADO,Other Revenues,Oil & Gas,Oil & Gas,," 3,206 "
7/1/2026,Federal,Onshore,CO,Delta,08029,COLORADO,Rents,Oil & Gas,Oil & Gas,, 368 
7/1/2026,Federal,Onshore,CO,Delta,08029,COLORADO,Royalties,Oil & Gas,Gas,Coal Bed Methane, 124 
7/1/2026,Federal,Onshore,CO,Delta,08029,COLORADO,Royalties,Oil & Gas,Gas,Unprocessed Gas," 10,015 "
7/1/2026,Federal,Onshore,CO,Dolores,08033,COLORADO,Other Revenues,Oil & Gas,Oil & Gas,," 18,656 "
7/1/2026,Federal,Onshore,CO,Dolores,08033,COLORADO,Rents,Oil & Gas,Oil & Gas,, 720 
7/1/2026,Federal,Onshore,CO,Dolores,08033,COLORADO,Royalties,Oil & Gas,Carbon Dioxide,Carbon Dioxide Gas (CO2)," 426,618 "
7/1/2026,Federal,Onshore,CO,Dolores,08033,COLORADO,Royalties,Oil & Gas,Oil,Oil, 155 
7/1/2026,Federal,Onshore,CO,Garfield,08045,COLORADO,Other Revenues,Oil & Gas,Oil & Gas,," 147,540 "
7/1/2026,Federal,Onshore,CO,Garfield,08045,COLORADO,Rents,Oil & Gas,Oil & Gas,," 3,258 "
7/1/2026,Federal,Onshore,CO,Garfield,08045,COLORADO,Royalties,Oil & Gas,Carbon Dioxide,Carbon Dioxide Gas (CO2), 735 
7/1/2026,Federal,Onshore,CO,Garfield,08045,COLORADO,Royalties,Oil & Gas,Gas,Flared Gas Well Gas, 107 
7/1/2026,Federal,Onshore,CO,Garfield,08045,COLORADO,Royalties,Oil & Gas,Gas,Pipeline Fuel/Loss," 7,248 "
7/1/2026,Federal,Onshore,CO,Garfield,08045,COLORADO,Royalties,Oil & Gas,Gas,Processed (Residue) Gas," 366,261 "
7/1/2026,Federal,Onshore,CO,Garfield,08045,COLORADO,Royalties,Oil & Gas,Gas,Unprocessed Gas, 573 
7/1/2026,Federal,Onshore,CO,Garfield,08045,COLORADO,Royalties,Oil & Gas,NGL,Gas Plant Products," 448,263 "
7/1/2026,Federal,Onshore,CO,Garfield,08045,COLORADO,Royalties,Oil & Gas,Oil,Condensate," 277,258 "
7/1/2026,Federal,Onshore,CO,Garfield,08045,COLORADO,Royalties,Oil & Gas,Oil,Drip or Scrubber Condensate," 11,711 "
7/1/2026,Federal,Onshore,CO,Garfield,08045,COLORADO,Royalties,Oil & Gas,Oil,Inlet Scrubber, (70)
7/1/2026,Federal,Onshore,CO,Gunnison,08051,COLORADO,Rents,Coal,Coal,," 2,178 "
7/1/2026,Federal,Onshore,CO,Gunnison,08051,COLORADO,Rents,Oil & Gas,Oil & Gas,," 6,928 "
7/1/2026,Federal,Onshore,CO,Gunnison,08051,COLORADO,Royalties,Coal,Coal,Coal," 2,000,482 "
7/1/2026,Federal,Onshore,CO,Gunnison,08051,COLORADO,Royalties,Oil & Gas,Gas,Coal Bed Methane, 109 
7/1/2026,Federal,Onshore,CO,Gunnison,08051,COLORADO,Royalties,Oil & Gas,Gas,Unprocessed Gas," 28,136 "
7/1/2026,Federal,Onshore,CO,Gunnison,08051,COLORADO,Royalties,Oil & Gas,Oil,Condensate," 5,113 "
7/1/2026,Federal,Onshore,CO,Huerfano,08055,COLORADO,Royalties,Oil & Gas,Carbon Dioxide,Carbon Dioxide Gas (CO2)," 11,583 "
7/1/2026,Federal,Onshore,CO,Jackson,08057,COLORADO,Other Revenues,Oil & Gas,Oil & Gas,, 734 
7/1/2026,Federal,Onshore,CO,Jackson,08057,COLORADO,Rents,Oil & Gas,Oil & Gas,, 120 
7/1/2026,Federal,Onshore,CO,Jackson,08057,COLORADO,Royalties,Oil & Gas,Gas,Unprocessed Gas," 2,918 "
7/1/2026,Federal,Onshore,CO,Jackson,08057,COLORADO,Royalties,Oil & Gas,Oil,Oil," 112,822 "
7/1/2026,Federal,Onshore,CO,Kiowa,08061,COLORADO,Royalties,Oil & Gas,Oil,Oil," 3,754 "
7/1/2026,Federal,Onshore,CO,La Plata,08067,COLORADO,Other Revenues,Oil & Gas,Oil & Gas,," 7,427 "
7/1/2026,Federal,Onshore,CO,La Plata,08067,COLORADO,Royalties,Coal,Coal,Coal," 51,687 "
7/1/2026,Federal,Onshore,CO,La Plata,08067,COLORADO,Royalties,Oil & Gas,Gas,Coal Bed Methane," 43,269 "
7/1/2026,Federal,Onshore,CO,La Plata,08067,COLORADO,Royalties,Oil & Gas,Gas,Pipeline Fuel/Loss, (98)
7/1/2026,Federal,Onshore,CO,La Plata,08067,COLORADO,Royalties,Oil & Gas,NGL,Gas Plant Products, 393 
7/1/2026,Federal,Onshore,CO,Larimer,08069,COLORADO,Royalties,Oil & Gas,Oil,Oil, 428 
7/1/2026,Federal,Onshore,CO,Las Animas,08071,COLORADO,Other Revenues,Oil & Gas,Oil & Gas,, 960 
7/1/2026,Federal,Onshore,CO,Las Animas,08071,COLORADO,Rents,Oil & Gas,Oil & Gas,," 10,188 "
7/1/2026,Federal,Onshore,CO,Las Animas,08071,COLORADO,Royalties,Oil & Gas,Gas,Coal Bed Methane," 19,839 "
7/1/2026,Federal,Onshore,CO,Mesa,08077,COLORADO,Bonus,Oil & Gas,Oil & Gas,," 127,248 "
7/1/2026,Federal,Onshore,CO,Mesa,08077,COLORADO,Other Revenues,Oil & Gas,Oil & Gas,," 87,392 "
7/1/2026,Federal,Onshore,CO,Mesa,08077,COLORADO,Rents,Oil & Gas,Oil & Gas,," 2,323 "
7/1/2026,Federal,Onshore,CO,Mesa,08077,COLORADO,Royalties,Oil & Gas,Gas,Coal Bed Methane, 19 
7/1/2026,Federal,Onshore,CO,Mesa,08077,COLORADO,Royalties,Oil & Gas,Gas,Pipeline Fuel/Loss," 4,307 "
7/1/2026,Federal,Onshore,CO,Mesa,08077,COLORADO,Royalties,Oil & Gas,Gas,Processed (Residue) Gas," 136,681 "
7/1/2026,Federal,Onshore,CO,Mesa,08077,COLORADO,Royalties,Oil & Gas,Gas,Unprocessed Gas, 216 
7/1/2026,Federal,Onshore,CO,Mesa,08077,COLORADO,Royalties,Oil & Gas,NGL,Gas Plant Products," 27,210 "
7/1/2026,Federal,Onshore,CO,Mesa,08077,COLORADO,Royalties,Oil & Gas,Oil,Condensate," 19,497 "
7/1/2026,Federal,Onshore,CO,Mesa,08077,COLORADO,Royalties,Oil & Gas,Oil,Drip or Scrubber Condensate, 50 
7/1/2026,Federal,Onshore,CO,Moffat,08081,COLORADO,Bonus,Oil & Gas,Oil & Gas,," 2,791,996 "
7/1/2026,Federal,Onshore,CO,Moffat,08081,COLORADO,Other Revenues,Coal,Coal,," 1,161 "
7/1/2026,Federal,Onshore,CO,Moffat,08081,COLORADO,Other Revenues,Oil & Gas,Oil & Gas,," 21,551 "
7/1/2026,Federal,Onshore,CO,Moffat,08081,COLORADO,Rents,Oil & Gas,Oil & Gas,," 107,580 "
7/1/2026,Federal,Onshore,CO,Moffat,08081,COLORADO,Royalties,Coal,Coal,Coal," 791,197 "
7/1/2026,Federal,Onshore,CO,Moffat,08081,COLORADO,Royalties,Oil & Gas,Gas,Flared Oil Well Gas, 1 
7/1/2026,Federal,Onshore,CO,Moffat,08081,COLORADO,Royalties,Oil & Gas,Gas,Processed (Residue) Gas," 15,978 "
7/1/2026,Federal,Onshore,CO,Moffat,08081,COLORADO,Royalties,Oil & Gas,Gas,Unprocessed Gas," 32,413 "
7/1/2026,Federal,Onshore,CO,Moffat,08081,COLORADO,Royalties,Oil & Gas,NGL,Gas Plant Products," 23,323 "
7/1/2026,Federal,Onshore,CO,Moffat,08081,COLORADO,Royalties,Oil & Gas,Oil,Condensate," 27,152 "
7/1/2026,Federal,Onshore,CO,Moffat,08081,COLORADO,Royalties,Oil & Gas,Oil,Drip or Scrubber Condensate," 2,236 "
7/1/2026,Federal,Onshore,CO,Moffat,08081,COLORADO,Royalties,Oil & Gas,Oil,Oil," 43,746 "
7/1/2026,Federal,Onshore,CO,Montezuma,08083,COLORADO,Other Revenues,Oil & Gas,Oil & Gas,," 80,588 "
7/1/2026,Federal,Onshore,CO,Montezuma,08083,COLORADO,Royalties,Oil & Gas,Carbon Dioxide,Carbon Dioxide Gas (CO2)," 2,374,575 "
7/1/2026,Federal,Onshore,CO,Montezuma,08083,COLORADO,Royalties,Oil & Gas,Gas,Unprocessed Gas, 26 
7/1/2026,Federal,Onshore,CO,Montezuma,08083,COLORADO,Royalties,Oil & Gas,Oil,Oil," 37,335 "
7/1/2026,Federal,Onshore,CO,Pitkin,08097,COLORADO,Other Revenues,Oil & Gas,Oil & Gas,," 4,862 "
7/1/2026,Federal,Onshore,CO,Prowers,08099,COLORADO,Other Revenues,Oil & Gas,Oil & Gas,, 320 
7/1/2026,Federal,Onshore,CO,Prowers,08099,COLORADO,Royalties,Oil & Gas,Gas,Unprocessed Gas, 1 
7/1/2026,Federal,Onshore,CO,Rio Blanco,08103,COLORADO,Bonus,Oil & Gas,Oil & Gas,," 1,445,210 "
7/1/2026,Federal,Onshore,CO,Rio Blanco,08103,COLORADO,Other Revenues,Coal,Coal,, 0 
7/1/2026,Federal,Onshore,CO,Rio Blanco,08103,COLORADO,Other Revenues,Oil & Gas,Oil & Gas,," 112,925 "
7/1/2026,Federal,Onshore,CO,Rio Blanco,08103,COLORADO,Other Revenues,Sodium,Sodium,," 19,374 "
7/1/2026,Federal,Onshore,CO,Rio Blanco,08103,COLORADO,Rents,Oil & Gas,Oil & Gas,," 79,911 "
7/1/2026,Federal,Onshore,CO,Rio Blanco,08103,COLORADO,Rents,Sodium,Sodium,," 15,030 "
7/1/2026,Federal,Onshore,CO,Rio Blanco,08103,COLORADO,Royalties,Coal,Coal,Coal," 186,750 "
7/1/2026,Federal,Onshore,CO,Rio Blanco,08103,COLORADO,Royalties,Oil & Gas,Gas,Flared Gas Well Gas, 16 
7/1/2026,Federal,Onshore,CO,Rio Blanco,08103,COLORADO,Royalties,Oil & Gas,Gas,Flared Oil Well Gas, 8 
7/1/2026,Federal,Onshore,CO,Rio Blanco,08103,COLORADO,Royalties,Oil & Gas,Gas,Pipeline Fuel/Loss," 22,351 "
7/1/2026,Federal,Onshore,CO,Rio Blanco,08103,COLORADO,Royalties,Oil & Gas,Gas,Processed (Residue) Gas," 377,390 "
7/1/2026,Federal,Onshore,CO,Rio Blanco,08103,COLORADO,Royalties,Oil & Gas,Gas,Unprocessed Gas," 2,481 "
7/1/2026,Federal,Onshore,CO,Rio Blanco,08103,COLORADO,Royalties,Oil & Gas,NGL,Gas Plant Products," 497,505 "
7/1/2026,Federal,Onshore,CO,Rio Blanco,08103,COLORADO,Royalties,Oil & Gas,Oil,Condensate," 350,324 "
7/1/2026,Federal,Onshore,CO,Rio Blanco,08103,COLORADO,Royalties,Oil & Gas,Oil,Drip or Scrubber Condensate," 34,299 "
7/1/2026,Federal,Onshore,CO,Rio Blanco,08103,COLORADO,Royalties,Oil & Gas,Oil,Oil," 1,473,733 "
7/1/2026,Federal,Onshore,CO,Rio Blanco,08103,COLORADO,Royalties,Sodium,Sodium,Sodium Bi-Carbonate," 242,847 "
7/1/2026,Federal,Onshore,CO,Routt,08107,COLORADO,Bonus,Oil & Gas,Oil & Gas,," 313,484 "
7/1/2026,Federal,Onshore,CO,Routt,08107,COLORADO,Other Revenues,Oil & Gas,Oil & Gas,, 350 
7/1/2026,Federal,Onshore,CO,Routt,08107,COLORADO,Rents,Oil & Gas,Oil & Gas,," 37,905 "
7/1/2026,Federal,Onshore,CO,Routt,08107,COLORADO,Royalties,Oil & Gas,Gas,Unprocessed Gas," 2,571 "
7/1/2026,Federal,Onshore,CO,Routt,08107,COLORADO,Royalties,Oil & Gas,NGL,Gas Plant Products, 483 
7/1/2026,Federal,Onshore,CO,Routt,08107,COLORADO,Royalties,Oil & Gas,Oil,Oil," 31,727 "
7/1/2026,Federal,Onshore,CO,San Juan,08111,COLORADO,Royalties,Oil & Gas,Gas,Coal Bed Methane, 97 
7/1/2026,Federal,Onshore,CO,San Miguel,08113,COLORADO,Other Revenues,Oil & Gas,Oil & Gas,," 34,766 "
7/1/2026,Federal,Onshore,CO,San Miguel,08113,COLORADO,Rents,Oil & Gas,Oil & Gas,," 5,869 "
7/1/2026,Federal,Onshore,CO,Washington,08121,COLORADO,Other Revenues,Oil & Gas,Oil & Gas,, 218 
7/1/2026,Federal,Onshore,CO,Washington,08121,COLORADO,Royalties,Oil & Gas,Gas,Unprocessed Gas, 120 
7/1/2026,Federal,Onshore,CO,Washington,08121,COLORADO,Royalties,Oil & Gas,Oil,Oil," 1,206 "
7/1/2026,Federal,Onshore,CO,Weld,08123,COLORADO,Other Revenues,Oil & Gas,Oil & Gas,," 40,871 "
7/1/2026,Federal,Onshore,CO,Weld,08123,COLORADO,Rents,Oil & Gas,Oil & Gas,," 6,208 "
7/1/2026,Federal,Onshore,CO,Weld,08123,COLORADO,Royalties,Oil & Gas,Gas,Pipeline Fuel/Loss," 31,738 "
7/1/2026,Federal,Onshore,CO,Weld,08123,COLORADO,Royalties,Oil & Gas,Gas,Processed (Residue) Gas," 183,325 "
7/1/2026,Federal,Onshore,CO,Weld,08123,COLORADO,Royalties,Oil & Gas,Gas,Unprocessed Gas," 3,409 "
7/1/2026,Federal,Onshore,CO,Weld,08123,COLORADO,Royalties,Oil & Gas,NGL,Gas Plant Products," 614,242 "
7/1/2026,Federal,Onshore,CO,Weld,08123,COLORADO,Royalties,Oil & Gas,Oil,Condensate," 17,281 "
7/1/2026,Federal,Onshore,CO,Weld,08123,COLORADO,Royalties,Oil & Gas,Oil,Drip or Scrubber Condensate," 21,621 "
7/1/2026,Federal,Onshore,CO,Weld,08123,COLORADO,Royalties,Oil & Gas,Oil,Inlet Scrubber," 11,627 "
7/1/2026,Federal,Onshore,CO,Weld,08123,COLORADO,Royalties,Oil & Gas,Oil,Oil," 3,694,790 "
7/1/2026,Federal,Onshore,CO,Weld,08123,COLORADO,Royalties,Oil & Gas,Oil,Other Liquid Hydrocarbons, -   
7/1/2026,Federal,Onshore,CO,Yuma,08125,COLORADO,Other Revenues,Oil & Gas,Oil & Gas,, 193 
7/1/2026,Federal,Onshore,CO,Yuma,08125,COLORADO,Royalties,Oil & Gas,Gas,Unprocessed Gas," 6,153 "
7/1/2026,Federal,Onshore,ID,Bannock,16005,IDAHO,Royalties,Phosphate,Phosphate,Phosphate Raw Ore, -   
7/1/2026,Federal,Onshore,ID,Bingham,16011,IDAHO,Royalties,Phosphate,Phosphate,Phosphate Raw Ore, -   
7/1/2026,Federal,Onshore,ID,Caribou,16029,IDAHO,Other Revenues,Phosphate,Phosphate,," 5,760 "
7/1/2026,Federal,Onshore,ID,Caribou,16029,IDAHO,Rents,Phosphate,Phosphate,," (1,810)"
7/1/2026,Federal,Onshore,ID,Caribou,16029,IDAHO,Royalties,Phosphate,Phosphate,Ferro Phosphorous Slag, -   
7/1/2026,Federal,Onshore,ID,Caribou,16029,IDAHO,Royalties,Phosphate,Phosphate,Phosphate Raw Ore," 2,423,567 "
7/1/2026,Federal,Onshore,ID,Clark,16033,IDAHO,Other Revenues,Phosphate,Phosphate,, 666 
7/1/2026,Federal,Onshore,ID,Clark,16033,IDAHO,Rents,Phosphate,Phosphate,, 222 
7/1/2026,Federal,Onshore,ID,Clark,16033,IDAHO,Royalties,Phosphate,Phosphate,Phosphate Raw Ore, -   
7/1/2026,Federal,Onshore,IL,Clinton,17027,EAST STATES,Royalties,Oil & Gas,Oil,Oil," 4,689 "
7/1/2026,Federal,Onshore,IL,Franklin,17055,EAST STATES,Royalties,Oil & Gas,Oil,Oil," 6,461 "
7/1/2026,Federal,Onshore,KS,Comanche,20033,NEW MEXICO,Royalties,Oil & Gas,Gas,Unprocessed Gas, 30 
7/1/2026,Federal,Onshore,KS,Finney,20055,NEW MEXICO,Other Revenues,Oil & Gas,Oil & Gas,, 121 
7/1/2026,Federal,Onshore,KS,Finney,20055,NEW MEXICO,Royalties,Oil & Gas,Gas,Pipeline Fuel/Loss, 70 
7/1/2026,Federal,Onshore,KS,Finney,20055,NEW MEXICO,Royalties,Oil & Gas,Gas,Processed (Residue) Gas," 4,458 "
7/1/2026,Federal,Onshore,KS,Finney,20055,NEW MEXICO,Royalties,Oil & Gas,Gas,Unprocessed Gas, 37 
7/1/2026,Federal,Onshore,KS,Finney,20055,NEW MEXICO,Royalties,Oil & Gas,NGL,Gas Plant Products," 3,761 "
7/1/2026,Federal,Onshore,KS,Finney,20055,NEW MEXICO,Royalties,Oil & Gas,Oil,Oil," 42,110 "
7/1/2026,Federal,Onshore,KS,Grant,20067,NEW MEXICO,Royalties,Oil & Gas,Gas,Pipeline Fuel/Loss, 5 
7/1/2026,Federal,Onshore,KS,Grant,20067,NEW MEXICO,Royalties,Oil & Gas,Gas,Processed (Residue) Gas, 367 
7/1/2026,Federal,Onshore,KS,Grant,20067,NEW MEXICO,Royalties,Oil & Gas,NGL,Gas Plant Products, 316 
7/1/2026,Federal,Onshore,KS,Hamilton,20075,NEW MEXICO,Other Revenues,Oil & Gas,Oil & Gas,, 40 
7/1/2026,Federal,Onshore,KS,Hamilton,20075,NEW MEXICO,Royalties,Oil & Gas,Gas,Pipeline Fuel/Loss, 2 
7/1/2026,Federal,Onshore,KS,Hamilton,20075,NEW MEXICO,Royalties,Oil & Gas,Gas,Processed (Residue) Gas, 8 
7/1/2026,Federal,Onshore,KS,Hamilton,20075,NEW MEXICO,Royalties,Oil & Gas,Gas,Unprocessed Gas, 426 
7/1/2026,Federal,Onshore,KS,Hamilton,20075,NEW MEXICO,Royalties,Oil & Gas,NGL,Gas Plant Products, 2 
7/1/2026,Federal,Onshore,KS,Haskell,20081,NEW MEXICO,Other Revenues,Oil & Gas,Oil & Gas,, 22 
7/1/2026,Federal,Onshore,KS,Haskell,20081,NEW MEXICO,Royalties,Oil & Gas,Gas,Processed (Residue) Gas," 1,779 "
7/1/2026,Federal,Onshore,KS,Haskell,20081,NEW MEXICO,Royalties,Oil & Gas,NGL,Gas Plant Products," 1,395 "
7/1/2026,Federal,Onshore,KS,Haskell,20081,NEW MEXICO,Royalties,Oil & Gas,Oil,Oil," 3,937 "
7/1/2026,Federal,Onshore,KS,Kearny,20093,NEW MEXICO,Other Revenues,Oil & Gas,Oil & Gas,, 34 
7/1/2026,Federal,Onshore,KS,Kearny,20093,NEW MEXICO,Royalties,Oil & Gas,Gas,Pipeline Fuel/Loss, 87 
7/1/2026,Federal,Onshore,KS,Kearny,20093,NEW MEXICO,Royalties,Oil & Gas,Gas,Processed (Residue) Gas," 10,121 "
7/1/2026,Federal,Onshore,KS,Kearny,20093,NEW MEXICO,Royalties,Oil & Gas,Gas,Unprocessed Gas, 21 
7/1/2026,Federal,Onshore,KS,Kearny,20093,NEW MEXICO,Royalties,Oil & Gas,NGL,Gas Plant Products," 9,479 "
7/1/2026,Federal,Onshore,KS,Kearny,20093,NEW MEXICO,Royalties,Oil & Gas,Oil,Oil," 1,886 "
7/1/2026,Federal,Onshore,KS,Lane,20101,NEW MEXICO,Royalties,Oil & Gas,Oil,Oil," 1,507 "
7/1/2026,Federal,Onshore,KS,Meade,20119,NEW MEXICO,Royalties,Oil & Gas,Gas,Unprocessed Gas, 1 
7/1/2026,Federal,Onshore,KS,Morton,20129,NEW MEXICO,Other Revenues,Oil & Gas,Oil & Gas,," 1,547 "
7/1/2026,Federal,Onshore,KS,Morton,20129,NEW MEXICO,Royalties,Oil & Gas,Gas,Pipeline Fuel/Loss, 50 
7/1/2026,Federal,Onshore,KS,Morton,20129,NEW MEXICO,Royalties,Oil & Gas,Gas,Processed (Residue) Gas," 50,580 "
7/1/2026,Federal,Onshore,KS,Morton,20129,NEW MEXICO,Royalties,Oil & Gas,NGL,Gas Plant Products," 14,727 "
7/1/2026,Federal,Onshore,KS,Morton,20129,NEW MEXICO,Royalties,Oil & Gas,Oil,Oil," 27,012 "
7/1/2026,Federal,Onshore,KS,Seward,20175,NEW MEXICO,Royalties,Oil & Gas,Gas,Processed (Residue) Gas, 345 
7/1/2026,Federal,Onshore,KS,Seward,20175,NEW MEXICO,Royalties,Oil & Gas,Gas,Unprocessed Gas, 98 
7/1/2026,Federal,Onshore,KS,Seward,20175,NEW MEXICO,Royalties,Oil & Gas,NGL,Gas Plant Products, 173 
7/1/2026,Federal,Onshore,KS,Stanton,20187,NEW MEXICO,Royalties,Oil & Gas,Gas,Pipeline Fuel/Loss, 7 
7/1/2026,Federal,Onshore,KS,Stanton,20187,NEW MEXICO,Royalties,Oil & Gas,Gas,Processed (Residue) Gas, 147 
7/1/2026,Federal,Onshore,KS,Stanton,20187,NEW MEXICO,Royalties,Oil & Gas,NGL,Gas Plant Products, 48 
7/1/2026,Federal,Onshore,KS,Stevens,20189,NEW MEXICO,Other Revenues,Oil & Gas,Oil & Gas,, (3)
7/1/2026,Federal,Onshore,KS,Stevens,20189,NEW MEXICO,Royalties,Oil & Gas,Gas,Pipeline Fuel/Loss, 58 
7/1/2026,Federal,Onshore,KS,Stevens,20189,NEW MEXICO,Royalties,Oil & Gas,Gas,Processed (Residue) Gas," 2,107 "
7/1/2026,Federal,Onshore,KS,Stevens,20189,NEW MEXICO,Royalties,Oil & Gas,NGL,Gas Plant Products," 1,170 "
7/1/2026,Federal,Onshore,KS,Trego,20195,NEW MEXICO,Royalties,Oil & Gas,Oil,Oil," 1,778 "
7/1/2026,Federal,Onshore,KY,Clay,21051,EAST STATES,Other Revenues,Oil & Gas,Oil & Gas,, 28 
7/1/2026,Federal,Onshore,KY,Clay,21051,EAST STATES,Royalties,Oil & Gas,Gas,Unprocessed Gas, 762 
7/1/2026,Federal,Onshore,KY,Clay,21051,EAST STATES,Royalties,Oil & Gas,Oil,Oil, 373 
7/1/2026,Federal,Onshore,KY,Lawrence,21127,EAST STATES,Other Revenues,Oil & Gas,Oil & Gas,, 11 
7/1/2026,Federal,Onshore,KY,Leslie,21131,EAST STATES,Other Revenues,Oil & Gas,Oil & Gas,, 886 
7/1/2026,Federal,Onshore,KY,Leslie,21131,EAST STATES,Royalties,Oil & Gas,Gas,Unprocessed Gas," 1,322 "
7/1/2026,Federal,Onshore,KY,Leslie,21131,EAST STATES,Royalties,Oil & Gas,Oil,Oil, 410 
7/1/2026,Federal,Onshore,KY,Letcher,21133,EAST STATES,Royalties,Oil & Gas,Gas,Unprocessed Gas, 23 
7/1/2026,Federal,Onshore,KY,Mccreary,21147,EAST STATES,Royalties,Oil & Gas,Gas,Unprocessed Gas, 16 
7/1/2026,Federal,Onshore,KY,Meade,21163,EAST STATES,Other Revenues,Oil & Gas,Oil & Gas,," 11,792 "
7/1/2026,Federal,Onshore,KY,Owsley,21189,EAST STATES,Royalties,Oil & Gas,Gas,Unprocessed Gas, 175 
7/1/2026,Federal,Onshore,KY,Whitley,21235,EAST STATES,Royalties,Oil & Gas,Gas,Unprocessed Gas, 214 
7/1/2026,Federal,Onshore,LA,Bienville,22013,EAST STATES,Other Revenues,Oil & Gas,Oil & Gas,, 147 
7/1/2026,Federal,Onshore,LA,Bienville,22013,EAST STATES,Royalties,Oil & Gas,Gas,Unprocessed Gas," 8,655 "
7/1/2026,Federal,Onshore,LA,Bossier,22015,EAST STATES,Other Revenues,Oil & Gas,Oil & Gas,," (18,870)"
7/1/2026,Federal,Onshore,LA,Bossier,22015,EAST STATES,Royalties,Oil & Gas,Gas,Pipeline Fuel/Loss, 249 
7/1/2026,Federal,Onshore,LA,Bossier,22015,EAST STATES,Royalties,Oil & Gas,Gas,Processed (Residue) Gas," 218,305 "
7/1/2026,Federal,Onshore,LA,Bossier,22015,EAST STATES,Royalties,Oil & Gas,Gas,Unprocessed Gas," 408,078 "
7/1/2026,Federal,Onshore,LA,Bossier,22015,EAST STATES,Royalties,Oil & Gas,NGL,Gas Plant Products," (73,990)"
7/1/2026,Federal,Onshore,LA,Bossier,22015,EAST STATES,Royalties,Oil & Gas,Oil,Condensate," 43,092 "
7/1/2026,Federal,Onshore,LA,Caddo,22017,EAST STATES,Other Revenues,Oil & Gas,Oil & Gas,," 1,796 "
7/1/2026,Federal,Onshore,LA,Caddo,22017,EAST STATES,Rents,Oil & Gas,Oil & Gas,, 200 
7/1/2026,Federal,Onshore,LA,Caddo,22017,EAST STATES,Royalties,Oil & Gas,Gas,Processed (Residue) Gas," 29,516 "
7/1/2026,Federal,Onshore,LA,Caddo,22017,EAST STATES,Royalties,Oil & Gas,Gas,Unprocessed Gas," 71,021 "
7/1/2026,Federal,Onshore,LA,Caddo,22017,EAST STATES,Royalties,Oil & Gas,Oil,Oil, 804 
7/1/2026,Federal,Onshore,LA,Cameron,22023,EAST STATES,Royalties,Oil & Gas,Gas,Unprocessed Gas," 4,546 "
7/1/2026,Federal,Onshore,LA,Cameron,22023,EAST STATES,Royalties,Oil & Gas,Oil,Oil," 4,476 "
7/1/2026,Federal,Onshore,LA,Claiborne,22027,EAST STATES,Other Revenues,Oil & Gas,Oil & Gas,, 10 
7/1/2026,Federal,Onshore,LA,Claiborne,22027,EAST STATES,Royalties,Oil & Gas,Gas,Pipeline Fuel/Loss, 28 
7/1/2026,Federal,Onshore,LA,Claiborne,22027,EAST STATES,Royalties,Oil & Gas,Gas,Processed (Residue) Gas, 483 
7/1/2026,Federal,Onshore,LA,Claiborne,22027,EAST STATES,Royalties,Oil & Gas,NGL,Gas Plant Products, 592 
7/1/2026,Federal,Onshore,LA,Claiborne,22027,EAST STATES,Royalties,Oil & Gas,Oil,Condensate, 134 
7/1/2026,Federal,Onshore,LA,Claiborne,22027,EAST STATES,Royalties,Oil & Gas,Oil,Oil," 2,628 "
7/1/2026,Federal,Onshore,LA,De Soto,22031,EAST STATES,Other Revenues,Oil & Gas,Oil & Gas,, 47 
7/1/2026,Federal,Onshore,LA,De Soto,22031,EAST STATES,Royalties,Oil & Gas,Gas,Unprocessed Gas," 344,398 "
7/1/2026,Federal,Onshore,LA,East Baton Rouge,22033,EAST STATES,Other Revenues,Oil & Gas,Oil & Gas,, 20 
7/1/2026,Federal,Onshore,LA,East Baton Rouge,22033,EAST STATES,Royalties,Oil & Gas,Gas,Flared Gas Well Gas, 6 
7/1/2026,Federal,Onshore,LA,East Baton Rouge,22033,EAST STATES,Royalties,Oil & Gas,Gas,Unprocessed Gas, 131 
7/1/2026,Federal,Onshore,LA,East Baton Rouge,22033,EAST STATES,Royalties,Oil & Gas,Oil,Condensate, 478 
7/1/2026,Federal,Onshore,LA,Jefferson,22051,EAST STATES,Royalties,Oil & Gas,Gas,Unprocessed Gas, 1 
7/1/2026,Federal,Onshore,LA,Jefferson,22051,EAST STATES,Royalties,Oil & Gas,Oil,Condensate, 868 
7/1/2026,Federal,Onshore,LA,Jefferson,22051,EAST STATES,Royalties,Oil & Gas,Oil,Oil," 5,356 "
7/1/2026,Federal,Onshore,LA,Morehouse,22067,EAST STATES,Royalties,Oil & Gas,Gas,Unprocessed Gas, 22 
7/1/2026,Federal,Onshore,LA,Plaquemines,22075,EAST STATES,Royalties,Oil & Gas,Gas,Processed (Residue) Gas, 629 
7/1/2026,Federal,Onshore,LA,Plaquemines,22075,EAST STATES,Royalties,Oil & Gas,Gas,Unprocessed Gas, 505 
7/1/2026,Federal,Onshore,LA,Plaquemines,22075,EAST STATES,Royalties,Oil & Gas,NGL,Gas Plant Products, 43 
7/1/2026,Federal,Onshore,LA,Plaquemines,22075,EAST STATES,Royalties,Oil & Gas,Oil,Oil," 93,518 "
7/1/2026,Federal,Onshore,LA,Rapides,22079,EAST STATES,Royalties,Oil & Gas,Oil,Oil," 3,630 "
7/1/2026,Federal,Onshore,LA,Red River,22081,EAST STATES,Royalties,Oil & Gas,Gas,Unprocessed Gas," 28,418 "
7/1/2026,Federal,Onshore,LA,S Pass,22721,EAST STATES,Royalties,Oil & Gas,Gas,Processed (Residue) Gas, 1 
7/1/2026,Federal,Onshore,LA,S Pass,22721,EAST STATES,Royalties,Oil & Gas,Gas,Unprocessed Gas, 0 
7/1/2026,Federal,Onshore,LA,S Pass,22721,EAST STATES,Royalties,Oil & Gas,NGL,Gas Plant Products, 0 
7/1/2026,Federal,Onshore,LA,S Pass,22721,EAST STATES,Royalties,Oil & Gas,Oil,Oil, 89 
7/1/2026,Federal,Onshore,LA,Sabine,22085,EAST STATES,Royalties,Oil & Gas,Gas,Unprocessed Gas," 1,469 "
7/1/2026,Federal,Onshore,LA,St. Martin,22099,EAST STATES,Other Revenues,Oil & Gas,Oil & Gas,, 27 
7/1/2026,Federal,Onshore,LA,St. Martin,22099,EAST STATES,Royalties,Oil & Gas,Gas,Unprocessed Gas, 104 
7/1/2026,Federal,Onshore,LA,St. Martin,22099,EAST STATES,Royalties,Oil & Gas,Oil,Oil," 10,269 "
7/1/2026,Federal,Onshore,LA,W Delta,22719,EAST STATES,Royalties,Oil & Gas,Oil,Oil, 0 
7/1/2026,Federal,Onshore,LA,Webster,22119,EAST STATES,Other Revenues,Oil & Gas,Oil & Gas,, 104 
7/1/2026,Federal,Onshore,LA,Webster,22119,EAST STATES,Royalties,Oil & Gas,Gas,Pipeline Fuel/Loss, 3 
7/1/2026,Federal,Onshore,LA,Webster,22119,EAST STATES,Royalties,Oil & Gas,Gas,Processed (Residue) Gas, 76 
7/1/2026,Federal,Onshore,LA,Webster,22119,EAST STATES,Royalties,Oil & Gas,Gas,Unprocessed Gas, 144 
7/1/2026,Federal,Onshore,LA,Webster,22119,EAST STATES,Royalties,Oil & Gas,NGL,Gas Plant Products, 112 
7/1/2026,Federal,Onshore,LA,Webster,22119,EAST STATES,Royalties,Oil & Gas,Oil,Condensate, 15 
7/1/2026,Federal,Onshore,LA,Webster,22119,EAST STATES,Royalties,Oil & Gas,Oil,Oil," 8,398 "
7/1/2026,Federal,Onshore,MD,Garrett,24023,EAST STATES,Other Revenues,Oil & Gas,Oil & Gas,, 997 
7/1/2026,Federal,Onshore,MI,Alcona,26001,EAST STATES,Royalties,Oil & Gas,Gas,Processed (Residue) Gas, 26 
7/1/2026,Federal,Onshore,MI,Allegan,26005,EAST STATES,Royalties,Oil & Gas,Oil,Oil, 192 
7/1/2026,Federal,Onshore,MI,Clare,26035,EAST STATES,Rents,Oil & Gas,Oil & Gas,, 80 
7/1/2026,Federal,Onshore,MI,Clare,26035,EAST STATES,Royalties,Oil & Gas,Gas,Unprocessed Gas, 72 
7/1/2026,Federal,Onshore,MI,Clare,26035,EAST STATES,Royalties,Oil & Gas,Oil,Oil," 2,377 "
7/1/2026,Federal,Onshore,MI,Crawford,26039,EAST STATES,Royalties,Oil & Gas,Gas,Unprocessed Gas, 959 
7/1/2026,Federal,Onshore,MI,Jackson,26075,EAST STATES,Royalties,Oil & Gas,Gas,Processed (Residue) Gas, 56 
7/1/2026,Federal,Onshore,MI,Jackson,26075,EAST STATES,Royalties,Oil & Gas,NGL,Gas Plant Products, 108 
7/1/2026,Federal,Onshore,MI,Jackson,26075,EAST STATES,Royalties,Oil & Gas,Oil,Oil, 371 
7/1/2026,Federal,Onshore,MI,Kalkaska,26079,EAST STATES,Other Revenues,Oil & Gas,Oil & Gas,," 1,639 "
7/1/2026,Federal,Onshore,MI,Montmorency,26119,EAST STATES,Other Revenues,Oil & Gas,Oil & Gas,, 123 
7/1/2026,Federal,Onshore,MI,Montmorency,26119,EAST STATES,Royalties,Oil & Gas,Gas,Processed (Residue) Gas," 3,815 "
7/1/2026,Federal,Onshore,MI,Montmorency,26119,EAST STATES,Royalties,Oil & Gas,Gas,Unprocessed Gas," 3,385 "
7/1/2026,Federal,Onshore,MI,Ogemaw,26129,EAST STATES,Royalties,Oil & Gas,Gas,Pipeline Fuel/Loss, 208 
7/1/2026,Federal,Onshore,MI,Ogemaw,26129,EAST STATES,Royalties,Oil & Gas,Gas,Processed (Residue) Gas, 922 
7/1/2026,Federal,Onshore,MI,Ogemaw,26129,EAST STATES,Royalties,Oil & Gas,NGL,Gas Plant Products, 259 
7/1/2026,Federal,Onshore,MI,Oscoda,26135,EAST STATES,Royalties,Oil & Gas,Gas,Pipeline Fuel/Loss," 6,230 "
7/1/2026,Federal,Onshore,MI,Oscoda,26135,EAST STATES,Royalties,Oil & Gas,Gas,Processed (Residue) Gas," 28,786 "
7/1/2026,Federal,Onshore,MI,Oscoda,26135,EAST STATES,Royalties,Oil & Gas,Gas,Unprocessed Gas, 283 
7/1/2026,Federal,Onshore,MI,Oscoda,26135,EAST STATES,Royalties,Oil & Gas,NGL,Gas Plant Products," 7,913 "
7/1/2026,Federal,Onshore,MI,Oscoda,26135,EAST STATES,Royalties,Oil & Gas,Oil,Oil," 2,525 "
7/1/2026,Federal,Onshore,MI,Otsego,26137,EAST STATES,Royalties,Oil & Gas,Gas,Processed (Residue) Gas, 103 
7/1/2026,Federal,Onshore,MI,Roscommon,26143,EAST STATES,Royalties,Oil & Gas,Gas,Processed (Residue) Gas, 208 
7/1/2026,Federal,Onshore,MI,Roscommon,26143,EAST STATES,Royalties,Oil & Gas,Oil,Oil," 1,507 "
7/1/2026,Federal,Onshore,MN,Lake,27075,EAST STATES,Rents,Hardrock,Hardrock,," 7,706 "
7/1/2026,Federal,Onshore,MO,Crawford,29055,EAST STATES,Royalties,Hardrock,Copper,Copper Concentrate," 1,003 "
7/1/2026,Federal,Onshore,MO,Crawford,29055,EAST STATES,Royalties,Hardrock,Lead,Lead Concentrate," 2,234 "
7/1/2026,Federal,Onshore,MO,Crawford,29055,EAST STATES,Royalties,Hardrock,Zinc,Zinc Concentrate, 410 
7/1/2026,Federal,Onshore,MO,Dent,29065,EAST STATES,Royalties,Hardrock,Copper,Copper Concentrate, -   
7/1/2026,Federal,Onshore,MO,Dent,29065,EAST STATES,Royalties,Hardrock,Lead,Lead Concentrate, -   
7/1/2026,Federal,Onshore,MO,Dent,29065,EAST STATES,Royalties,Hardrock,Zinc,Zinc Concentrate, -   
7/1/2026,Federal,Onshore,MO,Iron,29093,EAST STATES,Other Revenues,Hardrock,Hardrock,, (131)
7/1/2026,Federal,Onshore,MO,Iron,29093,EAST STATES,Royalties,Hardrock,Copper,Copper Concentrate," 29,440 "
7/1/2026,Federal,Onshore,MO,Iron,29093,EAST STATES,Royalties,Hardrock,Lead,Lead Concentrate," 108,039 "
7/1/2026,Federal,Onshore,MO,Iron,29093,EAST STATES,Royalties,Hardrock,Zinc,Zinc Concentrate," 43,271 "
7/1/2026,Federal,Onshore,MO,Madison,29123,EAST STATES,Royalties,Hardrock,Copper,Copper Concentrate, -   
7/1/2026,Federal,Onshore,MO,Madison,29123,EAST STATES,Royalties,Hardrock,Lead,Lead Concentrate, -   
7/1/2026,Federal,Onshore,MO,Madison,29123,EAST STATES,Royalties,Hardrock,Zinc,Zinc Concentrate, -   
7/1/2026,Federal,Onshore,MO,Reynolds,29179,EAST STATES,Royalties,Hardrock,Copper,Copper Concentrate," 17,065 "
7/1/2026,Federal,Onshore,MO,Reynolds,29179,EAST STATES,Royalties,Hardrock,Lead,Lead Concentrate," 82,127 "
7/1/2026,Federal,Onshore,MO,Reynolds,29179,EAST STATES,Royalties,Hardrock,Zinc,Zinc Concentrate," 37,773 "
7/1/2026,Federal,Onshore,MO,Shannon,29203,EAST STATES,Royalties,Hardrock,Copper,Copper Concentrate," 26,937 "
7/1/2026,Federal,Onshore,MO,Shannon,29203,EAST STATES,Royalties,Hardrock,Lead,Lead Concentrate, (360)
7/1/2026,Federal,Onshore,MO,Shannon,29203,EAST STATES,Royalties,Hardrock,Zinc,Zinc Concentrate, -   
7/1/2026,Federal,Onshore,MO,St. Charles,29183,EAST STATES,Other Revenues,Oil & Gas,Oil & Gas,," 14,074 "
7/1/2026,Federal,Onshore,MO,Washington,29221,EAST STATES,Royalties,Hardrock,Copper,Copper Concentrate, -   
7/1/2026,Federal,Onshore,MO,Washington,29221,EAST STATES,Royalties,Hardrock,Lead,Lead Concentrate, -   
7/1/2026,Federal,Onshore,MO,Washington,29221,EAST STATES,Royalties,Hardrock,Zinc,Zinc Concentrate, -   
7/1/2026,Federal,Onshore,MS,Adams,28001,EAST STATES,Royalties,Oil & Gas,Oil,Oil," 6,547 "
7/1/2026,Federal,Onshore,MS,Covington,28031,EAST STATES,Royalties,Oil & Gas,Oil,Oil, 47 
7/1/2026,Federal,Onshore,MS,Forrest,28035,EAST STATES,Royalties,Oil & Gas,Gas,Unprocessed Gas, 749 
7/1/2026,Federal,Onshore,MS,Franklin,28037,EAST STATES,Rents,Oil & Gas,Oil & Gas,, 480 
7/1/2026,Federal,Onshore,MS,Franklin,28037,EAST STATES,Royalties,Oil & Gas,Oil,Oil," 18,144 "
7/1/2026,Federal,Onshore,MS,Jefferson Davis,28065,EAST STATES,Royalties,Oil & Gas,Gas,Processed (Residue) Gas, 6 
7/1/2026,Federal,Onshore,MS,Jefferson Davis,28065,EAST STATES,Royalties,Oil & Gas,Oil,Oil, 0 
7/1/2026,Federal,Onshore,MS,Lamar,28073,EAST STATES,Royalties,Oil & Gas,Oil,Oil," 8,763 "
7/1/2026,Federal,Onshore,MS,Lowndes,28087,EAST STATES,Royalties,Oil & Gas,Gas,Processed (Residue) Gas," 1,383 "
7/1/2026,Federal,Onshore,MS,Lowndes,28087,EAST STATES,Royalties,Oil & Gas,NGL,Gas Plant Products, 78 
7/1/2026,Federal,Onshore,MS,Lowndes,28087,EAST STATES,Royalties,Oil & Gas,Oil,Oil, 190 
7/1/2026,Federal,Onshore,MS,Pearl River,28109,EAST STATES,Royalties,Oil & Gas,Gas,Unprocessed Gas, 395 
7/1/2026,Federal,Onshore,MS,Pearl River,28109,EAST STATES,Royalties,Oil & Gas,Oil,Condensate, 247 
7/1/2026,Federal,Onshore,MS,Pearl River,28109,EAST STATES,Royalties,Oil & Gas,Oil,Oil," 16,631 "
7/1/2026,Federal,Onshore,MS,Perry,28111,EAST STATES,Royalties,Oil & Gas,Oil,Oil," 59,456 "
7/1/2026,Federal,Onshore,MS,Smith,28129,EAST STATES,Royalties,Oil & Gas,Gas,Flared Oil Well Gas," 2,130 "
7/1/2026,Federal,Onshore,MS,Smith,28129,EAST STATES,Royalties,Oil & Gas,Oil,Condensate," 49,549 "
7/1/2026,Federal,Onshore,MS,Wayne,28153,EAST STATES,Royalties,Oil & Gas,Oil,Oil," 9,694 "
7/1/2026,Federal,Onshore,MS,Wilkinson,28157,EAST STATES,Royalties,Oil & Gas,Oil,Oil," 5,996 "
7/1/2026,Federal,Onshore,MT,Big Horn,30003,MONTANA,Other Revenues,Coal,Coal,, 186 
7/1/2026,Federal,Onshore,MT,Big Horn,30003,MONTANA,Royalties,Coal,Coal,Coal," 1,963,731 "
7/1/2026,Federal,Onshore,MT,Blaine,30005,MONTANA,Other Revenues,Oil & Gas,Oil & Gas,," 1,737 "
7/1/2026,Federal,Onshore,MT,Blaine,30005,MONTANA,Royalties,Oil & Gas,Gas,Flared Oil Well Gas, 1 
7/1/2026,Federal,Onshore,MT,Blaine,30005,MONTANA,Royalties,Oil & Gas,Gas,Pipeline Fuel/Loss, 262 
7/1/2026,Federal,Onshore,MT,Blaine,30005,MONTANA,Royalties,Oil & Gas,Gas,Unprocessed Gas," 5,723 "
7/1/2026,Federal,Onshore,MT,Blaine,30005,MONTANA,Royalties,Oil & Gas,Oil,Oil," 27,600 "
7/1/2026,Federal,Onshore,MT,Carbon,30009,MONTANA,Other Revenues,Oil & Gas,Oil & Gas,, 28 
7/1/2026,Federal,Onshore,MT,Carbon,30009,MONTANA,Rents,Oil & Gas,Oil & Gas,, 367 
7/1/2026,Federal,Onshore,MT,Carbon,30009,MONTANA,Royalties,Oil & Gas,Gas,Unprocessed Gas, -   
7/1/2026,Federal,Onshore,MT,Carbon,30009,MONTANA,Royalties,Oil & Gas,NGL,Gas Plant Products," 7,777 "
7/1/2026,Federal,Onshore,MT,Carbon,30009,MONTANA,Royalties,Oil & Gas,Oil,Oil," 174,056 "
7/1/2026,Federal,Onshore,MT,Carbon,30009,MONTANA,Royalties,Oil & Gas,Sulfur,Sulfur," 2,351 "
7/1/2026,Federal,Onshore,MT,Carter,30011,MONTANA,Royalties,Oil & Gas,Oil,Oil," 5,633 "
7/1/2026,Federal,Onshore,MT,Chouteau,30015,MONTANA,Royalties,Oil & Gas,Gas,Unprocessed Gas, 823 
7/1/2026,Federal,Onshore,MT,Dawson,30021,MONTANA,Other Revenues,Oil & Gas,Oil & Gas,, 61 
7/1/2026,Federal,Onshore,MT,Dawson,30021,MONTANA,Rents,Oil & Gas,Oil & Gas,, 171 
7/1/2026,Federal,Onshore,MT,Dawson,30021,MONTANA,Royalties,Oil & Gas,Gas,Flared Oil Well Gas, 20 
7/1/2026,Federal,Onshore,MT,Dawson,30021,MONTANA,Royalties,Oil & Gas,Gas,Pipeline Fuel/Loss, 38 
7/1/2026,Federal,Onshore,MT,Dawson,30021,MONTANA,Royalties,Oil & Gas,Oil,Oil," 99,152 "
7/1/2026,Federal,Onshore,MT,Fallon,30025,MONTANA,Other Revenues,Oil & Gas,Oil & Gas,," 16,859 "
7/1/2026,Federal,Onshore,MT,Fallon,30025,MONTANA,Rents,Oil & Gas,Oil & Gas,, 175 
7/1/2026,Federal,Onshore,MT,Fallon,30025,MONTANA,Royalties,Oil & Gas,Gas,Flared Oil Well Gas," 7,093 "
7/1/2026,Federal,Onshore,MT,Fallon,30025,MONTANA,Royalties,Oil & Gas,Gas,Gas Lost - Flared or Vented," (3,758)"
7/1/2026,Federal,Onshore,MT,Fallon,30025,MONTANA,Royalties,Oil & Gas,Gas,Unprocessed Gas," 6,720 "
7/1/2026,Federal,Onshore,MT,Fallon,30025,MONTANA,Royalties,Oil & Gas,Oil,Oil," 583,985 "
7/1/2026,Federal,Onshore,MT,Fergus,30027,MONTANA,Royalties,Oil & Gas,Gas,Unprocessed Gas, 80 
7/1/2026,Federal,Onshore,MT,Garfield,30033,MONTANA,Royalties,Oil & Gas,Oil,Oil," 1,656 "
7/1/2026,Federal,Onshore,MT,Glacier,30035,MONTANA,Other Revenues,Oil & Gas,Oil & Gas,, 31 
7/1/2026,Federal,Onshore,MT,Glacier,30035,MONTANA,Royalties,Oil & Gas,Oil,Oil, 284 
7/1/2026,Federal,Onshore,MT,Hill,30041,MONTANA,Royalties,Oil & Gas,Gas,Unprocessed Gas, 738 
7/1/2026,Federal,Onshore,MT,Liberty,30051,MONTANA,Other Revenues,Oil & Gas,Oil & Gas,, 593 
7/1/2026,Federal,Onshore,MT,Liberty,30051,MONTANA,Royalties,Oil & Gas,Gas,Unprocessed Gas, 977 
7/1/2026,Federal,Onshore,MT,Liberty,30051,MONTANA,Royalties,Oil & Gas,Oil,Oil, 926 
7/1/2026,Federal,Onshore,MT,Musselshell,30065,MONTANA,Rents,Coal,Coal,," 8,040 "
7/1/2026,Federal,Onshore,MT,Musselshell,30065,MONTANA,Royalties,Coal,Coal,Coal," 2,109,761 "
7/1/2026,Federal,Onshore,MT,Petroleum,30069,MONTANA,Royalties,Oil & Gas,Oil,Oil," 6,291 "
7/1/2026,Federal,Onshore,MT,Phillips,30071,MONTANA,Other Revenues,Oil & Gas,Oil & Gas,," 1,678 "
7/1/2026,Federal,Onshore,MT,Phillips,30071,MONTANA,Rents,Oil & Gas,Oil & Gas,," 1,255 "
7/1/2026,Federal,Onshore,MT,Phillips,30071,MONTANA,Royalties,Oil & Gas,Gas,Unprocessed Gas," 45,031 "
7/1/2026,Federal,Onshore,MT,Pondera,30073,MONTANA,Other Revenues,Oil & Gas,Oil & Gas,," 3,438 "
7/1/2026,Federal,Onshore,MT,Powder River,30075,MONTANA,Rents,Oil & Gas,Oil & Gas,," 1,394 "
7/1/2026,Federal,Onshore,MT,Powder River,30075,MONTANA,Royalties,Oil & Gas,Oil,Oil," 171,495 "
7/1/2026,Federal,Onshore,MT,Prairie,30079,MONTANA,Other Revenues,Oil & Gas,Oil & Gas,, 19 
7/1/2026,Federal,Onshore,MT,Prairie,30079,MONTANA,Royalties,Oil & Gas,Oil,Oil," 25,761 "
7/1/2026,Federal,Onshore,MT,Richland,30083,MONTANA,Bonus,Oil & Gas,Oil & Gas,," 69,845 "
7/1/2026,Federal,Onshore,MT,Richland,30083,MONTANA,Other Revenues,Oil & Gas,Oil & Gas,," 31,715 "
7/1/2026,Federal,Onshore,MT,Richland,30083,MONTANA,Rents,Oil & Gas,Oil & Gas,, 915 
7/1/2026,Federal,Onshore,MT,Richland,30083,MONTANA,Royalties,Oil & Gas,Gas,Flared Oil Well Gas," 5,161 "
7/1/2026,Federal,Onshore,MT,Richland,30083,MONTANA,Royalties,Oil & Gas,Gas,Pipeline Fuel/Loss, 137 
7/1/2026,Federal,Onshore,MT,Richland,30083,MONTANA,Royalties,Oil & Gas,Gas,Processed (Residue) Gas," 5,223 "
7/1/2026,Federal,Onshore,MT,Richland,30083,MONTANA,Royalties,Oil & Gas,Gas,Unprocessed Gas," 2,190 "
7/1/2026,Federal,Onshore,MT,Richland,30083,MONTANA,Royalties,Oil & Gas,NGL,Gas Plant Products," 27,070 "
7/1/2026,Federal,Onshore,MT,Richland,30083,MONTANA,Royalties,Oil & Gas,Oil,Condensate, 9 
7/1/2026,Federal,Onshore,MT,Richland,30083,MONTANA,Royalties,Oil & Gas,Oil,Drip or Scrubber Condensate, 6 
7/1/2026,Federal,Onshore,MT,Richland,30083,MONTANA,Royalties,Oil & Gas,Oil,Inlet Scrubber," 1,599 "
7/1/2026,Federal,Onshore,MT,Richland,30083,MONTANA,Royalties,Oil & Gas,Oil,Oil," 553,196 "
7/1/2026,Federal,Onshore,MT,Roosevelt,30085,MONTANA,Other Revenues,Oil & Gas,Oil & Gas,," 27,894 "
7/1/2026,Federal,Onshore,MT,Roosevelt,30085,MONTANA,Royalties,Oil & Gas,Gas,Flared Oil Well Gas, 981 
7/1/2026,Federal,Onshore,MT,Roosevelt,30085,MONTANA,Royalties,Oil & Gas,Gas,Pipeline Fuel/Loss, 125 
7/1/2026,Federal,Onshore,MT,Roosevelt,30085,MONTANA,Royalties,Oil & Gas,Gas,Processed (Residue) Gas," 2,446 "
7/1/2026,Federal,Onshore,MT,Roosevelt,30085,MONTANA,Royalties,Oil & Gas,Gas,Unprocessed Gas, 391 
7/1/2026,Federal,Onshore,MT,Roosevelt,30085,MONTANA,Royalties,Oil & Gas,NGL,Gas Plant Products," 12,661 "
7/1/2026,Federal,Onshore,MT,Roosevelt,30085,MONTANA,Royalties,Oil & Gas,Oil,Drip or Scrubber Condensate, 0 
7/1/2026,Federal,Onshore,MT,Roosevelt,30085,MONTANA,Royalties,Oil & Gas,Oil,Inlet Scrubber," 1,545 "
7/1/2026,Federal,Onshore,MT,Roosevelt,30085,MONTANA,Royalties,Oil & Gas,Oil,Oil," 205,465 "
7/1/2026,Federal,Onshore,MT,Rosebud,30087,MONTANA,Rents,Coal,Coal,," 4,890 "
7/1/2026,Federal,Onshore,MT,Rosebud,30087,MONTANA,Royalties,Coal,Coal,Coal," 430,410 "
7/1/2026,Federal,Onshore,MT,Rosebud,30087,MONTANA,Royalties,Oil & Gas,Oil,Oil," 4,921 "
7/1/2026,Federal,Onshore,MT,Sheridan,30091,MONTANA,Royalties,Oil & Gas,Oil,Oil," 16,630 "
7/1/2026,Federal,Onshore,MT,Stillwater,30095,MONTANA,Royalties,Oil & Gas,Oil,Oil," 3,367 "
7/1/2026,Federal,Onshore,MT,Toole,30101,MONTANA,Other Revenues,Oil & Gas,Oil & Gas,," 5,925 "
7/1/2026,Federal,Onshore,MT,Toole,30101,MONTANA,Rents,Oil & Gas,Oil & Gas,, 160 
7/1/2026,Federal,Onshore,MT,Toole,30101,MONTANA,Royalties,Oil & Gas,Gas,Pipeline Fuel/Loss, 62 
7/1/2026,Federal,Onshore,MT,Toole,30101,MONTANA,Royalties,Oil & Gas,Gas,Processed (Residue) Gas, 192 
7/1/2026,Federal,Onshore,MT,Toole,30101,MONTANA,Royalties,Oil & Gas,Gas,Unprocessed Gas," 1,344 "
7/1/2026,Federal,Onshore,MT,Toole,30101,MONTANA,Royalties,Oil & Gas,NGL,Gas Plant Products, 64 
7/1/2026,Federal,Onshore,MT,Toole,30101,MONTANA,Royalties,Oil & Gas,Oil,Oil," 24,936 "
7/1/2026,Federal,Onshore,MT,Treasure,30103,MONTANA,Royalties,Coal,Coal,Coal," 88,020 "
7/1/2026,Federal,Onshore,MT,Valley,30105,MONTANA,Other Revenues,Oil & Gas,Oil & Gas,, 64 
7/1/2026,Federal,Onshore,MT,Valley,30105,MONTANA,Rents,Oil & Gas,Oil & Gas,, 376 
7/1/2026,Federal,Onshore,MT,Valley,30105,MONTANA,Royalties,Oil & Gas,Gas,Unprocessed Gas," 2,418 "
7/1/2026,Federal,Onshore,MT,Wibaux,30109,MONTANA,Other Revenues,Oil & Gas,Oil & Gas,, 97 
7/1/2026,Federal,Onshore,MT,Wibaux,30109,MONTANA,Rents,Oil & Gas,Oil & Gas,, 276 
7/1/2026,Federal,Onshore,MT,Wibaux,30109,MONTANA,Royalties,Oil & Gas,Gas,Unprocessed Gas, 418 
7/1/2026,Federal,Onshore,MT,Wibaux,30109,MONTANA,Royalties,Oil & Gas,Oil,Oil," 97,467 "
7/1/2026,Federal,Onshore,ND,Billings,38007,MONTANA,Other Revenues,Oil & Gas,Oil & Gas,," 61,073 "
7/1/2026,Federal,Onshore,ND,Billings,38007,MONTANA,Royalties,Oil & Gas,Gas,Flared Oil Well Gas, 240 
7/1/2026,Federal,Onshore,ND,Billings,38007,MONTANA,Royalties,Oil & Gas,Gas,Pipeline Fuel/Loss, 181 
7/1/2026,Federal,Onshore,ND,Billings,38007,MONTANA,Royalties,Oil & Gas,Gas,Processed (Residue) Gas," 8,031 "
7/1/2026,Federal,Onshore,ND,Billings,38007,MONTANA,Royalties,Oil & Gas,NGL,Gas Plant Products," 53,138 "
7/1/2026,Federal,Onshore,ND,Billings,38007,MONTANA,Royalties,Oil & Gas,Oil,Drip or Scrubber Condensate," 2,102 "
7/1/2026,Federal,Onshore,ND,Billings,38007,MONTANA,Royalties,Oil & Gas,Oil,Inlet Scrubber," 1,028 "
7/1/2026,Federal,Onshore,ND,Billings,38007,MONTANA,Royalties,Oil & Gas,Oil,Oil," 898,599 "
7/1/2026,Federal,Onshore,ND,Bottineau,38009,MONTANA,Bonus,Oil & Gas,Oil & Gas,," 62,316 "
7/1/2026,Federal,Onshore,ND,Bottineau,38009,MONTANA,Other Revenues,Oil & Gas,Oil & Gas,, 101 
7/1/2026,Federal,Onshore,ND,Bottineau,38009,MONTANA,Rents,Oil & Gas,Oil & Gas,," 3,600 "
7/1/2026,Federal,Onshore,ND,Bottineau,38009,MONTANA,Royalties,Oil & Gas,Oil,Oil," 32,317 "
7/1/2026,Federal,Onshore,ND,Bowman,38011,MONTANA,Other Revenues,Oil & Gas,Oil & Gas,," 4,313 "
7/1/2026,Federal,Onshore,ND,Bowman,38011,MONTANA,Royalties,Oil & Gas,Gas,Flared Oil Well Gas," 42,816 "
7/1/2026,Federal,Onshore,ND,Bowman,38011,MONTANA,Royalties,Oil & Gas,Gas,Gas Lost - Flared or Vented," (15,433)"
7/1/2026,Federal,Onshore,ND,Bowman,38011,MONTANA,Royalties,Oil & Gas,Gas,Pipeline Fuel/Loss, 0 
7/1/2026,Federal,Onshore,ND,Bowman,38011,MONTANA,Royalties,Oil & Gas,Gas,Processed (Residue) Gas, 2 
7/1/2026,Federal,Onshore,ND,Bowman,38011,MONTANA,Royalties,Oil & Gas,Gas,Unprocessed Gas," 9,877 "
7/1/2026,Federal,Onshore,ND,Bowman,38011,MONTANA,Royalties,Oil & Gas,NGL,Gas Plant Products, 10 
7/1/2026,Federal,Onshore,ND,Bowman,38011,MONTANA,Royalties,Oil & Gas,Oil,Inlet Scrubber, 1 
7/1/2026,Federal,Onshore,ND,Bowman,38011,MONTANA,Royalties,Oil & Gas,Oil,Oil," 575,281 "
7/1/2026,Federal,Onshore,ND,Burke,38013,MONTANA,Bonus,Oil & Gas,Oil & Gas,," 413,120 "
7/1/2026,Federal,Onshore,ND,Burke,38013,MONTANA,Other Revenues,Oil & Gas,Oil & Gas,, (37)
7/1/2026,Federal,Onshore,ND,Burke,38013,MONTANA,Rents,Oil & Gas,Oil & Gas,, 480 
7/1/2026,Federal,Onshore,ND,Burke,38013,MONTANA,Royalties,Oil & Gas,Gas,Flared Gas Well Gas, 16 
7/1/2026,Federal,Onshore,ND,Burke,38013,MONTANA,Royalties,Oil & Gas,Gas,Flared Oil Well Gas, 72 
7/1/2026,Federal,Onshore,ND,Burke,38013,MONTANA,Royalties,Oil & Gas,Gas,Pipeline Fuel/Loss, 75 
7/1/2026,Federal,Onshore,ND,Burke,38013,MONTANA,Royalties,Oil & Gas,Gas,Processed (Residue) Gas, 310 
7/1/2026,Federal,Onshore,ND,Burke,38013,MONTANA,Royalties,Oil & Gas,Gas,Unprocessed Gas, 132 
7/1/2026,Federal,Onshore,ND,Burke,38013,MONTANA,Royalties,Oil & Gas,NGL,Gas Plant Products," 2,659 "
7/1/2026,Federal,Onshore,ND,Burke,38013,MONTANA,Royalties,Oil & Gas,Oil,Condensate, 345 
7/1/2026,Federal,Onshore,ND,Burke,38013,MONTANA,Royalties,Oil & Gas,Oil,Drip or Scrubber Condensate, 17 
7/1/2026,Federal,Onshore,ND,Burke,38013,MONTANA,Royalties,Oil & Gas,Oil,Inlet Scrubber, 232 
7/1/2026,Federal,Onshore,ND,Burke,38013,MONTANA,Royalties,Oil & Gas,Oil,Oil," 49,781 "
7/1/2026,Federal,Onshore,ND,Divide,38023,MONTANA,Bonus,Oil & Gas,Oil & Gas,," 1,991,369 "
7/1/2026,Federal,Onshore,ND,Divide,38023,MONTANA,Other Revenues,Oil & Gas,Oil & Gas,," 13,429 "
7/1/2026,Federal,Onshore,ND,Divide,38023,MONTANA,Rents,Oil & Gas,Oil & Gas,," 3,342 "
7/1/2026,Federal,Onshore,ND,Divide,38023,MONTANA,Royalties,Oil & Gas,Gas,Flared Oil Well Gas, 2 
7/1/2026,Federal,Onshore,ND,Divide,38023,MONTANA,Royalties,Oil & Gas,Gas,Pipeline Fuel/Loss, 2 
7/1/2026,Federal,Onshore,ND,Divide,38023,MONTANA,Royalties,Oil & Gas,Gas,Processed (Residue) Gas, 384 
7/1/2026,Federal,Onshore,ND,Divide,38023,MONTANA,Royalties,Oil & Gas,Gas,Unprocessed Gas, 178 
7/1/2026,Federal,Onshore,ND,Divide,38023,MONTANA,Royalties,Oil & Gas,NGL,Gas Plant Products, 876 
7/1/2026,Federal,Onshore,ND,Divide,38023,MONTANA,Royalties,Oil & Gas,Oil,Condensate, 62 
7/1/2026,Federal,Onshore,ND,Divide,38023,MONTANA,Royalties,Oil & Gas,Oil,Drip or Scrubber Condensate, 6 
7/1/2026,Federal,Onshore,ND,Divide,38023,MONTANA,Royalties,Oil & Gas,Oil,Inlet Scrubber, 3 
7/1/2026,Federal,Onshore,ND,Divide,38023,MONTANA,Royalties,Oil & Gas,Oil,Oil," 21,401 "
7/1/2026,Federal,Onshore,ND,Dunn,38025,MONTANA,Bonus,Oil & Gas,Oil & Gas,," 2,618,175 "
7/1/2026,Federal,Onshore,ND,Dunn,38025,MONTANA,Other Revenues,Oil & Gas,Oil & Gas,," (206,189)"
7/1/2026,Federal,Onshore,ND,Dunn,38025,MONTANA,Rents,Oil & Gas,Oil & Gas,, 567 
7/1/2026,Federal,Onshore,ND,Dunn,38025,MONTANA,Royalties,Oil & Gas,Gas,Flared Gas Well Gas, 6 
7/1/2026,Federal,Onshore,ND,Dunn,38025,MONTANA,Royalties,Oil & Gas,Gas,Flared Oil Well Gas," 2,987 "
7/1/2026,Federal,Onshore,ND,Dunn,38025,MONTANA,Royalties,Oil & Gas,Gas,Pipeline Fuel/Loss," 5,239 "
7/1/2026,Federal,Onshore,ND,Dunn,38025,MONTANA,Royalties,Oil & Gas,Gas,Processed (Residue) Gas," 181,973 "
7/1/2026,Federal,Onshore,ND,Dunn,38025,MONTANA,Royalties,Oil & Gas,Gas,Unprocessed Gas, 15 
7/1/2026,Federal,Onshore,ND,Dunn,38025,MONTANA,Royalties,Oil & Gas,NGL,Gas Plant Products," 609,781 "
7/1/2026,Federal,Onshore,ND,Dunn,38025,MONTANA,Royalties,Oil & Gas,Oil,Condensate," 9,577 "
7/1/2026,Federal,Onshore,ND,Dunn,38025,MONTANA,Royalties,Oil & Gas,Oil,Drip or Scrubber Condensate, 85 
7/1/2026,Federal,Onshore,ND,Dunn,38025,MONTANA,Royalties,Oil & Gas,Oil,Inlet Scrubber," 63,473 "
7/1/2026,Federal,Onshore,ND,Dunn,38025,MONTANA,Royalties,Oil & Gas,Oil,Oil," 6,294,585 "
7/1/2026,Federal,Onshore,ND,Golden Valley,38033,MONTANA,Other Revenues,Oil & Gas,Oil & Gas,," 1,921 "
7/1/2026,Federal,Onshore,ND,Golden Valley,38033,MONTANA,Royalties,Oil & Gas,Gas,Flared Oil Well Gas, 76 
7/1/2026,Federal,Onshore,ND,Golden Valley,38033,MONTANA,Royalties,Oil & Gas,Gas,Pipeline Fuel/Loss, 23 
7/1/2026,Federal,Onshore,ND,Golden Valley,38033,MONTANA,Royalties,Oil & Gas,Gas,Processed (Residue) Gas, 692 
7/1/2026,Federal,Onshore,ND,Golden Valley,38033,MONTANA,Royalties,Oil & Gas,NGL,Gas Plant Products," 4,305 "
7/1/2026,Federal,Onshore,ND,Golden Valley,38033,MONTANA,Royalties,Oil & Gas,Oil,Drip or Scrubber Condensate, 1 
7/1/2026,Federal,Onshore,ND,Golden Valley,38033,MONTANA,Royalties,Oil & Gas,Oil,Inlet Scrubber, 95 
7/1/2026,Federal,Onshore,ND,Golden Valley,38033,MONTANA,Royalties,Oil & Gas,Oil,Oil," 115,421 "
7/1/2026,Federal,Onshore,ND,Mckenzie,38053,MONTANA,Bonus,Oil & Gas,Oil & Gas,," 47,575,506 "
7/1/2026,Federal,Onshore,ND,Mckenzie,38053,MONTANA,Other Revenues,Oil & Gas,Oil & Gas,," 777,678 "
7/1/2026,Federal,Onshore,ND,Mckenzie,38053,MONTANA,Rents,Oil & Gas,Oil & Gas,," 33,158 "
7/1/2026,Federal,Onshore,ND,Mckenzie,38053,MONTANA,Royalties,Oil & Gas,Gas,Flared Gas Well Gas, 69 
7/1/2026,Federal,Onshore,ND,Mckenzie,38053,MONTANA,Royalties,Oil & Gas,Gas,Flared Oil Well Gas," 17,511 "
7/1/2026,Federal,Onshore,ND,Mckenzie,38053,MONTANA,Royalties,Oil & Gas,Gas,Gas Lost - Flared or Vented, (3)
7/1/2026,Federal,Onshore,ND,Mckenzie,38053,MONTANA,Royalties,Oil & Gas,Gas,Pipeline Fuel/Loss," 44,368 "
7/1/2026,Federal,Onshore,ND,Mckenzie,38053,MONTANA,Royalties,Oil & Gas,Gas,Processed (Residue) Gas," 731,648 "
7/1/2026,Federal,Onshore,ND,Mckenzie,38053,MONTANA,Royalties,Oil & Gas,Gas,Unprocessed Gas," 10,420 "
7/1/2026,Federal,Onshore,ND,Mckenzie,38053,MONTANA,Royalties,Oil & Gas,NGL,Gas Plant Products," 2,927,962 "
7/1/2026,Federal,Onshore,ND,Mckenzie,38053,MONTANA,Royalties,Oil & Gas,Oil,Condensate," 31,734 "
7/1/2026,Federal,Onshore,ND,Mckenzie,38053,MONTANA,Royalties,Oil & Gas,Oil,Drip or Scrubber Condensate," 3,651 "
7/1/2026,Federal,Onshore,ND,Mckenzie,38053,MONTANA,Royalties,Oil & Gas,Oil,Inlet Scrubber," 323,570 "
7/1/2026,Federal,Onshore,ND,Mckenzie,38053,MONTANA,Royalties,Oil & Gas,Oil,Oil," 22,176,783 "
7/1/2026,Federal,Onshore,ND,Mclean,38055,MONTANA,Royalties,Coal,Coal,Coal, -   
7/1/2026,Federal,Onshore,ND,Mercer,38057,MONTANA,Royalties,Coal,Coal,Coal," 211,306 "
7/1/2026,Federal,Onshore,ND,Mountrail,38061,MONTANA,Other Revenues,Oil & Gas,Oil & Gas,," (192,864)"
7/1/2026,Federal,Onshore,ND,Mountrail,38061,MONTANA,Rents,Oil & Gas,Oil & Gas,," 3,745 "
7/1/2026,Federal,Onshore,ND,Mountrail,38061,MONTANA,Royalties,Oil & Gas,Gas,Flared Gas Well Gas, 155 
7/1/2026,Federal,Onshore,ND,Mountrail,38061,MONTANA,Royalties,Oil & Gas,Gas,Flared Oil Well Gas," 10,483 "
7/1/2026,Federal,Onshore,ND,Mountrail,38061,MONTANA,Royalties,Oil & Gas,Gas,Pipeline Fuel/Loss," 4,040 "
7/1/2026,Federal,Onshore,ND,Mountrail,38061,MONTANA,Royalties,Oil & Gas,Gas,Processed (Residue) Gas," 92,974 "
7/1/2026,Federal,Onshore,ND,Mountrail,38061,MONTANA,Royalties,Oil & Gas,Gas,Vented Gas Well Gas, 2 
7/1/2026,Federal,Onshore,ND,Mountrail,38061,MONTANA,Royalties,Oil & Gas,NGL,Gas Plant Products," 359,404 "
7/1/2026,Federal,Onshore,ND,Mountrail,38061,MONTANA,Royalties,Oil & Gas,Oil,Condensate, 310 
7/1/2026,Federal,Onshore,ND,Mountrail,38061,MONTANA,Royalties,Oil & Gas,Oil,Drip or Scrubber Condensate," 18,268 "
7/1/2026,Federal,Onshore,ND,Mountrail,38061,MONTANA,Royalties,Oil & Gas,Oil,Inlet Scrubber," 64,472 "
7/1/2026,Federal,Onshore,ND,Mountrail,38061,MONTANA,Royalties,Oil & Gas,Oil,Oil," 4,586,882 "
7/1/2026,Federal,Onshore,ND,Oliver,38065,MONTANA,Royalties,Coal,Coal,Coal," 33,005 "
7/1/2026,Federal,Onshore,ND,Renville,38075,MONTANA,Royalties,Oil & Gas,Oil,Oil," 16,811 "
7/1/2026,Federal,Onshore,ND,Slope,38087,MONTANA,Other Revenues,Oil & Gas,Oil & Gas,, 2 
7/1/2026,Federal,Onshore,ND,Slope,38087,MONTANA,Royalties,Oil & Gas,Gas,Flared Oil Well Gas," 3,634 "
7/1/2026,Federal,Onshore,ND,Slope,38087,MONTANA,Royalties,Oil & Gas,Gas,Gas Lost - Flared or Vented," (1,843)"
7/1/2026,Federal,Onshore,ND,Slope,38087,MONTANA,Royalties,Oil & Gas,Oil,Oil," 29,697 "
7/1/2026,Federal,Onshore,ND,Stark,38089,MONTANA,Other Revenues,Oil & Gas,Oil & Gas,," 1,145 "
7/1/2026,Federal,Onshore,ND,Stark,38089,MONTANA,Royalties,Oil & Gas,Gas,Flared Oil Well Gas, 0 
7/1/2026,Federal,Onshore,ND,Stark,38089,MONTANA,Royalties,Oil & Gas,Gas,Processed (Residue) Gas, 140 
7/1/2026,Federal,Onshore,ND,Stark,38089,MONTANA,Royalties,Oil & Gas,NGL,Gas Plant Products, 991 
7/1/2026,Federal,Onshore,ND,Stark,38089,MONTANA,Royalties,Oil & Gas,Oil,Inlet Scrubber, 27 
7/1/2026,Federal,Onshore,ND,Stark,38089,MONTANA,Royalties,Oil & Gas,Oil,Oil," 11,996 "
7/1/2026,Federal,Onshore,ND,Williams,38105,MONTANA,Bonus,Oil & Gas,Oil & Gas,," 131,193 "
7/1/2026,Federal,Onshore,ND,Williams,38105,MONTANA,Other Revenues,Oil & Gas,Oil & Gas,," 361,192 "
7/1/2026,Federal,Onshore,ND,Williams,38105,MONTANA,Rents,Oil & Gas,Oil & Gas,, 951 
7/1/2026,Federal,Onshore,ND,Williams,38105,MONTANA,Royalties,Coal,Coal,Leonardite," 8,840 "
7/1/2026,Federal,Onshore,ND,Williams,38105,MONTANA,Royalties,Oil & Gas,Gas,Flared Oil Well Gas," 3,072 "
7/1/2026,Federal,Onshore,ND,Williams,38105,MONTANA,Royalties,Oil & Gas,Gas,Pipeline Fuel/Loss," 1,952 "
7/1/2026,Federal,Onshore,ND,Williams,38105,MONTANA,Royalties,Oil & Gas,Gas,Processed (Residue) Gas," 37,149 "
7/1/2026,Federal,Onshore,ND,Williams,38105,MONTANA,Royalties,Oil & Gas,Gas,Unprocessed Gas, 28 
7/1/2026,Federal,Onshore,ND,Williams,38105,MONTANA,Royalties,Oil & Gas,NGL,Gas Plant Products," 137,567 "
7/1/2026,Federal,Onshore,ND,Williams,38105,MONTANA,Royalties,Oil & Gas,Oil,Condensate, 502 
7/1/2026,Federal,Onshore,ND,Williams,38105,MONTANA,Royalties,Oil & Gas,Oil,Drip or Scrubber Condensate," 1,710 "
7/1/2026,Federal,Onshore,ND,Williams,38105,MONTANA,Royalties,Oil & Gas,Oil,Inlet Scrubber," 16,213 "
7/1/2026,Federal,Onshore,ND,Williams,38105,MONTANA,Royalties,Oil & Gas,Oil,Oil," 1,665,344 "
7/1/2026,Federal,Onshore,NE,Cheyenne,31033,WYOMING,Other Revenues,Oil & Gas,Oil & Gas,," 1,660 "
7/1/2026,Federal,Onshore,NE,Cheyenne,31033,WYOMING,Royalties,Oil & Gas,Oil,Oil," 14,533 "
7/1/2026,Federal,Onshore,NE,Dundy,31057,WYOMING,Royalties,Oil & Gas,Oil,Oil, 114 
7/1/2026,Federal,Onshore,NE,Hitchcock,31087,WYOMING,Royalties,Oil & Gas,Oil,Oil," 1,814 "
7/1/2026,Federal,Onshore,NE,Kimball,31105,WYOMING,Royalties,Oil & Gas,Oil,Oil, 456 
7/1/2026,Federal,Onshore,NM,Chaves,35005,NEW MEXICO,Other Revenues,Oil & Gas,Gas,Flared Oil Well Gas, -   
7/1/2026,Federal,Onshore,NM,Chaves,35005,NEW MEXICO,Other Revenues,Oil & Gas,Gas,Pipeline Fuel/Loss, -   
7/1/2026,Federal,Onshore,NM,Chaves,35005,NEW MEXICO,Other Revenues,Oil & Gas,Gas,Processed (Residue) Gas, -   
7/1/2026,Federal,Onshore,NM,Chaves,35005,NEW MEXICO,Other Revenues,Oil & Gas,Oil & Gas,," 15,455 "
7/1/2026,Federal,Onshore,NM,Chaves,35005,NEW MEXICO,Rents,Oil & Gas,Oil & Gas,," 2,162 "
7/1/2026,Federal,Onshore,NM,Chaves,35005,NEW MEXICO,Royalties,Oil & Gas,Gas,Pipeline Fuel/Loss," 2,631 "
7/1/2026,Federal,Onshore,NM,Chaves,35005,NEW MEXICO,Royalties,Oil & Gas,Gas,Processed (Residue) Gas," 27,446 "
7/1/2026,Federal,Onshore,NM,Chaves,35005,NEW MEXICO,Royalties,Oil & Gas,Gas,Unprocessed Gas," (3,777)"
7/1/2026,Federal,Onshore,NM,Chaves,35005,NEW MEXICO,Royalties,Oil & Gas,NGL,Gas Plant Products," 41,299 "
7/1/2026,Federal,Onshore,NM,Chaves,35005,NEW MEXICO,Royalties,Oil & Gas,Oil,Inlet Scrubber," 3,039 "
7/1/2026,Federal,Onshore,NM,Chaves,35005,NEW MEXICO,Royalties,Oil & Gas,Oil,Oil," 686,617 "
7/1/2026,Federal,Onshore,NM,Colfax,35007,NEW MEXICO,Royalties,Oil & Gas,Gas,Coal Bed Methane," 1,081 "
7/1/2026,Federal,Onshore,NM,Eddy,35015,NEW MEXICO,Bonus,Oil & Gas,Oil & Gas,," 1,757,108,092 "
7/1/2026,Federal,Onshore,NM,Eddy,35015,NEW MEXICO,Other Revenues,Oil & Gas,Gas,Flared Gas Well Gas, -   
7/1/2026,Federal,Onshore,NM,Eddy,35015,NEW MEXICO,Other Revenues,Oil & Gas,Gas,Flared Oil Well Gas, -   
7/1/2026,Federal,Onshore,NM,Eddy,35015,NEW MEXICO,Other Revenues,Oil & Gas,Gas,Pipeline Fuel/Loss, -   
7/1/2026,Federal,Onshore,NM,Eddy,35015,NEW MEXICO,Other Revenues,Oil & Gas,Gas,Processed (Residue) Gas, -   
7/1/2026,Federal,Onshore,NM,Eddy,35015,NEW MEXICO,Other Revenues,Oil & Gas,Gas,Unprocessed Gas, -   
7/1/2026,Federal,Onshore,NM,Eddy,35015,NEW MEXICO,Other Revenues,Oil & Gas,Gas,Vented Gas Well Gas, -   
7/1/2026,Federal,Onshore,NM,Eddy,35015,NEW MEXICO,Other Revenues,Oil & Gas,Gas,Vented Oil Well Gas, -   
7/1/2026,Federal,Onshore,NM,Eddy,35015,NEW MEXICO,Other Revenues,Oil & Gas,NGL,Gas Plant Products, 0 
7/1/2026,Federal,Onshore,NM,Eddy,35015,NEW MEXICO,Other Revenues,Oil & Gas,Oil & Gas,," 16,655,861 "
7/1/2026,Federal,Onshore,NM,Eddy,35015,NEW MEXICO,Rents,Oil & Gas,Oil & Gas,," 56,676 "
7/1/2026,Federal,Onshore,NM,Eddy,35015,NEW MEXICO,Royalties,Oil & Gas,Gas,Coal Bed Methane, 413 
7/1/2026,Federal,Onshore,NM,Eddy,35015,NEW MEXICO,Royalties,Oil & Gas,Gas,Flared Gas Well Gas, 192 
7/1/2026,Federal,Onshore,NM,Eddy,35015,NEW MEXICO,Royalties,Oil & Gas,Gas,Flared Oil Well Gas, 125 
7/1/2026,Federal,Onshore,NM,Eddy,35015,NEW MEXICO,Royalties,Oil & Gas,Gas,Pipeline Fuel/Loss," 69,940 "
7/1/2026,Federal,Onshore,NM,Eddy,35015,NEW MEXICO,Royalties,Oil & Gas,Gas,Processed (Residue) Gas," 2,093,214 "
7/1/2026,Federal,Onshore,NM,Eddy,35015,NEW MEXICO,Royalties,Oil & Gas,Gas,Unprocessed Gas," 36,717 "
7/1/2026,Federal,Onshore,NM,Eddy,35015,NEW MEXICO,Royalties,Oil & Gas,Gas,Vented Gas Well Gas, (0)
7/1/2026,Federal,Onshore,NM,Eddy,35015,NEW MEXICO,Royalties,Oil & Gas,Gas,Vented Oil Well Gas, 33 
7/1/2026,Federal,Onshore,NM,Eddy,35015,NEW MEXICO,Royalties,Oil & Gas,NGL,Gas Plant Products," 44,826,922 "
7/1/2026,Federal,Onshore,NM,Eddy,35015,NEW MEXICO,Royalties,Oil & Gas,Oil,Condensate," 75,295,812 "
7/1/2026,Federal,Onshore,NM,Eddy,35015,NEW MEXICO,Royalties,Oil & Gas,Oil,Drip or Scrubber Condensate," 1,207,632 "
7/1/2026,Federal,Onshore,NM,Eddy,35015,NEW MEXICO,Royalties,Oil & Gas,Oil,Inlet Scrubber," 317,384 "
7/1/2026,Federal,Onshore,NM,Eddy,35015,NEW MEXICO,Royalties,Oil & Gas,Oil,Oil," 246,447,218 "
7/1/2026,Federal,Onshore,NM,Eddy,35015,NEW MEXICO,Royalties,Oil & Gas,Oil,Other Liquid Hydrocarbons," 40,924 "
7/1/2026,Federal,Onshore,NM,Eddy,35015,NEW MEXICO,Royalties,Potassium,Potassium,Langbeinite," 1,347,582 "
7/1/2026,Federal,Onshore,NM,Eddy,35015,NEW MEXICO,Royalties,Potassium,Potassium,Magnesium Chloride Brine, 345 
7/1/2026,Federal,Onshore,NM,Eddy,35015,NEW MEXICO,Royalties,Potassium,Potassium,Muriate Of Potash-Granular," 60,906 "
7/1/2026,Federal,Onshore,NM,Eddy,35015,NEW MEXICO,Royalties,Potassium,Potassium,Muriate Of Potash-Standard," 101,986 "
7/1/2026,Federal,Onshore,NM,Eddy,35015,NEW MEXICO,Royalties,Potassium,Potassium,Potash, -   
7/1/2026,Federal,Onshore,NM,Eddy,35015,NEW MEXICO,Royalties,Potassium,Sodium,Salt," 101,081 "
7/1/2026,Federal,Onshore,NM,Harding,35021,NEW MEXICO,Other Revenues,Oil & Gas,Oil & Gas,," 13,277 "
7/1/2026,Federal,Onshore,NM,Harding,35021,NEW MEXICO,Rents,Oil & Gas,Oil & Gas,, 40 
7/1/2026,Federal,Onshore,NM,Harding,35021,NEW MEXICO,Royalties,Oil & Gas,Carbon Dioxide,Carbon Dioxide Gas (CO2)," 32,597 "
7/1/2026,Federal,Onshore,NM,Hidalgo,35023,NEW MEXICO,Royalties,Geothermal,Geothermal,"Geothermal - Electrical Generation, Kilowatt Hours"," 18,005 "
7/1/2026,Federal,Onshore,NM,Lea,35025,NEW MEXICO,Bonus,Oil & Gas,Oil & Gas,," 2,245,435,776 "
7/1/2026,Federal,Onshore,NM,Lea,35025,NEW MEXICO,Other Revenues,Oil & Gas,Gas,Flared Gas Well Gas, -   
7/1/2026,Federal,Onshore,NM,Lea,35025,NEW MEXICO,Other Revenues,Oil & Gas,Gas,Flared Oil Well Gas, -   
7/1/2026,Federal,Onshore,NM,Lea,35025,NEW MEXICO,Other Revenues,Oil & Gas,Gas,Pipeline Fuel/Loss, -   
7/1/2026,Federal,Onshore,NM,Lea,35025,NEW MEXICO,Other Revenues,Oil & Gas,Gas,Processed (Residue) Gas, -   
7/1/2026,Federal,Onshore,NM,Lea,35025,NEW MEXICO,Other Revenues,Oil & Gas,Gas,Unprocessed Gas, -   
7/1/2026,Federal,Onshore,NM,Lea,35025,NEW MEXICO,Other Revenues,Oil & Gas,Gas,Vented Gas Well Gas, -   
7/1/2026,Federal,Onshore,NM,Lea,35025,NEW MEXICO,Other Revenues,Oil & Gas,Gas,Vented Oil Well Gas, -   
7/1/2026,Federal,Onshore,NM,Lea,35025,NEW MEXICO,Other Revenues,Oil & Gas,Oil,Condensate," 7,664 "
7/1/2026,Federal,Onshore,NM,Lea,35025,NEW MEXICO,Other Revenues,Oil & Gas,Oil & Gas,," (55,775,828)"
7/1/2026,Federal,Onshore,NM,Lea,35025,NEW MEXICO,Rents,Oil & Gas,Oil & Gas,," 56,689 "
7/1/2026,Federal,Onshore,NM,Lea,35025,NEW MEXICO,Royalties,Oil & Gas,Gas,Flared Gas Well Gas," 15,395 "
7/1/2026,Federal,Onshore,NM,Lea,35025,NEW MEXICO,Royalties,Oil & Gas,Gas,Flared Oil Well Gas," 12,015 "
7/1/2026,Federal,Onshore,NM,Lea,35025,NEW MEXICO,Royalties,Oil & Gas,Gas,Gas Lost - Flared or Vented," (15,301)"
7/1/2026,Federal,Onshore,NM,Lea,35025,NEW MEXICO,Royalties,Oil & Gas,Gas,Pipeline Fuel/Loss," 411,013 "
7/1/2026,Federal,Onshore,NM,Lea,35025,NEW MEXICO,Royalties,Oil & Gas,Gas,Processed (Residue) Gas," 7,342,251 "
7/1/2026,Federal,Onshore,NM,Lea,35025,NEW MEXICO,Royalties,Oil & Gas,Gas,Unprocessed Gas," 153,559 "
7/1/2026,Federal,Onshore,NM,Lea,35025,NEW MEXICO,Royalties,Oil & Gas,Gas,Vented Gas Well Gas, (0)
7/1/2026,Federal,Onshore,NM,Lea,35025,NEW MEXICO,Royalties,Oil & Gas,Gas,Vented Oil Well Gas, 1 
7/1/2026,Federal,Onshore,NM,Lea,35025,NEW MEXICO,Royalties,Oil & Gas,NGL,Gas Plant Products," 34,507,907 "
7/1/2026,Federal,Onshore,NM,Lea,35025,NEW MEXICO,Royalties,Oil & Gas,Oil,Condensate," 25,152 "
7/1/2026,Federal,Onshore,NM,Lea,35025,NEW MEXICO,Royalties,Oil & Gas,Oil,Drip or Scrubber Condensate," 720,775 "
7/1/2026,Federal,Onshore,NM,Lea,35025,NEW MEXICO,Royalties,Oil & Gas,Oil,Inlet Scrubber," 159,720 "
7/1/2026,Federal,Onshore,NM,Lea,35025,NEW MEXICO,Royalties,Oil & Gas,Oil,Oil," 366,011,093 "
7/1/2026,Federal,Onshore,NM,Lea,35025,NEW MEXICO,Royalties,Oil & Gas,Oil,Other Liquid Hydrocarbons," 63,554 "
7/1/2026,Federal,Onshore,NM,Lea,35025,NEW MEXICO,Royalties,Potassium,Potassium,Langbeinite," 9,969 "
7/1/2026,Federal,Onshore,NM,Lea,35025,NEW MEXICO,Royalties,Potassium,Potassium,Muriate Of Potash-Granular, -   
7/1/2026,Federal,Onshore,NM,Lea,35025,NEW MEXICO,Royalties,Potassium,Potassium,Muriate Of Potash-Standard, -   
7/1/2026,Federal,Onshore,NM,Lea,35025,NEW MEXICO,Royalties,Potassium,Potassium,Potash, -   
7/1/2026,Federal,Onshore,NM,Lea,35025,NEW MEXICO,Royalties,Potassium,Sodium,Salt, -   
7/1/2026,Federal,Onshore,NM,Mckinley,35031,NEW MEXICO,Other Revenues,Oil & Gas,Oil & Gas,," 1,199 "
7/1/2026,Federal,Onshore,NM,Mckinley,35031,NEW MEXICO,Royalties,Coal,Coal,Coal, -   
7/1/2026,Federal,Onshore,NM,Mckinley,35031,NEW MEXICO,Royalties,Oil & Gas,Gas,Unprocessed Gas, 251 
7/1/2026,Federal,Onshore,NM,Quay,35037,NEW MEXICO,Bonus,Oil & Gas,Oil & Gas,," 2,720 "
7/1/2026,Federal,Onshore,NM,Quay,35037,NEW MEXICO,Rents,Oil & Gas,Oil & Gas,, 720 
7/1/2026,Federal,Onshore,NM,Quay,35037,NEW MEXICO,Royalties,Oil & Gas,Carbon Dioxide,Carbon Dioxide Gas (CO2)," 2,737 "
7/1/2026,Federal,Onshore,NM,Rio Arriba,35039,NEW MEXICO,Bonus,Oil & Gas,Oil & Gas,," 1,029,120 "
7/1/2026,Federal,Onshore,NM,Rio Arriba,35039,NEW MEXICO,Other Revenues,Oil & Gas,NGL,Gas Plant Products, (553)
7/1/2026,Federal,Onshore,NM,Rio Arriba,35039,NEW MEXICO,Other Revenues,Oil & Gas,Oil & Gas,," (136,277)"
7/1/2026,Federal,Onshore,NM,Rio Arriba,35039,NEW MEXICO,Rents,Oil & Gas,Oil & Gas,," 1,960 "
7/1/2026,Federal,Onshore,NM,Rio Arriba,35039,NEW MEXICO,Royalties,Oil & Gas,Gas,Coal Bed Methane," 227,627 "
7/1/2026,Federal,Onshore,NM,Rio Arriba,35039,NEW MEXICO,Royalties,Oil & Gas,Gas,Pipeline Fuel/Loss," 117,189 "
7/1/2026,Federal,Onshore,NM,Rio Arriba,35039,NEW MEXICO,Royalties,Oil & Gas,Gas,Processed (Residue) Gas," 1,262,105 "
7/1/2026,Federal,Onshore,NM,Rio Arriba,35039,NEW MEXICO,Royalties,Oil & Gas,Gas,Unprocessed Gas," (19,105)"
7/1/2026,Federal,Onshore,NM,Rio Arriba,35039,NEW MEXICO,Royalties,Oil & Gas,Gas,Vented Gas Well Gas, 22 
7/1/2026,Federal,Onshore,NM,Rio Arriba,35039,NEW MEXICO,Royalties,Oil & Gas,NGL,Gas Plant Products," 688,687 "
7/1/2026,Federal,Onshore,NM,Rio Arriba,35039,NEW MEXICO,Royalties,Oil & Gas,Oil,Condensate," 230,313 "
7/1/2026,Federal,Onshore,NM,Rio Arriba,35039,NEW MEXICO,Royalties,Oil & Gas,Oil,Drip or Scrubber Condensate, 479 
7/1/2026,Federal,Onshore,NM,Rio Arriba,35039,NEW MEXICO,Royalties,Oil & Gas,Oil,Oil," 1,171,074 "
7/1/2026,Federal,Onshore,NM,Roosevelt,35041,NEW MEXICO,Other Revenues,Oil & Gas,Gas,Pipeline Fuel/Loss, -   
7/1/2026,Federal,Onshore,NM,Roosevelt,35041,NEW MEXICO,Other Revenues,Oil & Gas,Gas,Processed (Residue) Gas, -   
7/1/2026,Federal,Onshore,NM,Roosevelt,35041,NEW MEXICO,Other Revenues,Oil & Gas,Oil & Gas,, (159)
7/1/2026,Federal,Onshore,NM,Roosevelt,35041,NEW MEXICO,Royalties,Oil & Gas,Gas,Pipeline Fuel/Loss, 1 
7/1/2026,Federal,Onshore,NM,Roosevelt,35041,NEW MEXICO,Royalties,Oil & Gas,Gas,Processed (Residue) Gas, 10 
7/1/2026,Federal,Onshore,NM,Roosevelt,35041,NEW MEXICO,Royalties,Oil & Gas,Gas,Unprocessed Gas," 4,744 "
7/1/2026,Federal,Onshore,NM,Roosevelt,35041,NEW MEXICO,Royalties,Oil & Gas,NGL,Gas Plant Products," 3,400 "
7/1/2026,Federal,Onshore,NM,Roosevelt,35041,NEW MEXICO,Royalties,Oil & Gas,Oil,Condensate," 32,789 "
7/1/2026,Federal,Onshore,NM,Roosevelt,35041,NEW MEXICO,Royalties,Oil & Gas,Oil,Drip or Scrubber Condensate, 5 
7/1/2026,Federal,Onshore,NM,Roosevelt,35041,NEW MEXICO,Royalties,Oil & Gas,Oil,Oil," 132,094 "
7/1/2026,Federal,Onshore,NM,San Juan,35045,NEW MEXICO,Bonus,Oil & Gas,Oil & Gas,," 2,171,124 "
7/1/2026,Federal,Onshore,NM,San Juan,35045,NEW MEXICO,Other Revenues,Coal,Coal,," 214,855 "
7/1/2026,Federal,Onshore,NM,San Juan,35045,NEW MEXICO,Other Revenues,Oil & Gas,Gas,Pipeline Fuel/Loss, -   
7/1/2026,Federal,Onshore,NM,San Juan,35045,NEW MEXICO,Other Revenues,Oil & Gas,Gas,Processed (Residue) Gas, -   
7/1/2026,Federal,Onshore,NM,San Juan,35045,NEW MEXICO,Other Revenues,Oil & Gas,NGL,Gas Plant Products," (1,352)"
7/1/2026,Federal,Onshore,NM,San Juan,35045,NEW MEXICO,Other Revenues,Oil & Gas,Oil & Gas,," 61,575 "
7/1/2026,Federal,Onshore,NM,San Juan,35045,NEW MEXICO,Rents,Coal,Coal,," 5,895 "
7/1/2026,Federal,Onshore,NM,San Juan,35045,NEW MEXICO,Rents,Oil & Gas,Oil & Gas,," 5,101 "
7/1/2026,Federal,Onshore,NM,San Juan,35045,NEW MEXICO,Royalties,Oil & Gas,Gas,Coal Bed Methane," 250,905 "
7/1/2026,Federal,Onshore,NM,San Juan,35045,NEW MEXICO,Royalties,Oil & Gas,Gas,Pipeline Fuel/Loss," 246,087 "
7/1/2026,Federal,Onshore,NM,San Juan,35045,NEW MEXICO,Royalties,Oil & Gas,Gas,Processed (Residue) Gas," 772,878 "
7/1/2026,Federal,Onshore,NM,San Juan,35045,NEW MEXICO,Royalties,Oil & Gas,Gas,Unprocessed Gas," 128,866 "
7/1/2026,Federal,Onshore,NM,San Juan,35045,NEW MEXICO,Royalties,Oil & Gas,Gas,Vented Gas Well Gas," 3,977 "
7/1/2026,Federal,Onshore,NM,San Juan,35045,NEW MEXICO,Royalties,Oil & Gas,Gas,Vented Oil Well Gas, 58 
7/1/2026,Federal,Onshore,NM,San Juan,35045,NEW MEXICO,Royalties,Oil & Gas,NGL,Gas Plant Products," 1,157,626 "
7/1/2026,Federal,Onshore,NM,San Juan,35045,NEW MEXICO,Royalties,Oil & Gas,Oil,Condensate," 283,369 "
7/1/2026,Federal,Onshore,NM,San Juan,35045,NEW MEXICO,Royalties,Oil & Gas,Oil,Drip or Scrubber Condensate, 96 
7/1/2026,Federal,Onshore,NM,San Juan,35045,NEW MEXICO,Royalties,Oil & Gas,Oil,Oil," 6,447,309 "
7/1/2026,Federal,Onshore,NM,Sandoval,35043,NEW MEXICO,Bonus,Oil & Gas,Oil & Gas,," 853,493 "
7/1/2026,Federal,Onshore,NM,Sandoval,35043,NEW MEXICO,Other Revenues,Oil & Gas,Oil & Gas,," (91,335)"
7/1/2026,Federal,Onshore,NM,Sandoval,35043,NEW MEXICO,Rents,Oil & Gas,Oil & Gas,, 729 
7/1/2026,Federal,Onshore,NM,Sandoval,35043,NEW MEXICO,Royalties,Oil & Gas,Gas,Pipeline Fuel/Loss," 2,014 "
7/1/2026,Federal,Onshore,NM,Sandoval,35043,NEW MEXICO,Royalties,Oil & Gas,Gas,Processed (Residue) Gas," 15,903 "
7/1/2026,Federal,Onshore,NM,Sandoval,35043,NEW MEXICO,Royalties,Oil & Gas,Gas,Unprocessed Gas," 1,210 "
7/1/2026,Federal,Onshore,NM,Sandoval,35043,NEW MEXICO,Royalties,Oil & Gas,NGL,Gas Plant Products," 135,603 "
7/1/2026,Federal,Onshore,NM,Sandoval,35043,NEW MEXICO,Royalties,Oil & Gas,Oil,Condensate," 1,764 "
7/1/2026,Federal,Onshore,NM,Sandoval,35043,NEW MEXICO,Royalties,Oil & Gas,Oil,Oil," 911,360 "
7/1/2026,Federal,Onshore,NM,Union,35059,NEW MEXICO,Royalties,Oil & Gas,Carbon Dioxide,Carbon Dioxide Gas (CO2)," 13,136 "
7/1/2026,Federal,Onshore,NV,Churchill,32001,NEVADA,Rents,Geothermal,Geothermal,," 2,852 "
7/1/2026,Federal,Onshore,NV,Churchill,32001,NEVADA,Royalties,Geothermal,Geothermal,"Geothermal - Direct Utilization, Hundreds of Gallons"," 4,373 "
7/1/2026,Federal,Onshore,NV,Churchill,32001,NEVADA,Royalties,Geothermal,Geothermal,"Geothermal - Electrical Generation, Kilowatt Hours"," 289,204 "
7/1/2026,Federal,Onshore,NV,Esmeralda,32009,NEVADA,Royalties,Potassium,Potassium,Potash, -   
7/1/2026,Federal,Onshore,NV,Eureka,32011,NEVADA,Rents,Oil & Gas,Oil & Gas,," 2,288 "
7/1/2026,Federal,Onshore,NV,Eureka,32011,NEVADA,Royalties,Geothermal,Geothermal,"Geothermal - Electrical Generation, Kilowatt Hours", 24 
7/1/2026,Federal,Onshore,NV,Humboldt,32013,NEVADA,Rents,Geothermal,Geothermal,," 15,918 "
7/1/2026,Federal,Onshore,NV,Humboldt,32013,NEVADA,Royalties,Geothermal,Geothermal,"Geothermal - Electrical Generation, Kilowatt Hours"," 13,823 "
7/1/2026,Federal,Onshore,NV,Lander,32015,NEVADA,Rents,Geothermal,Geothermal,, 100 
7/1/2026,Federal,Onshore,NV,Lander,32015,NEVADA,Royalties,Geothermal,Geothermal,"Geothermal - Electrical Generation, Kilowatt Hours"," 180,587 "
7/1/2026,Federal,Onshore,NV,Lincoln,32017,NEVADA,Bonus,Oil & Gas,Oil & Gas,," 102,110 "
7/1/2026,Federal,Onshore,NV,Lincoln,32017,NEVADA,Rents,Oil & Gas,Oil & Gas,," 30,633 "
7/1/2026,Federal,Onshore,NV,Lyon,32019,NEVADA,Rents,Geothermal,Geothermal,, 128 
7/1/2026,Federal,Onshore,NV,Lyon,32019,NEVADA,Royalties,Geothermal,Geothermal,"Geothermal - Electrical Generation, Kilowatt Hours"," 2,201 "
7/1/2026,Federal,Onshore,NV,Mineral,32021,NEVADA,Rents,Geothermal,Geothermal,, (221)
7/1/2026,Federal,Onshore,NV,Mineral,32021,NEVADA,Royalties,Geothermal,Geothermal,"Geothermal - Electrical Generation, Kilowatt Hours"," 29,351 "
7/1/2026,Federal,Onshore,NV,Nye,32023,NEVADA,Rents,Geothermal,Geothermal,," 15,963 "
7/1/2026,Federal,Onshore,NV,Nye,32023,NEVADA,Royalties,Oil & Gas,Oil,Oil," 70,697 "
7/1/2026,Federal,Onshore,NV,Pershing,32027,NEVADA,Rents,Geothermal,Geothermal,," 10,097 "
7/1/2026,Federal,Onshore,NV,Pershing,32027,NEVADA,Royalties,Geothermal,Geothermal,"Geothermal - Electrical Generation, Kilowatt Hours"," 1,257 "
7/1/2026,Federal,Onshore,NV,Washoe,32031,NEVADA,Other Revenues,Geothermal,Geothermal,, 122 
7/1/2026,Federal,Onshore,NV,Washoe,32031,NEVADA,Royalties,Geothermal,Geothermal,"Geothermal - Electrical Generation, Kilowatt Hours"," 16,792 "
7/1/2026,Federal,Onshore,NV,White Pine,32033,NEVADA,Rents,Geothermal,Geothermal,," 1,601 "
7/1/2026,Federal,Onshore,NY,Seneca,36099,EAST STATES,Other Revenues,Oil & Gas,Oil & Gas,, 204 
7/1/2026,Federal,Onshore,OH,Athens,39009,EAST STATES,Other Revenues,Oil & Gas,Oil & Gas,," 1,010 "
7/1/2026,Federal,Onshore,OH,Hocking,39073,EAST STATES,Other Revenues,Oil & Gas,Oil & Gas,," 5,343 "
7/1/2026,Federal,Onshore,OH,Lawrence,39087,EAST STATES,Other Revenues,Oil & Gas,Oil & Gas,, 28 
7/1/2026,Federal,Onshore,OH,Mahoning,39099,EAST STATES,Royalties,Oil & Gas,Gas,Unprocessed Gas," 1,075 "
7/1/2026,Federal,Onshore,OH,Mahoning,39099,EAST STATES,Royalties,Oil & Gas,Oil,Oil, 490 
7/1/2026,Federal,Onshore,OH,Monroe,39111,EAST STATES,Other Revenues,Oil & Gas,Oil & Gas,," 4,459 "
7/1/2026,Federal,Onshore,OH,Monroe,39111,EAST STATES,Royalties,Oil & Gas,Gas,Unprocessed Gas," 25,446 "
7/1/2026,Federal,Onshore,OH,Noble,39121,EAST STATES,Other Revenues,Oil & Gas,Oil & Gas,," 2,728 "
7/1/2026,Federal,Onshore,OH,Perry,39127,EAST STATES,Other Revenues,Oil & Gas,Oil & Gas,," 13,366 "
7/1/2026,Federal,Onshore,OH,Portage,39133,EAST STATES,Royalties,Oil & Gas,Gas,Unprocessed Gas," 2,424 "
7/1/2026,Federal,Onshore,OH,Portage,39133,EAST STATES,Royalties,Oil & Gas,Oil,Oil," 3,117 "
7/1/2026,Federal,Onshore,OH,Stark,39151,EAST STATES,Royalties,Oil & Gas,Gas,Unprocessed Gas, 251 
7/1/2026,Federal,Onshore,OH,Trumbull,39155,EAST STATES,Royalties,Oil & Gas,Gas,Unprocessed Gas," 5,054 "
7/1/2026,Federal,Onshore,OH,Trumbull,39155,EAST STATES,Royalties,Oil & Gas,Oil,Oil, 652 
7/1/2026,Federal,Onshore,OH,Washington,39167,EAST STATES,Other Revenues,Oil & Gas,Oil & Gas,," 9,356 "
7/1/2026,Federal,Onshore,OH,Washington,39167,EAST STATES,Royalties,Oil & Gas,Gas,Unprocessed Gas, 663 
7/1/2026,Federal,Onshore,OH,Washington,39167,EAST STATES,Royalties,Oil & Gas,Oil,Oil, 424 
7/1/2026,Federal,Onshore,OK,Alfalfa,40003,NEW MEXICO,Other Revenues,Oil & Gas,Oil & Gas,, 146 
7/1/2026,Federal,Onshore,OK,Alfalfa,40003,NEW MEXICO,Royalties,Oil & Gas,Gas,Pipeline Fuel/Loss, 0 
7/1/2026,Federal,Onshore,OK,Alfalfa,40003,NEW MEXICO,Royalties,Oil & Gas,Gas,Processed (Residue) Gas," 6,381 "
7/1/2026,Federal,Onshore,OK,Alfalfa,40003,NEW MEXICO,Royalties,Oil & Gas,NGL,Gas Plant Products," 9,770 "
7/1/2026,Federal,Onshore,OK,Alfalfa,40003,NEW MEXICO,Royalties,Oil & Gas,Oil,Condensate, 7 
7/1/2026,Federal,Onshore,OK,Alfalfa,40003,NEW MEXICO,Royalties,Oil & Gas,Oil,Oil," 13,216 "
7/1/2026,Federal,Onshore,OK,Atoka,40005,NEW MEXICO,Other Revenues,Oil & Gas,Oil & Gas,, 0 
7/1/2026,Federal,Onshore,OK,Atoka,40005,NEW MEXICO,Royalties,Oil & Gas,Gas,Processed (Residue) Gas, 54 
7/1/2026,Federal,Onshore,OK,Atoka,40005,NEW MEXICO,Royalties,Oil & Gas,NGL,Gas Plant Products, 28 
7/1/2026,Federal,Onshore,OK,Beaver,40007,NEW MEXICO,Other Revenues,Oil & Gas,Oil & Gas,, 1 
7/1/2026,Federal,Onshore,OK,Beaver,40007,NEW MEXICO,Royalties,Oil & Gas,Gas,Pipeline Fuel/Loss, 49 
7/1/2026,Federal,Onshore,OK,Beaver,40007,NEW MEXICO,Royalties,Oil & Gas,Gas,Processed (Residue) Gas, 478 
7/1/2026,Federal,Onshore,OK,Beaver,40007,NEW MEXICO,Royalties,Oil & Gas,Gas,Unprocessed Gas, 804 
7/1/2026,Federal,Onshore,OK,Beaver,40007,NEW MEXICO,Royalties,Oil & Gas,NGL,Gas Plant Products, 475 
7/1/2026,Federal,Onshore,OK,Beaver,40007,NEW MEXICO,Royalties,Oil & Gas,Oil,Oil," 1,607 "
7/1/2026,Federal,Onshore,OK,Beckham,40009,NEW MEXICO,Other Revenues,Oil & Gas,Oil & Gas,, 85 
7/1/2026,Federal,Onshore,OK,Beckham,40009,NEW MEXICO,Royalties,Oil & Gas,Gas,Pipeline Fuel/Loss, 97 
7/1/2026,Federal,Onshore,OK,Beckham,40009,NEW MEXICO,Royalties,Oil & Gas,Gas,Processed (Residue) Gas," 2,146 "
7/1/2026,Federal,Onshore,OK,Beckham,40009,NEW MEXICO,Royalties,Oil & Gas,Gas,Unprocessed Gas," 1,395 "
7/1/2026,Federal,Onshore,OK,Beckham,40009,NEW MEXICO,Royalties,Oil & Gas,NGL,Gas Plant Products, 472 
7/1/2026,Federal,Onshore,OK,Beckham,40009,NEW MEXICO,Royalties,Oil & Gas,Oil,Drip or Scrubber Condensate, 7 
7/1/2026,Federal,Onshore,OK,Beckham,40009,NEW MEXICO,Royalties,Oil & Gas,Oil,Oil, 169 
7/1/2026,Federal,Onshore,OK,Blaine,40011,NEW MEXICO,Other Revenues,Oil & Gas,Oil & Gas,," (6,658)"
7/1/2026,Federal,Onshore,OK,Blaine,40011,NEW MEXICO,Royalties,Oil & Gas,Gas,Pipeline Fuel/Loss, 704 
7/1/2026,Federal,Onshore,OK,Blaine,40011,NEW MEXICO,Royalties,Oil & Gas,Gas,Processed (Residue) Gas," 20,183 "
7/1/2026,Federal,Onshore,OK,Blaine,40011,NEW MEXICO,Royalties,Oil & Gas,Gas,Unprocessed Gas, 432 
7/1/2026,Federal,Onshore,OK,Blaine,40011,NEW MEXICO,Royalties,Oil & Gas,Gas,Vented Gas Well Gas, 1 
7/1/2026,Federal,Onshore,OK,Blaine,40011,NEW MEXICO,Royalties,Oil & Gas,Gas,Vented Oil Well Gas, 2 
7/1/2026,Federal,Onshore,OK,Blaine,40011,NEW MEXICO,Royalties,Oil & Gas,NGL,Gas Plant Products," 8,745 "
7/1/2026,Federal,Onshore,OK,Blaine,40011,NEW MEXICO,Royalties,Oil & Gas,Oil,Inlet Scrubber, 1 
7/1/2026,Federal,Onshore,OK,Blaine,40011,NEW MEXICO,Royalties,Oil & Gas,Oil,Oil," 7,441 "
7/1/2026,Federal,Onshore,OK,Blaine,40011,NEW MEXICO,Royalties,Oil & Gas,Oil,Other Liquid Hydrocarbons, 1 
7/1/2026,Federal,Onshore,OK,Canadian,40017,NEW MEXICO,Other Revenues,Oil & Gas,Oil & Gas,," (7,634)"
7/1/2026,Federal,Onshore,OK,Canadian,40017,NEW MEXICO,Royalties,Oil & Gas,Gas,Pipeline Fuel/Loss, 489 
7/1/2026,Federal,Onshore,OK,Canadian,40017,NEW MEXICO,Royalties,Oil & Gas,Gas,Processed (Residue) Gas," 8,224 "
7/1/2026,Federal,Onshore,OK,Canadian,40017,NEW MEXICO,Royalties,Oil & Gas,Gas,Unprocessed Gas," 1,017 "
7/1/2026,Federal,Onshore,OK,Canadian,40017,NEW MEXICO,Royalties,Oil & Gas,NGL,Gas Plant Products," 10,583 "
7/1/2026,Federal,Onshore,OK,Canadian,40017,NEW MEXICO,Royalties,Oil & Gas,Oil,Condensate," 4,779 "
7/1/2026,Federal,Onshore,OK,Canadian,40017,NEW MEXICO,Royalties,Oil & Gas,Oil,Oil," 13,776 "
7/1/2026,Federal,Onshore,OK,Canadian,40017,NEW MEXICO,Royalties,Oil & Gas,Oil,Other Liquid Hydrocarbons, 0 
7/1/2026,Federal,Onshore,OK,Cherokee,40021,NEW MEXICO,Royalties,Oil & Gas,Gas,Unprocessed Gas, 0 
7/1/2026,Federal,Onshore,OK,Cleveland,40027,NEW MEXICO,Royalties,Oil & Gas,Gas,Pipeline Fuel/Loss, 9 
7/1/2026,Federal,Onshore,OK,Cleveland,40027,NEW MEXICO,Royalties,Oil & Gas,Gas,Processed (Residue) Gas, 49 
7/1/2026,Federal,Onshore,OK,Cleveland,40027,NEW MEXICO,Royalties,Oil & Gas,NGL,Gas Plant Products, 68 
7/1/2026,Federal,Onshore,OK,Cleveland,40027,NEW MEXICO,Royalties,Oil & Gas,Oil,Drip or Scrubber Condensate, 24 
7/1/2026,Federal,Onshore,OK,Cleveland,40027,NEW MEXICO,Royalties,Oil & Gas,Oil,Oil," 1,327 "
7/1/2026,Federal,Onshore,OK,Coal,40029,NEW MEXICO,Other Revenues,Oil & Gas,Oil & Gas,, 9 
7/1/2026,Federal,Onshore,OK,Coal,40029,NEW MEXICO,Royalties,Oil & Gas,Gas,Pipeline Fuel/Loss," 6,468 "
7/1/2026,Federal,Onshore,OK,Coal,40029,NEW MEXICO,Royalties,Oil & Gas,Gas,Processed (Residue) Gas," 16,213 "
7/1/2026,Federal,Onshore,OK,Coal,40029,NEW MEXICO,Royalties,Oil & Gas,Gas,Unprocessed Gas," 5,188 "
7/1/2026,Federal,Onshore,OK,Coal,40029,NEW MEXICO,Royalties,Oil & Gas,NGL,Gas Plant Products," 17,817 "
7/1/2026,Federal,Onshore,OK,Coal,40029,NEW MEXICO,Royalties,Oil & Gas,Oil,Condensate, 552 
7/1/2026,Federal,Onshore,OK,Comanche,40031,NEW MEXICO,Royalties,Oil & Gas,Oil,Oil," 3,457 "
7/1/2026,Federal,Onshore,OK,Custer,40039,NEW MEXICO,Other Revenues,Oil & Gas,Oil & Gas,," 8,291 "
7/1/2026,Federal,Onshore,OK,Custer,40039,NEW MEXICO,Royalties,Oil & Gas,Gas,Pipeline Fuel/Loss, 904 
7/1/2026,Federal,Onshore,OK,Custer,40039,NEW MEXICO,Royalties,Oil & Gas,Gas,Processed (Residue) Gas," 10,770 "
7/1/2026,Federal,Onshore,OK,Custer,40039,NEW MEXICO,Royalties,Oil & Gas,Gas,Unprocessed Gas, 598 
7/1/2026,Federal,Onshore,OK,Custer,40039,NEW MEXICO,Royalties,Oil & Gas,Gas,Vented Gas Well Gas, 3 
7/1/2026,Federal,Onshore,OK,Custer,40039,NEW MEXICO,Royalties,Oil & Gas,NGL,Gas Plant Products," 6,975 "
7/1/2026,Federal,Onshore,OK,Custer,40039,NEW MEXICO,Royalties,Oil & Gas,Oil,Condensate," 2,410 "
7/1/2026,Federal,Onshore,OK,Custer,40039,NEW MEXICO,Royalties,Oil & Gas,Oil,Oil, 312 
7/1/2026,Federal,Onshore,OK,Custer,40039,NEW MEXICO,Royalties,Oil & Gas,Oil,Other Liquid Hydrocarbons, 2 
7/1/2026,Federal,Onshore,OK,Dewey,40043,NEW MEXICO,Other Revenues,Oil & Gas,Oil & Gas,," (2,070)"
7/1/2026,Federal,Onshore,OK,Dewey,40043,NEW MEXICO,Rents,Oil & Gas,Oil & Gas,, 118 
7/1/2026,Federal,Onshore,OK,Dewey,40043,NEW MEXICO,Royalties,Oil & Gas,Gas,Pipeline Fuel/Loss, 621 
7/1/2026,Federal,Onshore,OK,Dewey,40043,NEW MEXICO,Royalties,Oil & Gas,Gas,Processed (Residue) Gas," 14,354 "
7/1/2026,Federal,Onshore,OK,Dewey,40043,NEW MEXICO,Royalties,Oil & Gas,Gas,Unprocessed Gas, 805 
7/1/2026,Federal,Onshore,OK,Dewey,40043,NEW MEXICO,Royalties,Oil & Gas,Gas,Vented Gas Well Gas, 0 
7/1/2026,Federal,Onshore,OK,Dewey,40043,NEW MEXICO,Royalties,Oil & Gas,NGL,Gas Plant Products," 20,224 "
7/1/2026,Federal,Onshore,OK,Dewey,40043,NEW MEXICO,Royalties,Oil & Gas,Oil,Condensate," 1,625 "
7/1/2026,Federal,Onshore,OK,Dewey,40043,NEW MEXICO,Royalties,Oil & Gas,Oil,Oil," 46,255 "
7/1/2026,Federal,Onshore,OK,Ellis,40045,NEW MEXICO,Other Revenues,Oil & Gas,Oil & Gas,," 165,543 "
7/1/2026,Federal,Onshore,OK,Ellis,40045,NEW MEXICO,Royalties,Oil & Gas,Gas,Flared Oil Well Gas, 46 
7/1/2026,Federal,Onshore,OK,Ellis,40045,NEW MEXICO,Royalties,Oil & Gas,Gas,Pipeline Fuel/Loss," 3,188 "
7/1/2026,Federal,Onshore,OK,Ellis,40045,NEW MEXICO,Royalties,Oil & Gas,Gas,Processed (Residue) Gas," 26,498 "
7/1/2026,Federal,Onshore,OK,Ellis,40045,NEW MEXICO,Royalties,Oil & Gas,Gas,Unprocessed Gas," (10,154)"
7/1/2026,Federal,Onshore,OK,Ellis,40045,NEW MEXICO,Royalties,Oil & Gas,NGL,Gas Plant Products," 45,086 "
7/1/2026,Federal,Onshore,OK,Ellis,40045,NEW MEXICO,Royalties,Oil & Gas,Oil,Condensate," 72,482 "
7/1/2026,Federal,Onshore,OK,Ellis,40045,NEW MEXICO,Royalties,Oil & Gas,Oil,Oil," 176,246 "
7/1/2026,Federal,Onshore,OK,Garfield,40047,NEW MEXICO,Royalties,Oil & Gas,Gas,Pipeline Fuel/Loss," 1,115 "
7/1/2026,Federal,Onshore,OK,Garfield,40047,NEW MEXICO,Royalties,Oil & Gas,Gas,Processed (Residue) Gas," 12,613 "
7/1/2026,Federal,Onshore,OK,Garfield,40047,NEW MEXICO,Royalties,Oil & Gas,Gas,Unprocessed Gas, 2 
7/1/2026,Federal,Onshore,OK,Garfield,40047,NEW MEXICO,Royalties,Oil & Gas,NGL,Gas Plant Products," 11,067 "
7/1/2026,Federal,Onshore,OK,Garfield,40047,NEW MEXICO,Royalties,Oil & Gas,Oil,Drip or Scrubber Condensate, 42 
7/1/2026,Federal,Onshore,OK,Garfield,40047,NEW MEXICO,Royalties,Oil & Gas,Oil,Inlet Scrubber, 61 
7/1/2026,Federal,Onshore,OK,Garfield,40047,NEW MEXICO,Royalties,Oil & Gas,Oil,Oil," 5,461 "
7/1/2026,Federal,Onshore,OK,Grady,40051,NEW MEXICO,Other Revenues,Oil & Gas,Oil & Gas,," (2,030)"
7/1/2026,Federal,Onshore,OK,Grady,40051,NEW MEXICO,Royalties,Oil & Gas,Gas,Pipeline Fuel/Loss, 358 
7/1/2026,Federal,Onshore,OK,Grady,40051,NEW MEXICO,Royalties,Oil & Gas,Gas,Processed (Residue) Gas," 3,934 "
7/1/2026,Federal,Onshore,OK,Grady,40051,NEW MEXICO,Royalties,Oil & Gas,Gas,Unprocessed Gas, 59 
7/1/2026,Federal,Onshore,OK,Grady,40051,NEW MEXICO,Royalties,Oil & Gas,NGL,Gas Plant Products," 5,664 "
7/1/2026,Federal,Onshore,OK,Grady,40051,NEW MEXICO,Royalties,Oil & Gas,Oil,Condensate," 2,048 "
7/1/2026,Federal,Onshore,OK,Grady,40051,NEW MEXICO,Royalties,Oil & Gas,Oil,Oil," 9,742 "
7/1/2026,Federal,Onshore,OK,Greer,40055,NEW MEXICO,Other Revenues,Oil & Gas,Oil & Gas,, 15 
7/1/2026,Federal,Onshore,OK,Greer,40055,NEW MEXICO,Royalties,Oil & Gas,Gas,Pipeline Fuel/Loss, 1 
7/1/2026,Federal,Onshore,OK,Greer,40055,NEW MEXICO,Royalties,Oil & Gas,Gas,Processed (Residue) Gas, 48 
7/1/2026,Federal,Onshore,OK,Greer,40055,NEW MEXICO,Royalties,Oil & Gas,NGL,Gas Plant Products, 38 
7/1/2026,Federal,Onshore,OK,Greer,40055,NEW MEXICO,Royalties,Oil & Gas,Oil,Drip or Scrubber Condensate, 9 
7/1/2026,Federal,Onshore,OK,Harper,40059,NEW MEXICO,Other Revenues,Oil & Gas,Oil & Gas,, 11 
7/1/2026,Federal,Onshore,OK,Harper,40059,NEW MEXICO,Royalties,Oil & Gas,Gas,Pipeline Fuel/Loss, 7 
7/1/2026,Federal,Onshore,OK,Harper,40059,NEW MEXICO,Royalties,Oil & Gas,Gas,Processed (Residue) Gas, 64 
7/1/2026,Federal,Onshore,OK,Harper,40059,NEW MEXICO,Royalties,Oil & Gas,Gas,Unprocessed Gas, 180 
7/1/2026,Federal,Onshore,OK,Harper,40059,NEW MEXICO,Royalties,Oil & Gas,NGL,Gas Plant Products, 55 
7/1/2026,Federal,Onshore,OK,Haskell,40061,NEW MEXICO,Other Revenues,Oil & Gas,Oil & Gas,, 252 
7/1/2026,Federal,Onshore,OK,Haskell,40061,NEW MEXICO,Royalties,Oil & Gas,Gas,Unprocessed Gas," 1,413 "
7/1/2026,Federal,Onshore,OK,Hughes,40063,NEW MEXICO,Other Revenues,Oil & Gas,Oil & Gas,, 15 
7/1/2026,Federal,Onshore,OK,Kingfisher,40073,NEW MEXICO,Other Revenues,Oil & Gas,Oil & Gas,, 341 
7/1/2026,Federal,Onshore,OK,Kingfisher,40073,NEW MEXICO,Royalties,Oil & Gas,Gas,Pipeline Fuel/Loss, 81 
7/1/2026,Federal,Onshore,OK,Kingfisher,40073,NEW MEXICO,Royalties,Oil & Gas,Gas,Processed (Residue) Gas," 1,357 "
7/1/2026,Federal,Onshore,OK,Kingfisher,40073,NEW MEXICO,Royalties,Oil & Gas,Gas,Unprocessed Gas, 305 
7/1/2026,Federal,Onshore,OK,Kingfisher,40073,NEW MEXICO,Royalties,Oil & Gas,NGL,Gas Plant Products," 1,683 "
7/1/2026,Federal,Onshore,OK,Kingfisher,40073,NEW MEXICO,Royalties,Oil & Gas,Oil,Condensate, 38 
7/1/2026,Federal,Onshore,OK,Kingfisher,40073,NEW MEXICO,Royalties,Oil & Gas,Oil,Drip or Scrubber Condensate, 17 
7/1/2026,Federal,Onshore,OK,Kingfisher,40073,NEW MEXICO,Royalties,Oil & Gas,Oil,Oil," 2,966 "
7/1/2026,Federal,Onshore,OK,Latimer,40077,NEW MEXICO,Other Revenues,Oil & Gas,Oil & Gas,, 20 
7/1/2026,Federal,Onshore,OK,Latimer,40077,NEW MEXICO,Royalties,Oil & Gas,Gas,Processed (Residue) Gas, 54 
7/1/2026,Federal,Onshore,OK,Latimer,40077,NEW MEXICO,Royalties,Oil & Gas,Gas,Unprocessed Gas," 1,020 "
7/1/2026,Federal,Onshore,OK,Le Flore,40079,NEW MEXICO,Other Revenues,Oil & Gas,Oil & Gas,, 53 
7/1/2026,Federal,Onshore,OK,Le Flore,40079,NEW MEXICO,Royalties,Oil & Gas,Gas,Coal Bed Methane, 5 
7/1/2026,Federal,Onshore,OK,Le Flore,40079,NEW MEXICO,Royalties,Oil & Gas,Gas,Pipeline Fuel/Loss, 7 
7/1/2026,Federal,Onshore,OK,Le Flore,40079,NEW MEXICO,Royalties,Oil & Gas,Gas,Unprocessed Gas, 470 
7/1/2026,Federal,Onshore,OK,Lincoln,40081,NEW MEXICO,Royalties,Oil & Gas,Gas,Unprocessed Gas, 54 
7/1/2026,Federal,Onshore,OK,Lincoln,40081,NEW MEXICO,Royalties,Oil & Gas,Oil,Oil, 35 
7/1/2026,Federal,Onshore,OK,Major,40093,NEW MEXICO,Other Revenues,Oil & Gas,Oil & Gas,, 688 
7/1/2026,Federal,Onshore,OK,Major,40093,NEW MEXICO,Royalties,Oil & Gas,Gas,Pipeline Fuel/Loss, 442 
7/1/2026,Federal,Onshore,OK,Major,40093,NEW MEXICO,Royalties,Oil & Gas,Gas,Processed (Residue) Gas," 8,370 "
7/1/2026,Federal,Onshore,OK,Major,40093,NEW MEXICO,Royalties,Oil & Gas,Gas,Unprocessed Gas," 2,096 "
7/1/2026,Federal,Onshore,OK,Major,40093,NEW MEXICO,Royalties,Oil & Gas,NGL,Gas Plant Products," 8,910 "
7/1/2026,Federal,Onshore,OK,Major,40093,NEW MEXICO,Royalties,Oil & Gas,Oil,Condensate," 1,717 "
7/1/2026,Federal,Onshore,OK,Major,40093,NEW MEXICO,Royalties,Oil & Gas,Oil,Drip or Scrubber Condensate, 404 
7/1/2026,Federal,Onshore,OK,Major,40093,NEW MEXICO,Royalties,Oil & Gas,Oil,Inlet Scrubber, 759 
7/1/2026,Federal,Onshore,OK,Major,40093,NEW MEXICO,Royalties,Oil & Gas,Oil,Oil," 33,642 "
7/1/2026,Federal,Onshore,OK,Mcclain,40087,NEW MEXICO,Other Revenues,Oil & Gas,Oil & Gas,, (575)
7/1/2026,Federal,Onshore,OK,Mcclain,40087,NEW MEXICO,Royalties,Oil & Gas,Gas,Pipeline Fuel/Loss, 56 
7/1/2026,Federal,Onshore,OK,Mcclain,40087,NEW MEXICO,Royalties,Oil & Gas,Gas,Processed (Residue) Gas, 600 
7/1/2026,Federal,Onshore,OK,Mcclain,40087,NEW MEXICO,Royalties,Oil & Gas,NGL,Gas Plant Products, 567 
7/1/2026,Federal,Onshore,OK,Mcclain,40087,NEW MEXICO,Royalties,Oil & Gas,Oil,Condensate, 567 
7/1/2026,Federal,Onshore,OK,Mcclain,40087,NEW MEXICO,Royalties,Oil & Gas,Oil,Oil," 3,064 "
7/1/2026,Federal,Onshore,OK,Mcintosh,40091,NEW MEXICO,Royalties,Oil & Gas,Gas,Unprocessed Gas, 85 
7/1/2026,Federal,Onshore,OK,Oklahoma,40109,NEW MEXICO,Royalties,Oil & Gas,Gas,Processed (Residue) Gas, 0 
7/1/2026,Federal,Onshore,OK,Pittsburg,40121,NEW MEXICO,Other Revenues,Oil & Gas,Oil & Gas,, 938 
7/1/2026,Federal,Onshore,OK,Pittsburg,40121,NEW MEXICO,Royalties,Oil & Gas,Gas,Pipeline Fuel/Loss, 22 
7/1/2026,Federal,Onshore,OK,Pittsburg,40121,NEW MEXICO,Royalties,Oil & Gas,Gas,Processed (Residue) Gas, 42 
7/1/2026,Federal,Onshore,OK,Pittsburg,40121,NEW MEXICO,Royalties,Oil & Gas,Gas,Unprocessed Gas," 21,133 "
7/1/2026,Federal,Onshore,OK,Roger Mills,40129,NEW MEXICO,Other Revenues,Oil & Gas,Oil & Gas,," 263,313 "
7/1/2026,Federal,Onshore,OK,Roger Mills,40129,NEW MEXICO,Royalties,Oil & Gas,Gas,Flared Gas Well Gas, 25 
7/1/2026,Federal,Onshore,OK,Roger Mills,40129,NEW MEXICO,Royalties,Oil & Gas,Gas,Flared Oil Well Gas, 86 
7/1/2026,Federal,Onshore,OK,Roger Mills,40129,NEW MEXICO,Royalties,Oil & Gas,Gas,Pipeline Fuel/Loss," 7,217 "
7/1/2026,Federal,Onshore,OK,Roger Mills,40129,NEW MEXICO,Royalties,Oil & Gas,Gas,Processed (Residue) Gas," 67,302 "
7/1/2026,Federal,Onshore,OK,Roger Mills,40129,NEW MEXICO,Royalties,Oil & Gas,Gas,Unprocessed Gas," 3,936 "
7/1/2026,Federal,Onshore,OK,Roger Mills,40129,NEW MEXICO,Royalties,Oil & Gas,NGL,Gas Plant Products," 114,092 "
7/1/2026,Federal,Onshore,OK,Roger Mills,40129,NEW MEXICO,Royalties,Oil & Gas,Oil,Condensate," 27,330 "
7/1/2026,Federal,Onshore,OK,Roger Mills,40129,NEW MEXICO,Royalties,Oil & Gas,Oil,Oil," 379,248 "
7/1/2026,Federal,Onshore,OK,Sequoyah,40135,NEW MEXICO,Royalties,Oil & Gas,Gas,Unprocessed Gas, 270 
7/1/2026,Federal,Onshore,OK,Texas,40139,NEW MEXICO,Other Revenues,Oil & Gas,Oil & Gas,, (6)
7/1/2026,Federal,Onshore,OK,Texas,40139,NEW MEXICO,Royalties,Oil & Gas,Gas,Pipeline Fuel/Loss, 52 
7/1/2026,Federal,Onshore,OK,Texas,40139,NEW MEXICO,Royalties,Oil & Gas,Gas,Processed (Residue) Gas," 1,590 "
7/1/2026,Federal,Onshore,OK,Texas,40139,NEW MEXICO,Royalties,Oil & Gas,Gas,Unprocessed Gas, 6 
7/1/2026,Federal,Onshore,OK,Texas,40139,NEW MEXICO,Royalties,Oil & Gas,NGL,Gas Plant Products, 550 
7/1/2026,Federal,Onshore,OK,Texas,40139,NEW MEXICO,Royalties,Oil & Gas,Oil,Oil, 20 
7/1/2026,Federal,Onshore,OK,Tillman,40141,NEW MEXICO,Other Revenues,Oil & Gas,Oil & Gas,, 372 
7/1/2026,Federal,Onshore,OK,Tillman,40141,NEW MEXICO,Royalties,Oil & Gas,Oil,Oil," 1,326 "
7/1/2026,Federal,Onshore,OK,Washita,40149,NEW MEXICO,Other Revenues,Oil & Gas,Oil & Gas,, 13 
7/1/2026,Federal,Onshore,OK,Washita,40149,NEW MEXICO,Royalties,Oil & Gas,Gas,Pipeline Fuel/Loss, 28 
7/1/2026,Federal,Onshore,OK,Washita,40149,NEW MEXICO,Royalties,Oil & Gas,Gas,Processed (Residue) Gas, 605 
7/1/2026,Federal,Onshore,OK,Washita,40149,NEW MEXICO,Royalties,Oil & Gas,NGL,Gas Plant Products, 759 
7/1/2026,Federal,Onshore,OK,Washita,40149,NEW MEXICO,Royalties,Oil & Gas,Oil,Condensate, 91 
7/1/2026,Federal,Onshore,OK,Woods,40151,NEW MEXICO,Other Revenues,Oil & Gas,Oil & Gas,," 2,488 "
7/1/2026,Federal,Onshore,OK,Woods,40151,NEW MEXICO,Royalties,Oil & Gas,Gas,Pipeline Fuel/Loss, 743 
7/1/2026,Federal,Onshore,OK,Woods,40151,NEW MEXICO,Royalties,Oil & Gas,Gas,Processed (Residue) Gas," 11,677 "
7/1/2026,Federal,Onshore,OK,Woods,40151,NEW MEXICO,Royalties,Oil & Gas,Gas,Unprocessed Gas," 2,101 "
7/1/2026,Federal,Onshore,OK,Woods,40151,NEW MEXICO,Royalties,Oil & Gas,NGL,Gas Plant Products," 11,032 "
7/1/2026,Federal,Onshore,OK,Woods,40151,NEW MEXICO,Royalties,Oil & Gas,Oil,Condensate," 1,708 "
7/1/2026,Federal,Onshore,OK,Woods,40151,NEW MEXICO,Royalties,Oil & Gas,Oil,Drip or Scrubber Condensate, 317 
7/1/2026,Federal,Onshore,OK,Woods,40151,NEW MEXICO,Royalties,Oil & Gas,Oil,Inlet Scrubber, 191 
7/1/2026,Federal,Onshore,OK,Woods,40151,NEW MEXICO,Royalties,Oil & Gas,Oil,Oil," 35,068 "
7/1/2026,Federal,Onshore,OK,Woodward,40153,NEW MEXICO,Other Revenues,Oil & Gas,Oil & Gas,, 47 
7/1/2026,Federal,Onshore,OK,Woodward,40153,NEW MEXICO,Royalties,Oil & Gas,Gas,Pipeline Fuel/Loss, 82 
7/1/2026,Federal,Onshore,OK,Woodward,40153,NEW MEXICO,Royalties,Oil & Gas,Gas,Processed (Residue) Gas," 1,457 "
7/1/2026,Federal,Onshore,OK,Woodward,40153,NEW MEXICO,Royalties,Oil & Gas,Gas,Unprocessed Gas, 196 
7/1/2026,Federal,Onshore,OK,Woodward,40153,NEW MEXICO,Royalties,Oil & Gas,NGL,Gas Plant Products, 790 
7/1/2026,Federal,Onshore,OK,Woodward,40153,NEW MEXICO,Royalties,Oil & Gas,Oil,Condensate, 18 
7/1/2026,Federal,Onshore,OK,Woodward,40153,NEW MEXICO,Royalties,Oil & Gas,Oil,Drip or Scrubber Condensate, 75 
7/1/2026,Federal,Onshore,OK,Woodward,40153,NEW MEXICO,Royalties,Oil & Gas,Oil,Inlet Scrubber, 144 
7/1/2026,Federal,Onshore,OR,Deschutes,41017,OREGON,Rents,Geothermal,Geothermal,," 1,005 "
7/1/2026,Federal,Onshore,OR,Malheur,41045,OREGON,Rents,Geothermal,Geothermal,," 15,708 "
7/1/2026,Federal,Onshore,PA,Armstrong,42005,EAST STATES,Other Revenues,Oil & Gas,Oil & Gas,, 11 
7/1/2026,Federal,Onshore,PA,Bradford,42015,EAST STATES,Royalties,Oil & Gas,Gas,Unprocessed Gas, 319 
7/1/2026,Federal,Onshore,PA,Forest,42053,EAST STATES,Royalties,Oil & Gas,Gas,Processed (Residue) Gas, 80 
7/1/2026,Federal,Onshore,PA,Forest,42053,EAST STATES,Royalties,Oil & Gas,NGL,Gas Plant Products, 23 
7/1/2026,Federal,Onshore,PA,Forest,42053,EAST STATES,Royalties,Oil & Gas,Oil,Oil," 1,872 "
7/1/2026,Federal,Onshore,PA,Indiana,42063,EAST STATES,Other Revenues,Oil & Gas,Oil & Gas,, 118 
7/1/2026,Federal,Onshore,PA,Westmoreland,42129,EAST STATES,Other Revenues,Oil & Gas,Oil & Gas,, 290 
7/1/2026,Federal,Onshore,PA,Westmoreland,42129,EAST STATES,Royalties,Oil & Gas,Gas,Unprocessed Gas, 16 
7/1/2026,Federal,Onshore,SD,Douglas,46043,MONTANA,Royalties,Oil & Gas,Oil,Oil, 131 
7/1/2026,Federal,Onshore,SD,Fall River,46047,MONTANA,Royalties,Oil & Gas,Oil,Oil," 20,166 "
7/1/2026,Federal,Onshore,SD,Harding,46063,MONTANA,Bonus,Oil & Gas,Oil & Gas,," 8,000 "
7/1/2026,Federal,Onshore,SD,Harding,46063,MONTANA,Other Revenues,Oil & Gas,Oil & Gas,," 3,193 "
7/1/2026,Federal,Onshore,SD,Harding,46063,MONTANA,Rents,Oil & Gas,Oil & Gas,," 2,400 "
7/1/2026,Federal,Onshore,SD,Harding,46063,MONTANA,Royalties,Oil & Gas,Gas,Flared Oil Well Gas, 61 
7/1/2026,Federal,Onshore,SD,Harding,46063,MONTANA,Royalties,Oil & Gas,Oil,Oil," 59,486 "
7/1/2026,Federal,Onshore,TX,Bowie,48037,NEW MEXICO,Other Revenues,Oil & Gas,Oil & Gas,, 101 
7/1/2026,Federal,Onshore,TX,Brazoria,48039,NEW MEXICO,Other Revenues,Oil & Gas,Oil & Gas,, -   
7/1/2026,Federal,Onshore,TX,Brazos,48041,NEW MEXICO,Royalties,Oil & Gas,Gas,Pipeline Fuel/Loss, 1 
7/1/2026,Federal,Onshore,TX,Brazos,48041,NEW MEXICO,Royalties,Oil & Gas,Gas,Processed (Residue) Gas, 2 
7/1/2026,Federal,Onshore,TX,Brazos,48041,NEW MEXICO,Royalties,Oil & Gas,Gas,Unprocessed Gas, 79 
7/1/2026,Federal,Onshore,TX,Brazos,48041,NEW MEXICO,Royalties,Oil & Gas,NGL,Gas Plant Products, 12 
7/1/2026,Federal,Onshore,TX,Brazos,48041,NEW MEXICO,Royalties,Oil & Gas,Oil,Oil, 879 
7/1/2026,Federal,Onshore,TX,Burleson,48051,NEW MEXICO,Royalties,Oil & Gas,Gas,Pipeline Fuel/Loss, 9 
7/1/2026,Federal,Onshore,TX,Burleson,48051,NEW MEXICO,Royalties,Oil & Gas,Gas,Processed (Residue) Gas, 95 
7/1/2026,Federal,Onshore,TX,Burleson,48051,NEW MEXICO,Royalties,Oil & Gas,NGL,Gas Plant Products, 271 
7/1/2026,Federal,Onshore,TX,Burleson,48051,NEW MEXICO,Royalties,Oil & Gas,Oil,Oil," 1,282 "
7/1/2026,Federal,Onshore,TX,De Witt,48123,NEW MEXICO,Royalties,Oil & Gas,Gas,Pipeline Fuel/Loss, 57 
7/1/2026,Federal,Onshore,TX,De Witt,48123,NEW MEXICO,Royalties,Oil & Gas,Gas,Processed (Residue) Gas," 3,376 "
7/1/2026,Federal,Onshore,TX,De Witt,48123,NEW MEXICO,Royalties,Oil & Gas,Gas,Unprocessed Gas, 412 
7/1/2026,Federal,Onshore,TX,De Witt,48123,NEW MEXICO,Royalties,Oil & Gas,NGL,Gas Plant Products," 5,084 "
7/1/2026,Federal,Onshore,TX,De Witt,48123,NEW MEXICO,Royalties,Oil & Gas,Oil,Condensate," 32,926 "
7/1/2026,Federal,Onshore,TX,De Witt,48123,NEW MEXICO,Royalties,Oil & Gas,Oil,Oil," 2,783 "
7/1/2026,Federal,Onshore,TX,Denton,48121,NEW MEXICO,Other Revenues,Oil & Gas,Oil & Gas,, 0 
7/1/2026,Federal,Onshore,TX,Denton,48121,NEW MEXICO,Royalties,Oil & Gas,Gas,Processed (Residue) Gas," 3,202 "
7/1/2026,Federal,Onshore,TX,Denton,48121,NEW MEXICO,Royalties,Oil & Gas,Gas,Unprocessed Gas," 18,110 "
7/1/2026,Federal,Onshore,TX,Fayette,48149,NEW MEXICO,Royalties,Oil & Gas,Gas,Pipeline Fuel/Loss, 1 
7/1/2026,Federal,Onshore,TX,Fayette,48149,NEW MEXICO,Royalties,Oil & Gas,Gas,Processed (Residue) Gas, 53 
7/1/2026,Federal,Onshore,TX,Fayette,48149,NEW MEXICO,Royalties,Oil & Gas,NGL,Gas Plant Products, 111 
7/1/2026,Federal,Onshore,TX,Fayette,48149,NEW MEXICO,Royalties,Oil & Gas,Oil,Inlet Scrubber, 30 
7/1/2026,Federal,Onshore,TX,Fayette,48149,NEW MEXICO,Royalties,Oil & Gas,Oil,Oil," 7,114 "
7/1/2026,Federal,Onshore,TX,Freestone,48161,NEW MEXICO,Royalties,Oil & Gas,Gas,Processed (Residue) Gas, 119 
7/1/2026,Federal,Onshore,TX,Galveston,48167,NEW MEXICO,Other Revenues,Oil & Gas,Oil & Gas,," 2,919 "
7/1/2026,Federal,Onshore,TX,Galveston,48167,NEW MEXICO,Royalties,Oil & Gas,Gas,Unprocessed Gas, 123 
7/1/2026,Federal,Onshore,TX,Galveston,48167,NEW MEXICO,Royalties,Oil & Gas,Oil,Oil," 34,760 "
7/1/2026,Federal,Onshore,TX,Gray,48179,NEW MEXICO,Royalties,Oil & Gas,Oil,Oil, 991 
7/1/2026,Federal,Onshore,TX,Grayson,48181,NEW MEXICO,Royalties,Oil & Gas,Gas,Processed (Residue) Gas, 25 
7/1/2026,Federal,Onshore,TX,Grayson,48181,NEW MEXICO,Royalties,Oil & Gas,NGL,Gas Plant Products, 47 
7/1/2026,Federal,Onshore,TX,Grayson,48181,NEW MEXICO,Royalties,Oil & Gas,Oil,Oil," 1,694 "
7/1/2026,Federal,Onshore,TX,Harrison,48203,NEW MEXICO,Other Revenues,Oil & Gas,Oil & Gas,," 2,887 "
7/1/2026,Federal,Onshore,TX,Hemphill,48211,NEW MEXICO,Royalties,Oil & Gas,Gas,Pipeline Fuel/Loss, 49 
7/1/2026,Federal,Onshore,TX,Hemphill,48211,NEW MEXICO,Royalties,Oil & Gas,Gas,Processed (Residue) Gas, 545 
7/1/2026,Federal,Onshore,TX,Hemphill,48211,NEW MEXICO,Royalties,Oil & Gas,NGL,Gas Plant Products, 247 
7/1/2026,Federal,Onshore,TX,Hemphill,48211,NEW MEXICO,Royalties,Oil & Gas,Oil,Oil, 927 
7/1/2026,Federal,Onshore,TX,Hidalgo,48215,NEW MEXICO,Royalties,Oil & Gas,Gas,Processed (Residue) Gas, 156 
7/1/2026,Federal,Onshore,TX,Hidalgo,48215,NEW MEXICO,Royalties,Oil & Gas,NGL,Gas Plant Products, 66 
7/1/2026,Federal,Onshore,TX,Hidalgo,48215,NEW MEXICO,Royalties,Oil & Gas,Oil,Condensate, 75 
7/1/2026,Federal,Onshore,TX,Hill,48217,NEW MEXICO,Royalties,Oil & Gas,Gas,Unprocessed Gas, 101 
7/1/2026,Federal,Onshore,TX,Houston,48225,NEW MEXICO,Other Revenues,Oil & Gas,Oil & Gas,, 3 
7/1/2026,Federal,Onshore,TX,Houston,48225,NEW MEXICO,Royalties,Oil & Gas,Gas,Unprocessed Gas, 801 
7/1/2026,Federal,Onshore,TX,Johnson,48251,NEW MEXICO,Royalties,Oil & Gas,Gas,Unprocessed Gas, 248 
7/1/2026,Federal,Onshore,TX,Karnes,48255,NEW MEXICO,Other Revenues,Oil & Gas,Oil & Gas,," (4,750)"
7/1/2026,Federal,Onshore,TX,Karnes,48255,NEW MEXICO,Royalties,Oil & Gas,Gas,Pipeline Fuel/Loss, 329 
7/1/2026,Federal,Onshore,TX,Karnes,48255,NEW MEXICO,Royalties,Oil & Gas,Gas,Processed (Residue) Gas," 1,281 "
7/1/2026,Federal,Onshore,TX,Karnes,48255,NEW MEXICO,Royalties,Oil & Gas,NGL,Gas Plant Products," 2,699 "
7/1/2026,Federal,Onshore,TX,Karnes,48255,NEW MEXICO,Royalties,Oil & Gas,Oil,Condensate," 1,155 "
7/1/2026,Federal,Onshore,TX,Karnes,48255,NEW MEXICO,Royalties,Oil & Gas,Oil,Drip or Scrubber Condensate," 1,948 "
7/1/2026,Federal,Onshore,TX,Karnes,48255,NEW MEXICO,Royalties,Oil & Gas,Oil,Oil," 23,238 "
7/1/2026,Federal,Onshore,TX,Lee,48287,NEW MEXICO,Other Revenues,Oil & Gas,Oil & Gas,, 64 
7/1/2026,Federal,Onshore,TX,Lee,48287,NEW MEXICO,Royalties,Oil & Gas,Gas,Processed (Residue) Gas, 187 
7/1/2026,Federal,Onshore,TX,Lee,48287,NEW MEXICO,Royalties,Oil & Gas,NGL,Gas Plant Products, 606 
7/1/2026,Federal,Onshore,TX,Lee,48287,NEW MEXICO,Royalties,Oil & Gas,Oil,Oil," 1,079 "
7/1/2026,Federal,Onshore,TX,Live Oak,48297,NEW MEXICO,Other Revenues,Oil & Gas,Oil & Gas,," 1,326 "
7/1/2026,Federal,Onshore,TX,Live Oak,48297,NEW MEXICO,Royalties,Oil & Gas,Gas,Processed (Residue) Gas, 188 
7/1/2026,Federal,Onshore,TX,Live Oak,48297,NEW MEXICO,Royalties,Oil & Gas,NGL,Gas Plant Products, 227 
7/1/2026,Federal,Onshore,TX,Mcmullen,48311,NEW MEXICO,Other Revenues,Oil & Gas,Oil & Gas,, 124 
7/1/2026,Federal,Onshore,TX,Mcmullen,48311,NEW MEXICO,Royalties,Oil & Gas,Gas,Pipeline Fuel/Loss, 0 
7/1/2026,Federal,Onshore,TX,Mcmullen,48311,NEW MEXICO,Royalties,Oil & Gas,Gas,Processed (Residue) Gas, 9 
7/1/2026,Federal,Onshore,TX,Mcmullen,48311,NEW MEXICO,Royalties,Oil & Gas,NGL,Gas Plant Products, 7 
7/1/2026,Federal,Onshore,TX,Mcmullen,48311,NEW MEXICO,Royalties,Oil & Gas,Oil,Condensate, 0 
7/1/2026,Federal,Onshore,TX,Montgomery,48339,NEW MEXICO,Royalties,Oil & Gas,Gas,Pipeline Fuel/Loss, 572 
7/1/2026,Federal,Onshore,TX,Montgomery,48339,NEW MEXICO,Royalties,Oil & Gas,Gas,Processed (Residue) Gas," 4,382 "
7/1/2026,Federal,Onshore,TX,Montgomery,48339,NEW MEXICO,Royalties,Oil & Gas,Gas,Unprocessed Gas, 146 
7/1/2026,Federal,Onshore,TX,Montgomery,48339,NEW MEXICO,Royalties,Oil & Gas,Oil,Oil," 3,460 "
7/1/2026,Federal,Onshore,TX,Pecos,48371,NEW MEXICO,Royalties,Oil & Gas,Gas,Pipeline Fuel/Loss, 10 
7/1/2026,Federal,Onshore,TX,Pecos,48371,NEW MEXICO,Royalties,Oil & Gas,Gas,Processed (Residue) Gas, 19 
7/1/2026,Federal,Onshore,TX,Pecos,48371,NEW MEXICO,Royalties,Oil & Gas,NGL,Gas Plant Products, 373 
7/1/2026,Federal,Onshore,TX,Pecos,48371,NEW MEXICO,Royalties,Oil & Gas,Oil,Oil," 1,413 "
7/1/2026,Federal,Onshore,TX,Sabine,48403,NEW MEXICO,Other Revenues,Oil & Gas,Oil & Gas,, 628 
7/1/2026,Federal,Onshore,TX,Sabine,48403,NEW MEXICO,Royalties,Oil & Gas,Gas,Unprocessed Gas," 11,207 "
7/1/2026,Federal,Onshore,TX,San Augustine,48405,NEW MEXICO,Other Revenues,Oil & Gas,Oil & Gas,," 4,343 "
7/1/2026,Federal,Onshore,TX,San Augustine,48405,NEW MEXICO,Royalties,Oil & Gas,Gas,Unprocessed Gas," 647,135 "
7/1/2026,Federal,Onshore,TX,Shelby,48419,NEW MEXICO,Other Revenues,Oil & Gas,Oil & Gas,," (84,924)"
7/1/2026,Federal,Onshore,TX,Shelby,48419,NEW MEXICO,Royalties,Oil & Gas,Gas,Pipeline Fuel/Loss, 794 
7/1/2026,Federal,Onshore,TX,Shelby,48419,NEW MEXICO,Royalties,Oil & Gas,Gas,Processed (Residue) Gas, 5 
7/1/2026,Federal,Onshore,TX,Shelby,48419,NEW MEXICO,Royalties,Oil & Gas,Gas,Unprocessed Gas," 862,888 "
7/1/2026,Federal,Onshore,TX,Shelby,48419,NEW MEXICO,Royalties,Oil & Gas,Oil,Condensate," 1,893 "
7/1/2026,Federal,Onshore,TX,Starr,48427,NEW MEXICO,Other Revenues,Oil & Gas,Oil & Gas,, 103 
7/1/2026,Federal,Onshore,TX,Starr,48427,NEW MEXICO,Royalties,Oil & Gas,Gas,Unprocessed Gas," 24,547 "
7/1/2026,Federal,Onshore,TX,Tarrant,48439,NEW MEXICO,Other Revenues,Oil & Gas,Oil & Gas,, 268 
7/1/2026,Federal,Onshore,TX,Tarrant,48439,NEW MEXICO,Royalties,Oil & Gas,Gas,Pipeline Fuel/Loss, 112 
7/1/2026,Federal,Onshore,TX,Tarrant,48439,NEW MEXICO,Royalties,Oil & Gas,Gas,Processed (Residue) Gas," 6,505 "
7/1/2026,Federal,Onshore,TX,Tarrant,48439,NEW MEXICO,Royalties,Oil & Gas,Gas,Unprocessed Gas," 29,228 "
7/1/2026,Federal,Onshore,TX,Tarrant,48439,NEW MEXICO,Royalties,Oil & Gas,NGL,Gas Plant Products," 9,848 "
7/1/2026,Federal,Onshore,TX,Walker,48471,NEW MEXICO,Royalties,Oil & Gas,Gas,Pipeline Fuel/Loss, 76 
7/1/2026,Federal,Onshore,TX,Walker,48471,NEW MEXICO,Royalties,Oil & Gas,Gas,Processed (Residue) Gas, 583 
7/1/2026,Federal,Onshore,TX,Walker,48471,NEW MEXICO,Royalties,Oil & Gas,Oil,Oil, 461 
7/1/2026,Federal,Onshore,TX,Washington,48477,NEW MEXICO,Other Revenues,Oil & Gas,Oil & Gas,, 128 
7/1/2026,Federal,Onshore,TX,Washington,48477,NEW MEXICO,Royalties,Oil & Gas,Gas,Flared Gas Well Gas, 2 
7/1/2026,Federal,Onshore,TX,Washington,48477,NEW MEXICO,Royalties,Oil & Gas,Gas,Pipeline Fuel/Loss, 22 
7/1/2026,Federal,Onshore,TX,Washington,48477,NEW MEXICO,Royalties,Oil & Gas,Gas,Processed (Residue) Gas," 1,951 "
7/1/2026,Federal,Onshore,TX,Washington,48477,NEW MEXICO,Royalties,Oil & Gas,NGL,Gas Plant Products," 3,508 "
7/1/2026,Federal,Onshore,TX,Washington,48477,NEW MEXICO,Royalties,Oil & Gas,Oil,Oil," 7,070 "
7/1/2026,Federal,Onshore,TX,Wheeler,48483,NEW MEXICO,Royalties,Oil & Gas,Gas,Pipeline Fuel/Loss, 1 
7/1/2026,Federal,Onshore,TX,Wheeler,48483,NEW MEXICO,Royalties,Oil & Gas,Gas,Processed (Residue) Gas, 14 
7/1/2026,Federal,Onshore,TX,Wheeler,48483,NEW MEXICO,Royalties,Oil & Gas,Gas,Unprocessed Gas," 2,900 "
7/1/2026,Federal,Onshore,TX,Wheeler,48483,NEW MEXICO,Royalties,Oil & Gas,NGL,Gas Plant Products, 17 
7/1/2026,Federal,Onshore,TX,Wheeler,48483,NEW MEXICO,Royalties,Oil & Gas,Oil,Condensate, 26 
7/1/2026,Federal,Onshore,TX,Wheeler,48483,NEW MEXICO,Royalties,Oil & Gas,Oil,Oil," 2,501 "
7/1/2026,Federal,Onshore,TX,Wise,48497,NEW MEXICO,Other Revenues,Oil & Gas,Oil & Gas,, 331 
7/1/2026,Federal,Onshore,TX,Wise,48497,NEW MEXICO,Royalties,Oil & Gas,Gas,Pipeline Fuel/Loss, 867 
7/1/2026,Federal,Onshore,TX,Wise,48497,NEW MEXICO,Royalties,Oil & Gas,Gas,Processed (Residue) Gas," 33,093 "
7/1/2026,Federal,Onshore,TX,Wise,48497,NEW MEXICO,Royalties,Oil & Gas,Gas,Unprocessed Gas," 1,137 "
7/1/2026,Federal,Onshore,TX,Wise,48497,NEW MEXICO,Royalties,Oil & Gas,NGL,Gas Plant Products," 37,874 "
7/1/2026,Federal,Onshore,TX,Wise,48497,NEW MEXICO,Royalties,Oil & Gas,Oil,Condensate," 11,318 "
7/1/2026,Federal,Onshore,TX,Wise,48497,NEW MEXICO,Royalties,Oil & Gas,Oil,Drip or Scrubber Condensate, 1 
7/1/2026,Federal,Onshore,TX,Wise,48497,NEW MEXICO,Royalties,Oil & Gas,Oil,Inlet Scrubber," 3,332 "
7/1/2026,Federal,Onshore,TX,Wise,48497,NEW MEXICO,Royalties,Oil & Gas,Oil,Oil," 2,646 "
7/1/2026,Federal,Onshore,TX,Zapata,48505,NEW MEXICO,Other Revenues,Oil & Gas,Oil & Gas,, 2 
7/1/2026,Federal,Onshore,TX,Zapata,48505,NEW MEXICO,Royalties,Oil & Gas,Gas,Unprocessed Gas," 1,360 "
7/1/2026,Federal,Onshore,UT,Beaver,49001,UTAH,Rents,Geothermal,Geothermal,," 36,329 "
7/1/2026,Federal,Onshore,UT,Beaver,49001,UTAH,Royalties,Geothermal,Geothermal,"Geothermal - Electrical Generation, Kilowatt Hours"," 39,085 "
7/1/2026,Federal,Onshore,UT,Carbon,49007,UTAH,Other Revenues,Coal,Coal,," 273,541 "
7/1/2026,Federal,Onshore,UT,Carbon,49007,UTAH,Other Revenues,Oil & Gas,Oil & Gas,, 20 
7/1/2026,Federal,Onshore,UT,Carbon,49007,UTAH,Rents,Coal,Coal,," 16,773 "
7/1/2026,Federal,Onshore,UT,Carbon,49007,UTAH,Rents,Oil & Gas,Oil & Gas,, -   
7/1/2026,Federal,Onshore,UT,Carbon,49007,UTAH,Royalties,Coal,Coal,Coal," 1,466 "
7/1/2026,Federal,Onshore,UT,Carbon,49007,UTAH,Royalties,Coal,Coal,Coal Waste (Sub-Econ), -   
7/1/2026,Federal,Onshore,UT,Carbon,49007,UTAH,Royalties,Oil & Gas,Carbon Dioxide,Carbon Dioxide Gas (CO2)," 11,180 "
7/1/2026,Federal,Onshore,UT,Carbon,49007,UTAH,Royalties,Oil & Gas,Gas,Coal Bed Methane," 28,638 "
7/1/2026,Federal,Onshore,UT,Carbon,49007,UTAH,Royalties,Oil & Gas,Gas,Unprocessed Gas," 130,224 "
7/1/2026,Federal,Onshore,UT,Carbon,49007,UTAH,Royalties,Oil & Gas,Oil,Oil," 29,771 "
7/1/2026,Federal,Onshore,UT,Daggett,49009,UTAH,Other Revenues,Oil & Gas,Oil & Gas,," 79,552 "
7/1/2026,Federal,Onshore,UT,Daggett,49009,UTAH,Rents,Oil & Gas,Oil & Gas,, -   
7/1/2026,Federal,Onshore,UT,Daggett,49009,UTAH,Royalties,Oil & Gas,Gas,Unprocessed Gas," 2,586 "
7/1/2026,Federal,Onshore,UT,Daggett,49009,UTAH,Royalties,Oil & Gas,Oil,Condensate, 116 
7/1/2026,Federal,Onshore,UT,Duchesne,49013,UTAH,Other Revenues,Oil & Gas,Oil & Gas,," 1,244 "
7/1/2026,Federal,Onshore,UT,Duchesne,49013,UTAH,Rents,Oil & Gas,Oil & Gas,, 868 
7/1/2026,Federal,Onshore,UT,Duchesne,49013,UTAH,Royalties,Oil & Gas,Gas,Pipeline Fuel/Loss," 1,679 "
7/1/2026,Federal,Onshore,UT,Duchesne,49013,UTAH,Royalties,Oil & Gas,Gas,Processed (Residue) Gas," 7,090 "
7/1/2026,Federal,Onshore,UT,Duchesne,49013,UTAH,Royalties,Oil & Gas,Gas,Unprocessed Gas, 21 
7/1/2026,Federal,Onshore,UT,Duchesne,49013,UTAH,Royalties,Oil & Gas,NGL,Gas Plant Products," 30,670 "
7/1/2026,Federal,Onshore,UT,Duchesne,49013,UTAH,Royalties,Oil & Gas,Oil,Condensate, 280 
7/1/2026,Federal,Onshore,UT,Duchesne,49013,UTAH,Royalties,Oil & Gas,Oil,Drip or Scrubber Condensate," 29,342 "
7/1/2026,Federal,Onshore,UT,Duchesne,49013,UTAH,Royalties,Oil & Gas,Oil,Inlet Scrubber, 328 
7/1/2026,Federal,Onshore,UT,Duchesne,49013,UTAH,Royalties,Oil & Gas,Oil,Oil," 3,529,831 "
7/1/2026,Federal,Onshore,UT,Emery,49015,UTAH,Other Revenues,Coal,Coal,, (87)
7/1/2026,Federal,Onshore,UT,Emery,49015,UTAH,Other Revenues,Oil & Gas,Oil & Gas,, 130 
7/1/2026,Federal,Onshore,UT,Emery,49015,UTAH,Rents,Coal,Coal,," 11,706 "
7/1/2026,Federal,Onshore,UT,Emery,49015,UTAH,Rents,Oil & Gas,Oil & Gas,, 120 
7/1/2026,Federal,Onshore,UT,Emery,49015,UTAH,Royalties,Coal,Coal,Coal," 6,889 "
7/1/2026,Federal,Onshore,UT,Emery,49015,UTAH,Royalties,Coal,Coal,Coal Waste (Sub-Econ), -   
7/1/2026,Federal,Onshore,UT,Emery,49015,UTAH,Royalties,Oil & Gas,Carbon Dioxide,Carbon Dioxide Gas (CO2)," 1,912 "
7/1/2026,Federal,Onshore,UT,Emery,49015,UTAH,Royalties,Oil & Gas,Gas,Coal Bed Methane," 7,232 "
7/1/2026,Federal,Onshore,UT,Emery,49015,UTAH,Royalties,Oil & Gas,Gas,Pipeline Fuel/Loss, 476 
7/1/2026,Federal,Onshore,UT,Emery,49015,UTAH,Royalties,Oil & Gas,Gas,Unprocessed Gas," 1,628 "
7/1/2026,Federal,Onshore,UT,Garfield,49017,UTAH,Rents,Oil & Gas,Oil & Gas,, 81 
7/1/2026,Federal,Onshore,UT,Garfield,49017,UTAH,Royalties,Oil & Gas,Oil,Oil," 95,394 "
7/1/2026,Federal,Onshore,UT,Grand,49019,UTAH,Bonus,Oil & Gas,Oil & Gas,," 822,572 "
7/1/2026,Federal,Onshore,UT,Grand,49019,UTAH,Other Revenues,Oil & Gas,Oil & Gas,," 19,284 "
7/1/2026,Federal,Onshore,UT,Grand,49019,UTAH,Rents,Oil & Gas,Oil & Gas,," 9,974 "
7/1/2026,Federal,Onshore,UT,Grand,49019,UTAH,Royalties,Oil & Gas,Gas,Flared Gas Well Gas, 46 
7/1/2026,Federal,Onshore,UT,Grand,49019,UTAH,Royalties,Oil & Gas,Gas,Pipeline Fuel/Loss, 681 
7/1/2026,Federal,Onshore,UT,Grand,49019,UTAH,Royalties,Oil & Gas,Gas,Processed (Residue) Gas," 9,509 "
7/1/2026,Federal,Onshore,UT,Grand,49019,UTAH,Royalties,Oil & Gas,Gas,Unprocessed Gas," 4,162 "
7/1/2026,Federal,Onshore,UT,Grand,49019,UTAH,Royalties,Oil & Gas,NGL,Gas Plant Products," 1,740 "
7/1/2026,Federal,Onshore,UT,Grand,49019,UTAH,Royalties,Oil & Gas,Oil,Condensate," 1,053 "
7/1/2026,Federal,Onshore,UT,Grand,49019,UTAH,Royalties,Oil & Gas,Oil,Drip or Scrubber Condensate, 765 
7/1/2026,Federal,Onshore,UT,Grand,49019,UTAH,Royalties,Oil & Gas,Oil,Oil," 57,203 "
7/1/2026,Federal,Onshore,UT,Iron,49021,UTAH,Rents,Geothermal,Geothermal,," 100,734 "
7/1/2026,Federal,Onshore,UT,Kane,49025,UTAH,Other Revenues,Coal,Coal,," 14,046 "
7/1/2026,Federal,Onshore,UT,Kane,49025,UTAH,Rents,Coal,Coal,," 6,327 "
7/1/2026,Federal,Onshore,UT,Millard,49027,UTAH,Rents,Geothermal,Geothermal,," 11,578 "
7/1/2026,Federal,Onshore,UT,Millard,49027,UTAH,Royalties,Geothermal,Geothermal,"Geothermal - Electrical Generation, Kilowatt Hours"," 2,746 "
7/1/2026,Federal,Onshore,UT,San Juan,49037,UTAH,Bonus,Oil & Gas,Oil & Gas,," 16,930 "
7/1/2026,Federal,Onshore,UT,San Juan,49037,UTAH,Other Revenues,Oil & Gas,Oil & Gas,," 19,969 "
7/1/2026,Federal,Onshore,UT,San Juan,49037,UTAH,Rents,Oil & Gas,Oil & Gas,," 13,140 "
7/1/2026,Federal,Onshore,UT,San Juan,49037,UTAH,Royalties,Oil & Gas,Gas,Flared Gas Well Gas, 0 
7/1/2026,Federal,Onshore,UT,San Juan,49037,UTAH,Royalties,Oil & Gas,Gas,Pipeline Fuel/Loss," 2,068 "
7/1/2026,Federal,Onshore,UT,San Juan,49037,UTAH,Royalties,Oil & Gas,Gas,Processed (Residue) Gas," 4,283 "
7/1/2026,Federal,Onshore,UT,San Juan,49037,UTAH,Royalties,Oil & Gas,Gas,Unprocessed Gas," 50,221 "
7/1/2026,Federal,Onshore,UT,San Juan,49037,UTAH,Royalties,Oil & Gas,NGL,Gas Plant Products," 1,545 "
7/1/2026,Federal,Onshore,UT,San Juan,49037,UTAH,Royalties,Oil & Gas,Oil,Inlet Scrubber, 254 
7/1/2026,Federal,Onshore,UT,San Juan,49037,UTAH,Royalties,Oil & Gas,Oil,Oil," 187,149 "
7/1/2026,Federal,Onshore,UT,Sanpete,49039,UTAH,Rents,Coal,Coal,," 8,079 "
7/1/2026,Federal,Onshore,UT,Sanpete,49039,UTAH,Rents,Oil & Gas,Oil & Gas,," 5,082 "
7/1/2026,Federal,Onshore,UT,Sanpete,49039,UTAH,Royalties,Coal,Coal,Coal," 349,260 "
7/1/2026,Federal,Onshore,UT,Sanpete,49039,UTAH,Royalties,Oil & Gas,Oil,Oil," 33,246 "
7/1/2026,Federal,Onshore,UT,Sevier,49041,UTAH,Rents,Coal,Coal,," 1,440 "
7/1/2026,Federal,Onshore,UT,Sevier,49041,UTAH,Rents,Oil & Gas,Oil & Gas,," 9,882 "
7/1/2026,Federal,Onshore,UT,Sevier,49041,UTAH,Royalties,Coal,Coal,Coal," 563,594 "
7/1/2026,Federal,Onshore,UT,Sevier,49041,UTAH,Royalties,Oil & Gas,Oil,Oil," 695,979 "
7/1/2026,Federal,Onshore,UT,Summit,49043,UTAH,Royalties,Oil & Gas,Gas,Unprocessed Gas," 1,305 "
7/1/2026,Federal,Onshore,UT,Summit,49043,UTAH,Royalties,Oil & Gas,Oil,Oil," 24,745 "
7/1/2026,Federal,Onshore,UT,Tooele,49045,UTAH,Royalties,Potassium,Potassium,Magnesium Chloride Brine," 4,456 "
7/1/2026,Federal,Onshore,UT,Tooele,49045,UTAH,Royalties,Potassium,Potassium,Manure Salts, -   
7/1/2026,Federal,Onshore,UT,Tooele,49045,UTAH,Royalties,Potassium,Potassium,Potash," 6,070 "
7/1/2026,Federal,Onshore,UT,Tooele,49045,UTAH,Royalties,Potassium,Sodium,Salt, -   
7/1/2026,Federal,Onshore,UT,Uintah,49047,UTAH,Bonus,Oil & Gas,Oil & Gas,," 119,385,437 "
7/1/2026,Federal,Onshore,UT,Uintah,49047,UTAH,Other Revenues,Gilsonite,Gilsonite,, 84 
7/1/2026,Federal,Onshore,UT,Uintah,49047,UTAH,Other Revenues,Oil & Gas,Oil & Gas,," (299,837)"
7/1/2026,Federal,Onshore,UT,Uintah,49047,UTAH,Rents,Gilsonite,Gilsonite,, 20 
7/1/2026,Federal,Onshore,UT,Uintah,49047,UTAH,Rents,Oil & Gas,Oil & Gas,," 407,768 "
7/1/2026,Federal,Onshore,UT,Uintah,49047,UTAH,Royalties,Gilsonite,Gilsonite,Gilsonite," (749,233)"
7/1/2026,Federal,Onshore,UT,Uintah,49047,UTAH,Royalties,Oil & Gas,Gas,Flared Gas Well Gas, 12 
7/1/2026,Federal,Onshore,UT,Uintah,49047,UTAH,Royalties,Oil & Gas,Gas,Flared Oil Well Gas, 36 
7/1/2026,Federal,Onshore,UT,Uintah,49047,UTAH,Royalties,Oil & Gas,Gas,Pipeline Fuel/Loss," 42,620 "
7/1/2026,Federal,Onshore,UT,Uintah,49047,UTAH,Royalties,Oil & Gas,Gas,Processed (Residue) Gas," 1,001,814 "
7/1/2026,Federal,Onshore,UT,Uintah,49047,UTAH,Royalties,Oil & Gas,Gas,Unprocessed Gas," 67,000 "
7/1/2026,Federal,Onshore,UT,Uintah,49047,UTAH,Royalties,Oil & Gas,NGL,Gas Plant Products," 1,070,630 "
7/1/2026,Federal,Onshore,UT,Uintah,49047,UTAH,Royalties,Oil & Gas,Oil,Condensate," 1,052,174 "
7/1/2026,Federal,Onshore,UT,Uintah,49047,UTAH,Royalties,Oil & Gas,Oil,Drip or Scrubber Condensate," 70,252 "
7/1/2026,Federal,Onshore,UT,Uintah,49047,UTAH,Royalties,Oil & Gas,Oil,Inlet Scrubber, 639 
7/1/2026,Federal,Onshore,UT,Uintah,49047,UTAH,Royalties,Oil & Gas,Oil,Oil," 2,669,180 "
7/1/2026,Federal,Onshore,UT,Utah,49049,UTAH,Other Revenues,Oil & Gas,Oil & Gas,," 1,098 "
7/1/2026,Federal,Onshore,UT,Utah,49049,UTAH,Royalties,Oil & Gas,Gas,Flared Oil Well Gas, 0 
7/1/2026,Federal,Onshore,UT,Utah,49049,UTAH,Royalties,Oil & Gas,Gas,Pipeline Fuel/Loss, 233 
7/1/2026,Federal,Onshore,UT,Utah,49049,UTAH,Royalties,Oil & Gas,Gas,Processed (Residue) Gas, 411 
7/1/2026,Federal,Onshore,UT,Utah,49049,UTAH,Royalties,Oil & Gas,Gas,Unprocessed Gas," 3,810 "
7/1/2026,Federal,Onshore,UT,Utah,49049,UTAH,Royalties,Oil & Gas,NGL,Gas Plant Products, 159 
7/1/2026,Federal,Onshore,UT,Utah,49049,UTAH,Royalties,Oil & Gas,Oil,Inlet Scrubber, 30 
7/1/2026,Federal,Onshore,UT,Utah,49049,UTAH,Royalties,Oil & Gas,Oil,Oil," 1,181 "
7/1/2026,Federal,Onshore,UT,Utah,49049,UTAH,Royalties,Phosphate,Phosphate,Phosphate Raw Ore, 422 
7/1/2026,Federal,Onshore,VA,Dickenson,51051,EAST STATES,Royalties,Oil & Gas,Gas,Unprocessed Gas," 1,765 "
7/1/2026,Federal,Onshore,VA,Wise,51195,EAST STATES,Royalties,Oil & Gas,Gas,Unprocessed Gas, 263 
7/1/2026,Federal,Onshore,WV,Braxton,54007,EAST STATES,Other Revenues,Oil & Gas,Oil & Gas,, 430 
7/1/2026,Federal,Onshore,WV,Grant,54023,EAST STATES,Other Revenues,Oil & Gas,Oil & Gas,," 4,828 "
7/1/2026,Federal,Onshore,WV,Lewis,54041,EAST STATES,Other Revenues,Oil & Gas,Oil & Gas,," 19,133 "
7/1/2026,Federal,Onshore,WV,Preston,54077,EAST STATES,Other Revenues,Oil & Gas,Oil & Gas,, 39 
7/1/2026,Federal,Onshore,WV,Randolph,54083,EAST STATES,Royalties,Oil & Gas,Gas,Unprocessed Gas, 318 
7/1/2026,Federal,Onshore,WV,Tucker,54093,EAST STATES,Other Revenues,Oil & Gas,Oil & Gas,, 57 
7/1/2026,Federal,Onshore,WY,Albany,56001,WYOMING,Royalties,Oil & Gas,Gas,Pipeline Fuel/Loss, 57 
7/1/2026,Federal,Onshore,WY,Albany,56001,WYOMING,Royalties,Oil & Gas,Oil,Oil," 12,823 "
7/1/2026,Federal,Onshore,WY,Big Horn,56003,WYOMING,Other Revenues,Oil & Gas,Oil & Gas,, 97 
7/1/2026,Federal,Onshore,WY,Big Horn,56003,WYOMING,Rents,Oil & Gas,Oil & Gas,, 214 
7/1/2026,Federal,Onshore,WY,Big Horn,56003,WYOMING,Royalties,Oil & Gas,Gas,Processed (Residue) Gas, 335 
7/1/2026,Federal,Onshore,WY,Big Horn,56003,WYOMING,Royalties,Oil & Gas,Gas,Unprocessed Gas," 4,448 "
7/1/2026,Federal,Onshore,WY,Big Horn,56003,WYOMING,Royalties,Oil & Gas,NGL,Gas Plant Products," 1,362 "
7/1/2026,Federal,Onshore,WY,Big Horn,56003,WYOMING,Royalties,Oil & Gas,Oil,Oil," 290,508 "
7/1/2026,Federal,Onshore,WY,Campbell,56005,WYOMING,Other Revenues,Oil & Gas,Oil & Gas,," 2,610,520 "
7/1/2026,Federal,Onshore,WY,Campbell,56005,WYOMING,Rents,Coal,Coal,," 40,836 "
7/1/2026,Federal,Onshore,WY,Campbell,56005,WYOMING,Rents,Oil & Gas,Oil & Gas,," 30,543 "
7/1/2026,Federal,Onshore,WY,Campbell,56005,WYOMING,Royalties,Coal,Coal,Coal," 13,647,977 "
7/1/2026,Federal,Onshore,WY,Campbell,56005,WYOMING,Royalties,Oil & Gas,Gas,Coal Bed Methane," 36,036 "
7/1/2026,Federal,Onshore,WY,Campbell,56005,WYOMING,Royalties,Oil & Gas,Gas,Flared Gas Well Gas," 5,544 "
7/1/2026,Federal,Onshore,WY,Campbell,56005,WYOMING,Royalties,Oil & Gas,Gas,Flared Oil Well Gas," 19,754 "
7/1/2026,Federal,Onshore,WY,Campbell,56005,WYOMING,Royalties,Oil & Gas,Gas,Gas Lost - Flared or Vented," (5,538)"
7/1/2026,Federal,Onshore,WY,Campbell,56005,WYOMING,Royalties,Oil & Gas,Gas,Pipeline Fuel/Loss," 72,914 "
7/1/2026,Federal,Onshore,WY,Campbell,56005,WYOMING,Royalties,Oil & Gas,Gas,Processed (Residue) Gas," 694,795 "
7/1/2026,Federal,Onshore,WY,Campbell,56005,WYOMING,Royalties,Oil & Gas,Gas,Unprocessed Gas," 8,272 "
7/1/2026,Federal,Onshore,WY,Campbell,56005,WYOMING,Royalties,Oil & Gas,Gas,Vented Gas Well Gas, 15 
7/1/2026,Federal,Onshore,WY,Campbell,56005,WYOMING,Royalties,Oil & Gas,Gas,Vented Oil Well Gas, 122 
7/1/2026,Federal,Onshore,WY,Campbell,56005,WYOMING,Royalties,Oil & Gas,NGL,Gas Plant Products," 1,742,996 "
7/1/2026,Federal,Onshore,WY,Campbell,56005,WYOMING,Royalties,Oil & Gas,Oil,Condensate," 15,051 "
7/1/2026,Federal,Onshore,WY,Campbell,56005,WYOMING,Royalties,Oil & Gas,Oil,Drip or Scrubber Condensate," 187,963 "
7/1/2026,Federal,Onshore,WY,Campbell,56005,WYOMING,Royalties,Oil & Gas,Oil,Inlet Scrubber," 49,817 "
7/1/2026,Federal,Onshore,WY,Campbell,56005,WYOMING,Royalties,Oil & Gas,Oil,Oil," 14,549,601 "
7/1/2026,Federal,Onshore,WY,Campbell,56005,WYOMING,Royalties,Oil & Gas,Oil,Other Liquid Hydrocarbons," 1,673 "
7/1/2026,Federal,Onshore,WY,Carbon,56007,WYOMING,Other Revenues,Oil & Gas,Oil & Gas,," 13,854 "
7/1/2026,Federal,Onshore,WY,Carbon,56007,WYOMING,Rents,Oil & Gas,Oil & Gas,," 19,509 "
7/1/2026,Federal,Onshore,WY,Carbon,56007,WYOMING,Royalties,Oil & Gas,Gas,Coal Bed Methane," 4,662 "
7/1/2026,Federal,Onshore,WY,Carbon,56007,WYOMING,Royalties,Oil & Gas,Gas,Pipeline Fuel/Loss," 23,179 "
7/1/2026,Federal,Onshore,WY,Carbon,56007,WYOMING,Royalties,Oil & Gas,Gas,Processed (Residue) Gas," 687,985 "
7/1/2026,Federal,Onshore,WY,Carbon,56007,WYOMING,Royalties,Oil & Gas,Gas,Unprocessed Gas," 16,818 "
7/1/2026,Federal,Onshore,WY,Carbon,56007,WYOMING,Royalties,Oil & Gas,NGL,Gas Plant Products," 780,121 "
7/1/2026,Federal,Onshore,WY,Carbon,56007,WYOMING,Royalties,Oil & Gas,Oil,Condensate," 2,161 "
7/1/2026,Federal,Onshore,WY,Carbon,56007,WYOMING,Royalties,Oil & Gas,Oil,Inlet Scrubber," 4,157 "
7/1/2026,Federal,Onshore,WY,Carbon,56007,WYOMING,Royalties,Oil & Gas,Oil,Oil," 1,427,657 "
7/1/2026,Federal,Onshore,WY,Converse,56009,WYOMING,Other Revenues,Oil & Gas,Oil & Gas,," (905,644)"
7/1/2026,Federal,Onshore,WY,Converse,56009,WYOMING,Rents,Oil & Gas,Oil & Gas,," 7,328 "
7/1/2026,Federal,Onshore,WY,Converse,56009,WYOMING,Royalties,Coal,Coal,Coal," 2,249 "
7/1/2026,Federal,Onshore,WY,Converse,56009,WYOMING,Royalties,Oil & Gas,Gas,Coal Bed Methane, 168 
7/1/2026,Federal,Onshore,WY,Converse,56009,WYOMING,Royalties,Oil & Gas,Gas,Flared Gas Well Gas," 1,788 "
7/1/2026,Federal,Onshore,WY,Converse,56009,WYOMING,Royalties,Oil & Gas,Gas,Flared Oil Well Gas," 21,604 "
7/1/2026,Federal,Onshore,WY,Converse,56009,WYOMING,Royalties,Oil & Gas,Gas,Gas Lost - Flared or Vented," (4,005)"
7/1/2026,Federal,Onshore,WY,Converse,56009,WYOMING,Royalties,Oil & Gas,Gas,Pipeline Fuel/Loss," 104,171 "
7/1/2026,Federal,Onshore,WY,Converse,56009,WYOMING,Royalties,Oil & Gas,Gas,Processed (Residue) Gas," 785,337 "
7/1/2026,Federal,Onshore,WY,Converse,56009,WYOMING,Royalties,Oil & Gas,Gas,Unprocessed Gas," 2,064 "
7/1/2026,Federal,Onshore,WY,Converse,56009,WYOMING,Royalties,Oil & Gas,Gas,Vented Gas Well Gas, 5 
7/1/2026,Federal,Onshore,WY,Converse,56009,WYOMING,Royalties,Oil & Gas,Gas,Vented Oil Well Gas, 51 
7/1/2026,Federal,Onshore,WY,Converse,56009,WYOMING,Royalties,Oil & Gas,NGL,Gas Plant Products," 1,692,103 "
7/1/2026,Federal,Onshore,WY,Converse,56009,WYOMING,Royalties,Oil & Gas,Oil,Condensate," 30,321 "
7/1/2026,Federal,Onshore,WY,Converse,56009,WYOMING,Royalties,Oil & Gas,Oil,Drip or Scrubber Condensate," 574,054 "
7/1/2026,Federal,Onshore,WY,Converse,56009,WYOMING,Royalties,Oil & Gas,Oil,Inlet Scrubber," 163,566 "
7/1/2026,Federal,Onshore,WY,Converse,56009,WYOMING,Royalties,Oil & Gas,Oil,Oil," 33,782,818 "
7/1/2026,Federal,Onshore,WY,Converse,56009,WYOMING,Royalties,Oil & Gas,Oil,Other Liquid Hydrocarbons," 4,141 "
7/1/2026,Federal,Onshore,WY,Crook,56011,WYOMING,Other Revenues,Oil & Gas,Oil & Gas,," 5,589 "
7/1/2026,Federal,Onshore,WY,Crook,56011,WYOMING,Rents,Oil & Gas,Oil & Gas,, 167 
7/1/2026,Federal,Onshore,WY,Crook,56011,WYOMING,Royalties,Oil & Gas,Gas,Pipeline Fuel/Loss, 218 
7/1/2026,Federal,Onshore,WY,Crook,56011,WYOMING,Royalties,Oil & Gas,Gas,Unprocessed Gas, 67 
7/1/2026,Federal,Onshore,WY,Crook,56011,WYOMING,Royalties,Oil & Gas,Oil,Oil," 264,498 "
7/1/2026,Federal,Onshore,WY,Fremont,56013,WYOMING,Other Revenues,Oil & Gas,Oil & Gas,," (57,851)"
7/1/2026,Federal,Onshore,WY,Fremont,56013,WYOMING,Rents,Oil & Gas,Oil & Gas,," 11,259 "
7/1/2026,Federal,Onshore,WY,Fremont,56013,WYOMING,Royalties,Oil & Gas,Gas,Pipeline Fuel/Loss, 0 
7/1/2026,Federal,Onshore,WY,Fremont,56013,WYOMING,Royalties,Oil & Gas,Gas,Processed (Residue) Gas," 203,340 "
7/1/2026,Federal,Onshore,WY,Fremont,56013,WYOMING,Royalties,Oil & Gas,Gas,Unprocessed Gas," 174,435 "
7/1/2026,Federal,Onshore,WY,Fremont,56013,WYOMING,Royalties,Oil & Gas,NGL,Gas Plant Products," 30,952 "
7/1/2026,Federal,Onshore,WY,Fremont,56013,WYOMING,Royalties,Oil & Gas,Oil,Condensate," 48,738 "
7/1/2026,Federal,Onshore,WY,Fremont,56013,WYOMING,Royalties,Oil & Gas,Oil,Oil," 604,421 "
7/1/2026,Federal,Onshore,WY,Fremont,56013,WYOMING,Royalties,Oil & Gas,Sulfur,Sulfur," 37,191 "
7/1/2026,Federal,Onshore,WY,Goshen,56015,WYOMING,Royalties,Oil & Gas,Oil,Oil," 9,629 "
7/1/2026,Federal,Onshore,WY,Hot Springs,56017,WYOMING,Other Revenues,Oil & Gas,Oil & Gas,," 2,638 "
7/1/2026,Federal,Onshore,WY,Hot Springs,56017,WYOMING,Rents,Oil & Gas,Oil & Gas,," 3,681 "
7/1/2026,Federal,Onshore,WY,Hot Springs,56017,WYOMING,Royalties,Oil & Gas,Oil,Oil," 846,679 "
7/1/2026,Federal,Onshore,WY,Johnson,56019,WYOMING,Other Revenues,Oil & Gas,Oil & Gas,," (231,728)"
7/1/2026,Federal,Onshore,WY,Johnson,56019,WYOMING,Rents,Oil & Gas,Oil & Gas,," 20,945 "
7/1/2026,Federal,Onshore,WY,Johnson,56019,WYOMING,Royalties,Oil & Gas,Gas,Coal Bed Methane," 96,228 "
7/1/2026,Federal,Onshore,WY,Johnson,56019,WYOMING,Royalties,Oil & Gas,Gas,Flared Oil Well Gas," 2,441 "
7/1/2026,Federal,Onshore,WY,Johnson,56019,WYOMING,Royalties,Oil & Gas,Gas,Pipeline Fuel/Loss," 1,705 "
7/1/2026,Federal,Onshore,WY,Johnson,56019,WYOMING,Royalties,Oil & Gas,Gas,Processed (Residue) Gas," 54,865 "
7/1/2026,Federal,Onshore,WY,Johnson,56019,WYOMING,Royalties,Oil & Gas,Gas,Unprocessed Gas, 588 
7/1/2026,Federal,Onshore,WY,Johnson,56019,WYOMING,Royalties,Oil & Gas,Gas,Vented Oil Well Gas, 4 
7/1/2026,Federal,Onshore,WY,Johnson,56019,WYOMING,Royalties,Oil & Gas,NGL,Gas Plant Products," 130,545 "
7/1/2026,Federal,Onshore,WY,Johnson,56019,WYOMING,Royalties,Oil & Gas,Oil,Drip or Scrubber Condensate, 221 
7/1/2026,Federal,Onshore,WY,Johnson,56019,WYOMING,Royalties,Oil & Gas,Oil,Inlet Scrubber, 187 
7/1/2026,Federal,Onshore,WY,Johnson,56019,WYOMING,Royalties,Oil & Gas,Oil,Oil," 2,712,735 "
7/1/2026,Federal,Onshore,WY,Johnson,56019,WYOMING,Royalties,Oil & Gas,Oil,Other Liquid Hydrocarbons, 1 
7/1/2026,Federal,Onshore,WY,Laramie,56021,WYOMING,Other Revenues,Oil & Gas,Oil & Gas,," (5,780)"
7/1/2026,Federal,Onshore,WY,Laramie,56021,WYOMING,Royalties,Oil & Gas,Gas,Flared Oil Well Gas, 193 
7/1/2026,Federal,Onshore,WY,Laramie,56021,WYOMING,Royalties,Oil & Gas,Gas,Pipeline Fuel/Loss, 379 
7/1/2026,Federal,Onshore,WY,Laramie,56021,WYOMING,Royalties,Oil & Gas,Gas,Processed (Residue) Gas, 690 
7/1/2026,Federal,Onshore,WY,Laramie,56021,WYOMING,Royalties,Oil & Gas,Gas,Unprocessed Gas, 364 
7/1/2026,Federal,Onshore,WY,Laramie,56021,WYOMING,Royalties,Oil & Gas,Gas,Vented Oil Well Gas, 0 
7/1/2026,Federal,Onshore,WY,Laramie,56021,WYOMING,Royalties,Oil & Gas,NGL,Gas Plant Products," 2,471 "
7/1/2026,Federal,Onshore,WY,Laramie,56021,WYOMING,Royalties,Oil & Gas,Oil,Drip or Scrubber Condensate," 1,259 "
7/1/2026,Federal,Onshore,WY,Laramie,56021,WYOMING,Royalties,Oil & Gas,Oil,Inlet Scrubber, 99 
7/1/2026,Federal,Onshore,WY,Laramie,56021,WYOMING,Royalties,Oil & Gas,Oil,Oil," 72,843 "
7/1/2026,Federal,Onshore,WY,Lincoln,56023,WYOMING,Other Revenues,Oil & Gas,Gas,Unprocessed Gas, -   
7/1/2026,Federal,Onshore,WY,Lincoln,56023,WYOMING,Other Revenues,Oil & Gas,Oil & Gas,," (27,633)"
7/1/2026,Federal,Onshore,WY,Lincoln,56023,WYOMING,Rents,Oil & Gas,Oil & Gas,," 3,651 "
7/1/2026,Federal,Onshore,WY,Lincoln,56023,WYOMING,Royalties,Oil & Gas,Gas,Pipeline Fuel/Loss," 5,464 "
7/1/2026,Federal,Onshore,WY,Lincoln,56023,WYOMING,Royalties,Oil & Gas,Gas,Processed (Residue) Gas," 169,195 "
7/1/2026,Federal,Onshore,WY,Lincoln,56023,WYOMING,Royalties,Oil & Gas,Gas,Unprocessed Gas," 21,678 "
7/1/2026,Federal,Onshore,WY,Lincoln,56023,WYOMING,Royalties,Oil & Gas,NGL,Gas Plant Products," 137,267 "
7/1/2026,Federal,Onshore,WY,Lincoln,56023,WYOMING,Royalties,Oil & Gas,Oil,Condensate," 54,342 "
7/1/2026,Federal,Onshore,WY,Lincoln,56023,WYOMING,Royalties,Oil & Gas,Oil,Inlet Scrubber," 16,311 "
7/1/2026,Federal,Onshore,WY,Lincoln,56023,WYOMING,Royalties,Oil & Gas,Oil,Oil," 52,744 "
7/1/2026,Federal,Onshore,WY,Lincoln,56023,WYOMING,Royalties,Oil & Gas,Sulfur,Sulfur," 126,315 "
7/1/2026,Federal,Onshore,WY,Lincoln,56023,WYOMING,Royalties,Sodium,Sodium,Salt, -   
7/1/2026,Federal,Onshore,WY,Natrona,56025,WYOMING,Other Revenues,Oil & Gas,Gas,Processed (Residue) Gas, -   
7/1/2026,Federal,Onshore,WY,Natrona,56025,WYOMING,Other Revenues,Oil & Gas,Oil & Gas,," (53,008)"
7/1/2026,Federal,Onshore,WY,Natrona,56025,WYOMING,Rents,Oil & Gas,Oil & Gas,," 2,517 "
7/1/2026,Federal,Onshore,WY,Natrona,56025,WYOMING,Royalties,Oil & Gas,Gas,Pipeline Fuel/Loss, 0 
7/1/2026,Federal,Onshore,WY,Natrona,56025,WYOMING,Royalties,Oil & Gas,Gas,Processed (Residue) Gas," 56,608 "
7/1/2026,Federal,Onshore,WY,Natrona,56025,WYOMING,Royalties,Oil & Gas,Gas,Unprocessed Gas," 4,890 "
7/1/2026,Federal,Onshore,WY,Natrona,56025,WYOMING,Royalties,Oil & Gas,NGL,Gas Plant Products," 54,322 "
7/1/2026,Federal,Onshore,WY,Natrona,56025,WYOMING,Royalties,Oil & Gas,Oil,Condensate," 27,348 "
7/1/2026,Federal,Onshore,WY,Natrona,56025,WYOMING,Royalties,Oil & Gas,Oil,Drip or Scrubber Condensate," 20,342 "
7/1/2026,Federal,Onshore,WY,Natrona,56025,WYOMING,Royalties,Oil & Gas,Oil,Oil," 2,654,240 "
7/1/2026,Federal,Onshore,WY,Natrona,56025,WYOMING,Royalties,Oil & Gas,Sulfur,Sulfur," 3,056 "
7/1/2026,Federal,Onshore,WY,Niobrara,56027,WYOMING,Other Revenues,Oil & Gas,Oil & Gas,," 13,164 "
7/1/2026,Federal,Onshore,WY,Niobrara,56027,WYOMING,Rents,Oil & Gas,Oil & Gas,," 21,021 "
7/1/2026,Federal,Onshore,WY,Niobrara,56027,WYOMING,Royalties,Oil & Gas,Gas,Flared Oil Well Gas," 1,040 "
7/1/2026,Federal,Onshore,WY,Niobrara,56027,WYOMING,Royalties,Oil & Gas,Gas,Pipeline Fuel/Loss," 1,842 "
7/1/2026,Federal,Onshore,WY,Niobrara,56027,WYOMING,Royalties,Oil & Gas,Gas,Processed (Residue) Gas," 15,006 "
7/1/2026,Federal,Onshore,WY,Niobrara,56027,WYOMING,Royalties,Oil & Gas,Gas,Unprocessed Gas, 319 
7/1/2026,Federal,Onshore,WY,Niobrara,56027,WYOMING,Royalties,Oil & Gas,NGL,Gas Plant Products," 22,800 "
7/1/2026,Federal,Onshore,WY,Niobrara,56027,WYOMING,Royalties,Oil & Gas,Oil,Condensate," 2,355 "
7/1/2026,Federal,Onshore,WY,Niobrara,56027,WYOMING,Royalties,Oil & Gas,Oil,Drip or Scrubber Condensate," 9,395 "
7/1/2026,Federal,Onshore,WY,Niobrara,56027,WYOMING,Royalties,Oil & Gas,Oil,Inlet Scrubber," 1,703 "
7/1/2026,Federal,Onshore,WY,Niobrara,56027,WYOMING,Royalties,Oil & Gas,Oil,Oil," 720,769 "
7/1/2026,Federal,Onshore,WY,Park,56029,WYOMING,Other Revenues,Oil & Gas,Oil & Gas,," 11,506 "
7/1/2026,Federal,Onshore,WY,Park,56029,WYOMING,Rents,Oil & Gas,Oil & Gas,," 5,795 "
7/1/2026,Federal,Onshore,WY,Park,56029,WYOMING,Royalties,Oil & Gas,Gas,Processed (Residue) Gas," 3,628 "
7/1/2026,Federal,Onshore,WY,Park,56029,WYOMING,Royalties,Oil & Gas,Gas,Unprocessed Gas," 16,441 "
7/1/2026,Federal,Onshore,WY,Park,56029,WYOMING,Royalties,Oil & Gas,NGL,Gas Plant Products," 29,138 "
7/1/2026,Federal,Onshore,WY,Park,56029,WYOMING,Royalties,Oil & Gas,Oil,Condensate," 1,188 "
7/1/2026,Federal,Onshore,WY,Park,56029,WYOMING,Royalties,Oil & Gas,Oil,Oil," 2,179,100 "
7/1/2026,Federal,Onshore,WY,Park,56029,WYOMING,Royalties,Oil & Gas,Sulfur,Sulfur," 19,793 "
7/1/2026,Federal,Onshore,WY,Sublette,56035,WYOMING,Other Revenues,Oil & Gas,Oil & Gas,," 1,499,419 "
7/1/2026,Federal,Onshore,WY,Sublette,56035,WYOMING,Rents,Oil & Gas,Oil & Gas,," 21,413 "
7/1/2026,Federal,Onshore,WY,Sublette,56035,WYOMING,Royalties,Oil & Gas,Carbon Dioxide,Carbon Dioxide Gas (CO2)," 103,906 "
7/1/2026,Federal,Onshore,WY,Sublette,56035,WYOMING,Royalties,Oil & Gas,Gas,Coal Bed Methane, 30 
7/1/2026,Federal,Onshore,WY,Sublette,56035,WYOMING,Royalties,Oil & Gas,Gas,Pipeline Fuel/Loss," 55,923 "
7/1/2026,Federal,Onshore,WY,Sublette,56035,WYOMING,Royalties,Oil & Gas,Gas,Processed (Residue) Gas," 2,341,085 "
7/1/2026,Federal,Onshore,WY,Sublette,56035,WYOMING,Royalties,Oil & Gas,Gas,Unprocessed Gas," 73,143 "
7/1/2026,Federal,Onshore,WY,Sublette,56035,WYOMING,Royalties,Oil & Gas,NGL,Gas Plant Products," 1,666,797 "
7/1/2026,Federal,Onshore,WY,Sublette,56035,WYOMING,Royalties,Oil & Gas,Oil,Condensate," 788,443 "
7/1/2026,Federal,Onshore,WY,Sublette,56035,WYOMING,Royalties,Oil & Gas,Oil,Drip or Scrubber Condensate, 569 
7/1/2026,Federal,Onshore,WY,Sublette,56035,WYOMING,Royalties,Oil & Gas,Oil,Oil," 1,251,405 "
7/1/2026,Federal,Onshore,WY,Sweetwater,56037,WYOMING,Bonus,Oil & Gas,Oil & Gas,," 2,676,913 "
7/1/2026,Federal,Onshore,WY,Sweetwater,56037,WYOMING,Other Revenues,Oil & Gas,Oil & Gas,," (55,730)"
7/1/2026,Federal,Onshore,WY,Sweetwater,56037,WYOMING,Other Revenues,Sodium,Sodium,, 369 
7/1/2026,Federal,Onshore,WY,Sweetwater,56037,WYOMING,Rents,Oil & Gas,Oil & Gas,," 141,363 "
7/1/2026,Federal,Onshore,WY,Sweetwater,56037,WYOMING,Royalties,Coal,Coal,Coal," 31,989 "
7/1/2026,Federal,Onshore,WY,Sweetwater,56037,WYOMING,Royalties,Oil & Gas,Gas,Pipeline Fuel/Loss," 12,822 "
7/1/2026,Federal,Onshore,WY,Sweetwater,56037,WYOMING,Royalties,Oil & Gas,Gas,Processed (Residue) Gas," 328,670 "
7/1/2026,Federal,Onshore,WY,Sweetwater,56037,WYOMING,Royalties,Oil & Gas,Gas,Unprocessed Gas," 309,738 "
7/1/2026,Federal,Onshore,WY,Sweetwater,56037,WYOMING,Royalties,Oil & Gas,NGL,Gas Plant Products," 483,280 "
7/1/2026,Federal,Onshore,WY,Sweetwater,56037,WYOMING,Royalties,Oil & Gas,Oil,Condensate," 173,663 "
7/1/2026,Federal,Onshore,WY,Sweetwater,56037,WYOMING,Royalties,Oil & Gas,Oil,Drip or Scrubber Condensate," 3,286 "
7/1/2026,Federal,Onshore,WY,Sweetwater,56037,WYOMING,Royalties,Oil & Gas,Oil,Inlet Scrubber," 4,784 "
7/1/2026,Federal,Onshore,WY,Sweetwater,56037,WYOMING,Royalties,Oil & Gas,Oil,Oil," 984,226 "
7/1/2026,Federal,Onshore,WY,Sweetwater,56037,WYOMING,Royalties,Sodium,Mine Water,Mine Water, -   
7/1/2026,Federal,Onshore,WY,Sweetwater,56037,WYOMING,Royalties,Sodium,Soda Ash,Soda Ash," 1,288,052 "
7/1/2026,Federal,Onshore,WY,Sweetwater,56037,WYOMING,Royalties,Sodium,Sodium,Caustic, -   
7/1/2026,Federal,Onshore,WY,Sweetwater,56037,WYOMING,Royalties,Sodium,Sodium,Purge Liquor," 2,116 "
7/1/2026,Federal,Onshore,WY,Sweetwater,56037,WYOMING,Royalties,Sodium,Sodium,Sodium Bi-Carbonate," 51,961 "
7/1/2026,Federal,Onshore,WY,Sweetwater,56037,WYOMING,Royalties,Sodium,Sodium,Sodium Bisulfite, -   
7/1/2026,Federal,Onshore,WY,Sweetwater,56037,WYOMING,Royalties,Sodium,Sodium,Sodium Decahydrate, -   
7/1/2026,Federal,Onshore,WY,Sweetwater,56037,WYOMING,Royalties,Sodium,Sodium,Sodium Sesquicarbonate, -   
7/1/2026,Federal,Onshore,WY,Sweetwater,56037,WYOMING,Royalties,Sodium,Sodium,Sulfide, -   
7/1/2026,Federal,Onshore,WY,Sweetwater,56037,WYOMING,Royalties,Sodium,Sodium,Trona Ore," 182,332 "
7/1/2026,Federal,Onshore,WY,Uinta,56041,WYOMING,Other Revenues,Oil & Gas,Oil & Gas,," 8,265 "
7/1/2026,Federal,Onshore,WY,Uinta,56041,WYOMING,Rents,Oil & Gas,Oil & Gas,," 1,393 "
7/1/2026,Federal,Onshore,WY,Uinta,56041,WYOMING,Royalties,Oil & Gas,Gas,Pipeline Fuel/Loss, 612 
7/1/2026,Federal,Onshore,WY,Uinta,56041,WYOMING,Royalties,Oil & Gas,Gas,Processed (Residue) Gas," 37,920 "
7/1/2026,Federal,Onshore,WY,Uinta,56041,WYOMING,Royalties,Oil & Gas,Gas,Unprocessed Gas," 29,402 "
7/1/2026,Federal,Onshore,WY,Uinta,56041,WYOMING,Royalties,Oil & Gas,NGL,Gas Plant Products," 31,693 "
7/1/2026,Federal,Onshore,WY,Uinta,56041,WYOMING,Royalties,Oil & Gas,Oil,Condensate," 17,756 "
7/1/2026,Federal,Onshore,WY,Uinta,56041,WYOMING,Royalties,Oil & Gas,Oil,Inlet Scrubber," 18,623 "
7/1/2026,Federal,Onshore,WY,Uinta,56041,WYOMING,Royalties,Oil & Gas,Oil,Oil," 85,732 "
7/1/2026,Federal,Onshore,WY,Uinta,56041,WYOMING,Royalties,Oil & Gas,Sulfur,Sulfur," 103,474 "
7/1/2026,Federal,Onshore,WY,Washakie,56043,WYOMING,Other Revenues,Oil & Gas,Oil & Gas,," 1,969 "
7/1/2026,Federal,Onshore,WY,Washakie,56043,WYOMING,Rents,Oil & Gas,Oil & Gas,, 416 
7/1/2026,Federal,Onshore,WY,Washakie,56043,WYOMING,Royalties,Oil & Gas,Gas,Unprocessed Gas," 5,642 "
7/1/2026,Federal,Onshore,WY,Washakie,56043,WYOMING,Royalties,Oil & Gas,NGL,Gas Plant Products, 352 
7/1/2026,Federal,Onshore,WY,Washakie,56043,WYOMING,Royalties,Oil & Gas,Oil,Oil," 172,281 "
7/1/2026,Federal,Onshore,WY,Weston,56045,WYOMING,Other Revenues,Oil & Gas,Oil & Gas,," 3,336 "
7/1/2026,Federal,Onshore,WY,Weston,56045,WYOMING,Rents,Oil & Gas,Oil & Gas,," 8,620 "
7/1/2026,Federal,Onshore,WY,Weston,56045,WYOMING,Royalties,Oil & Gas,Gas,Pipeline Fuel/Loss," 1,552 "
7/1/2026,Federal,Onshore,WY,Weston,56045,WYOMING,Royalties,Oil & Gas,Gas,Processed (Residue) Gas," 3,330 "
7/1/2026,Federal,Onshore,WY,Weston,56045,WYOMING,Royalties,Oil & Gas,Gas,Unprocessed Gas, 334 
7/1/2026,Federal,Onshore,WY,Weston,56045,WYOMING,Royalties,Oil & Gas,NGL,Gas Plant Products," 8,656 "
7/1/2026,Federal,Onshore,WY,Weston,56045,WYOMING,Royalties,Oil & Gas,Oil,Drip or Scrubber Condensate, 11 
7/1/2026,Federal,Onshore,WY,Weston,56045,WYOMING,Royalties,Oil & Gas,Oil,Inlet Scrubber," 1,001 "
7/1/2026,Federal,Onshore,WY,Weston,56045,WYOMING,Royalties,Oil & Gas,Oil,Oil," 109,049 "
7/1/2026,Indian,Onshore,,,,,Other Revenues,Coal,Coal,," 13,503 "
7/1/2026,Indian,Onshore,,,,,Other Revenues,Copper,Copper,," 141,667 "
7/1/2026,Indian,Onshore,,,,,Other Revenues,Gypsum,Gypsum,," (6,038)"
7/1/2026,Indian,Onshore,,,,,Other Revenues,Limestone,Limestone,," 8,859 "
7/1/2026,Indian,Onshore,,,,,Other Revenues,Oil & Gas,Gas,Processed (Residue) Gas, (22)
7/1/2026,Indian,Onshore,,,,,Other Revenues,Oil & Gas,Gas,Unprocessed Gas, (55)
7/1/2026,Indian,Onshore,,,,,Other Revenues,Oil & Gas,NGL,Gas Plant Products, (32)
7/1/2026,Indian,Onshore,,,,,Other Revenues,Oil & Gas,Oil,Sour Crude," (2,777)"
7/1/2026,Indian,Onshore,,,,,Other Revenues,Oil & Gas,Oil,Sweet Crude," (2,383)"
7/1/2026,Indian,Onshore,,,,,Other Revenues,Oil & Gas,Oil & Gas,," 11,370,680 "
7/1/2026,Indian,Onshore,,,,,Rents,Coal,Coal,," 49,716 "
7/1/2026,Indian,Onshore,,,,,Rents,Oil & Gas,Oil & Gas,," 131,700 "
7/1/2026,Indian,Onshore,,,,,Royalties,Coal,Coal,Coal," 4,177,065 "
7/1/2026,Indian,Onshore,,,,,Royalties,Coal,Humate,Humate, 985 
7/1/2026,Indian,Onshore,,,,,Royalties,Copper,Copper,Copper, -   
7/1/2026,Indian,Onshore,,,,,Royalties,Geothermal,Geothermal,"Geothermal - Electrical Generation, Kilowatt Hours", 193 
7/1/2026,Indian,Onshore,,,,,Royalties,Gypsum,Gypsum,Gypsum," 6,038 "
7/1/2026,Indian,Onshore,,,,,Royalties,Mining-Unspecified,Humate,Humate, -   
7/1/2026,Indian,Onshore,,,,,Royalties,Oil & Gas,Gas,Coal Bed Methane," 492,149 "
7/1/2026,Indian,Onshore,,,,,Royalties,Oil & Gas,Gas,Flared Gas Well Gas," (3,156)"
7/1/2026,Indian,Onshore,,,,,Royalties,Oil & Gas,Gas,Flared Oil Well Gas," 187,386 "
7/1/2026,Indian,Onshore,,,,,Royalties,Oil & Gas,Gas,Gas Lost - Flared or Vented," (15,140)"
7/1/2026,Indian,Onshore,,,,,Royalties,Oil & Gas,Gas,Pipeline Fuel/Loss," 22,679 "
7/1/2026,Indian,Onshore,,,,,Royalties,Oil & Gas,Gas,Processed (Residue) Gas," (3,274,987)"
7/1/2026,Indian,Onshore,,,,,Royalties,Oil & Gas,Gas,Unprocessed Gas," 16,543,672 "
7/1/2026,Indian,Onshore,,,,,Royalties,Oil & Gas,Gas,Vented Gas Well Gas, 82 
7/1/2026,Indian,Onshore,,,,,Royalties,Oil & Gas,Gas,Vented Oil Well Gas," 2,724 "
7/1/2026,Indian,Onshore,,,,,Royalties,Oil & Gas,Helium,Helium," 101,398 "
7/1/2026,Indian,Onshore,,,,,Royalties,Oil & Gas,NGL,Gas Plant Products," (8,604,938)"
7/1/2026,Indian,Onshore,,,,,Royalties,Oil & Gas,Oil,Asphaltic Crude," 606,691 "
7/1/2026,Indian,Onshore,,,,,Royalties,Oil & Gas,Oil,Black Wax Crude," 2,534,507 "
7/1/2026,Indian,Onshore,,,,,Royalties,Oil & Gas,Oil,Condensate," 1,604,047 "
7/1/2026,Indian,Onshore,,,,,Royalties,Oil & Gas,Oil,Drip or Scrubber Condensate," (97,405)"
7/1/2026,Indian,Onshore,,,,,Royalties,Oil & Gas,Oil,Inlet Scrubber," (217,234)"
7/1/2026,Indian,Onshore,,,,,Royalties,Oil & Gas,Oil,Other Liquid Hydrocarbons," 2,462 "
7/1/2026,Indian,Onshore,,,,,Royalties,Oil & Gas,Oil,Sour Crude," 186,308 "
7/1/2026,Indian,Onshore,,,,,Royalties,Oil & Gas,Oil,Sweet Crude," 68,844,593 "
7/1/2026,Indian,Onshore,,,,,Royalties,Oil & Gas,Oil,Yellow Wax Crude," 17,885,250 "
7/1/2026,Indian,Onshore,,,,,Royalties,Sand & Gravel,Sand & Gravel,Sand/Gravel, 428 
