Sale Year,Commodity,Product Code,Product Code Description, Sale Volume ,RVLA
1984,,,,0,"$880,876.48"
1984,Carbon Dioxide,17,Carbon Dioxide Gas (CO2),"62,767,726","$3,892,630.89"
1984,Coal,EC,Coal-Bituminous-Processed,"24,553","$123,836.22"
1984,Coal,ED,Coal-Bituminous-Raw,"3,483,083","$5,685,505.21"
1984,Coal,EG,Coal-Lignite-Raw,"560,862","$771,998.65"
1984,Coal,EH,Coal-Subbituminous-Processed,-1,"-$123,647.07"
1984,Coal,EI,Coal-Subbituminous-Raw,"27,071,071","$11,664,492.61"
1984,Coal,ER,Coal-Resin,"40,616",$73.10
1984,Coal,ES,Coal-Fines Circuit,0,"$109,917.40"
1984,Copper,CH,Copper Concentrate,496,"$12,452.25"
1984,Gas,03,Processed (Residue) Gas,"2,202,505,697","$501,185,421.10"
1984,Gas,04,Unprocessed (Wet) Gas,"4,288,189,304","$2,083,334,522.79"
1984,Gas,12,Flash Gas,"2,247,456","$911,334.74"
1984,Gas,15,Fuel Gas,"13,869,768","$1,816,469.85"
1984,Gas,16,Gas Lost - Flared or Vented,"323,930","$129,910.64"
1984,Geothermal,27,,"623,548,353","$203,505.11"
1984,Granite,GG,Granite,SENSITIVE,$0.00
1984,Helium,22,Helium,SENSITIVE,"$29,488.26"
1984,Lead,PC,Lead Concentrate,"60,968","$372,499.55"
1984,Molybdenum,MO,Molybdenum,SENSITIVE,$81.66
1984,NGL,07,Gas Plant Products,"1,451,506,883","$62,762,097.56"
1984,Oil,01,Oil,"624,946,451","$2,360,348,006.29"
1984,Oil,02,Condensate,"56,463,357","$225,222,612.58"
1984,Oil,05,Drip or Scrubber Condensate,"784,509","$1,361,373.97"
1984,Oil,06,Inlet Scrubber,381,$171.99
1984,Oil,13,Fuel Oil,"162,439","$408,085.35"
1984,Oil,14,Oil Lost,353,"$1,180.87"
1984,Oil,20,Other Liquid Hydrocarbons,"11,382","$21,036.87"
1984,Other,00,,"117,137,330","$45,060,154.81"
1984,Phosphate,PK,Phosphate Raw Ore,"883,268","$535,999.06"
1984,Phosphate,PN,Potassium Sulphate-Standard,"55,965","$218,473.61"
1984,Potassium,JD,Muriate Of Potash-Standard,"43,218","$58,916.92"
1984,Potassium,JL,Muriate Of Potash-Granular,"104,604","$136,015.44"
1984,Potassium,LC,Langbeinite-Granular,"150,011","$236,896.99"
1984,Potassium,LD,Langbeinite-Standard,"126,668","$158,983.07"
1984,Potassium,LS,Langbeinite-Special Std,"53,139","$78,200.67"
1984,Potassium,MG,Magnesium Chloride Brine,"42,136","$20,176.62"
1984,Potassium,PS,Potassium Sulphate Special Std,"8,388","$32,976.18"
1984,Potassium,PT,Potassium Sulphate-Granular,"49,206","$220,985.19"
1984,Scoria,SC,Scoria,SENSITIVE,"$2,030.54"
1984,Soda Ash,SJ,Soda Ash,"-7,299","$665,787.09"
1984,Soda Ash,SL,Soda Ash-Granular,"5,747","$38,200.76"
1984,Sodium,BR,Burkeite Brine,"4,298","$15,900.00"
1984,Sodium,PP,Purge Liquor,"5,809",$803.00
1984,Sodium,SP,Sodium Sesquicarbonate,"-5,734","-$3,292.32"
1984,Sulfur,19,Sulfur,"625,984","$99,103.42"
1984,Uranium,UA,Uranium-Raw Ore,SENSITIVE,"$191,931.68"
1984,Uranium,UU,Uranium Conc.(Yellow Cake),SENSITIVE,"$296,329.53"
1984,Zinc,ZA,Zinc Concentrate,"16,502","$313,332.33"
1985,,,,0,"$3,899,131.32"
1985,Bentonite,BD,Bentonite,0,$0.00
1985,Carbon Dioxide,17,Carbon Dioxide Gas (CO2),"158,497,640","$13,147,518.94"
1985,Coal,EC,Coal-Bituminous-Processed,"3,050,101","$5,419,793.97"
1985,Coal,ED,Coal-Bituminous-Raw,"30,866,148","$25,458,856.39"
1985,Coal,EG,Coal-Lignite-Raw,"12,640,725","$7,896,583.85"
1985,Coal,EH,Coal-Subbituminous-Processed,"594,084","$87,258.39"
1985,Coal,EI,Coal-Subbituminous-Raw,"145,321,032","$99,644,279.23"
1985,Coal,ER,Coal-Resin,"77,822",$140.08
1985,Coal,ES,Coal-Fines Circuit,"22,902","$32,939.00"
1985,Copper,CH,Copper Concentrate,"4,963","$53,302.58"
1985,Copper,CI,Copper Concentrate(Mill-Equiv),0,$0.00
1985,Copper,CJ,Copper Ore,SENSITIVE,"$122,560.51"
1985,Fluorspar Concentrate,FD,Fluorspar Concentrate-Chemical,"1,879","$16,032.57"
1985,Garnet,GB,Garnet Sands,0,$0.00
1985,Garnet,GC,Garnet Concession Sale,0,$0.00
1985,Gas,03,Processed (Residue) Gas,"1,525,814,832","$353,490,509.27"
1985,Gas,04,Unprocessed (Wet) Gas,"4,360,310,761","$1,964,593,791.69"
1985,Gas,12,Flash Gas,"1,582,183","$488,681.04"
1985,Gas,15,Fuel Gas,"13,115,023","$1,726,250.40"
1985,Gas,16,Gas Lost - Flared or Vented,"1,118,829","$259,905.26"
1985,Geothermal,27,,"1,572,101,112","$457,551.89"
1985,Glaserite,GL,Glaserite,531,$186.00
1985,Helium,22,Helium,SENSITIVE,"$17,875.57"
1985,Lead,PC,Lead Concentrate,"253,629","$1,782,078.51"
1985,Lead,PE,Lead Concentrate (Mill Equiv),"49,208","$225,655.22"
1985,Molybdenum,MO,Molybdenum,SENSITIVE,$24.98
1985,NGL,07,Gas Plant Products,"885,163,388","$47,145,901.96"
1985,Oil,01,Oil,"621,347,592","$2,191,314,371.59"
1985,Oil,02,Condensate,"53,403,052","$202,334,341.03"
1985,Oil,05,Drip or Scrubber Condensate,"307,472","$925,073.77"
1985,Oil,13,Fuel Oil,"51,347","$134,667.40"
1985,Oil,14,Oil Lost,538,"$1,427.79"
1985,Oil,20,Other Liquid Hydrocarbons,"9,593","$16,171.78"
1985,Other,00,,"126,532,111","$74,627,856.15"
1985,Phosphate,PK,Phosphate Raw Ore,"3,507,398","$3,227,294.08"
1985,Phosphate,PM,Phosphatic Clay,965,$231.60
1985,Phosphate,PN,Potassium Sulphate-Standard,"62,123","$237,228.78"
1985,Phosphate,PQ,Phosphate Precipitator Dust,SENSITIVE,"$22,661.52"
1985,Potassium,JA,Muriate Of Potash-Coarse,"35,770","$56,436.80"
1985,Potassium,JC,Muriate Of Potash-Chemical,"7,900","$33,973.16"
1985,Potassium,JD,Muriate Of Potash-Standard,"216,760","$356,656.51"
1985,Potassium,JL,Muriate Of Potash-Granular,"190,373","$233,074.71"
1985,Potassium,JS,Muriate Of Potash-Soluble,"6,774","$23,849.39"
1985,Potassium,LA,Langbeinite-Raw Ore,0,$0.00
1985,Potassium,LB,Langbeinite-Coarse,"14,899","$30,205.04"
1985,Potassium,LC,Langbeinite-Granular,"174,938","$280,772.21"
1985,Potassium,LD,Langbeinite-Standard,"136,254","$186,640.77"
1985,Potassium,LS,Langbeinite-Special Std,"56,012","$83,157.94"
1985,Potassium,MG,Magnesium Chloride Brine,"7,303","-$1,187.00"
1985,Potassium,PS,Potassium Sulphate Special Std,"13,759","$54,179.86"
1985,Potassium,PT,Potassium Sulphate-Granular,"65,014","$283,194.29"
1985,Potassium,SY,Sylvite-Raw Ore,"56,885",$568.85
1985,Sand & Gravel,SF,Sand/Gravel,SENSITIVE,"$300,155.37"
1985,Sand & Gravel,SG,Sand/Gravel-Cubic Yards,SENSITIVE,"$122,090.80"
1985,Scoria,SC,Scoria,SENSITIVE,"$45,041.45"
1985,Soda Ash,SJ,Soda Ash,"-120,732","$3,699,142.79"
1985,Soda Ash,SL,Soda Ash-Granular,"5,510","$42,623.93"
1985,Sodium,BR,Burkeite Brine,"4,179","$16,385.00"
1985,Sodium,PP,Purge Liquor,"-6,198","$5,227.23"
1985,Sodium,SA,Salt,"71,398","$5,051.06"
1985,Sodium,SP,Sodium Sesquicarbonate,"-20,776","$29,714.30"
1985,Sodium,TJ,Trona Ore,835,"$6,217.53"
1985,Sulfur,19,Sulfur,"476,462","$135,550.21"
1985,Uranium,UA,Uranium-Raw Ore,SENSITIVE,"$203,710.51"
1985,Uranium,UU,Uranium Conc.(Yellow Cake),SENSITIVE,"$48,727.22"
1985,Zinc,ZA,Zinc Concentrate,"69,782","$544,623.62"
1985,Zinc,ZB,Zinc Concentrate (Mill Equiv),"16,764","$194,969.24"
1986,,,,0,"$7,523,900.38"
1986,Amethyst,AA,Amethyst,0,$0.00
1986,Bentonite,BD,Bentonite,"9,380","$3,751.94"
1986,Carbon Dioxide,17,Carbon Dioxide Gas (CO2),"225,167,825","$12,460,265.48"
1986,Chat,CB,Chat,SENSITIVE,"$62,683.98"
1986,Clay,CG,Clay,"28,758","$2,300.64"
1986,Coal,EC,Coal-Bituminous-Processed,"2,337,261","$4,677,647.79"
1986,Coal,ED,Coal-Bituminous-Raw,"50,577,914","$31,004,574.55"
1986,Coal,EG,Coal-Lignite-Raw,"6,757,717","$7,732,195.16"
1986,Coal,EH,Coal-Subbituminous-Processed,"1,219,912","$594,246.11"
1986,Coal,EI,Coal-Subbituminous-Raw,"151,786,503","$130,892,080.16"
1986,Coal,ER,Coal-Resin,"222,538",$400.56
1986,Coal,ES,Coal-Fines Circuit,"7,193","$4,362.19"
1986,Coal,LT,Leonardite,180,$178.13
1986,Copper,CH,Copper Concentrate,"69,601","$1,054,729.88"
1986,Copper,CI,Copper Concentrate(Mill-Equiv),"8,394","$96,223.98"
1986,Fluorspar Concentrate,FD,Fluorspar Concentrate-Chemical,"4,326","$36,812.78"
1986,Garnet,GB,Garnet Sands,"3,307","$1,870.15"
1986,Garnet,GC,Garnet Concession Sale,0,$0.00
1986,Gas,03,Processed (Residue) Gas,"1,452,784,338","$223,472,911.70"
1986,Gas,04,Unprocessed (Wet) Gas,"4,485,777,290","$1,532,549,834.27"
1986,Gas,04,Unprocessed Gas,SENSITIVE,-$1.49
1986,Gas,09,Nitrogen,"1,001",$681.89
1986,Gas,12,Flash Gas,"1,150,025","$272,037.13"
1986,Gas,15,Fuel Gas,"14,855,662","$1,787,201.74"
1986,Gas,16,Gas Lost - Flared or Vented,"1,133,254","$230,649.79"
1986,Geothermal,27,,"6,768,652,099","$28,712,124.07"
1986,Gilsonite,GF,Gilsonite,"2,478","$23,075.23"
1986,Glaserite,GL,Glaserite,0,$0.00
1986,Gypsum,GH,Gypsum,SENSITIVE,"$11,289.34"
1986,Helium,22,Helium,"232,864","$15,112.11"
1986,Hot Water,25,,"8,945,331","$98,569.41"
1986,Iron,FE,Iron Ore,"129,409","$110,874.73"
1986,Lead,PC,Lead Concentrate,"432,419","$2,870,777.08"
1986,Lead,PE,Lead Concentrate (Mill Equiv),"148,394","$991,892.40"
1986,Molybdenum,MO,Molybdenum,SENSITIVE,$0.00
1986,NGL,07,Gas Plant Products,"699,418,274","$23,485,317.03"
1986,Oil,01,Oil,"634,907,802","$1,200,142,906.84"
1986,Oil,02,Condensate,"52,355,300","$111,679,818.08"
1986,Oil,05,Drip or Scrubber Condensate,"529,255","$400,353.63"
1986,Oil,13,Fuel Oil,"47,272","$50,895.50"
1986,Oil,14,Oil Lost,"1,267","$2,262.79"
1986,Oil,20,Other Liquid Hydrocarbons,"3,180","$5,121.59"
1986,Other,00,,"478,085,171","$79,729,938.24"
1986,Phosphate,PH,Phosphate Pebble,"72,788","$60,847.25"
1986,Phosphate,PJ,Phosphate Concentrate,"23,562","$19,855.29"
1986,Phosphate,PK,Phosphate Raw Ore,"5,428,201","$5,521,770.07"
1986,Phosphate,PM,Phosphatic Clay,780,$187.20
1986,Phosphate,PN,Potassium Sulphate-Standard,"51,075","$148,395.70"
1986,Phosphate,PQ,Phosphate Precipitator Dust,SENSITIVE,"$18,114.32"
1986,Potassium,JA,Muriate Of Potash-Coarse,"155,358","$195,976.34"
1986,Potassium,JC,Muriate Of Potash-Chemical,"19,163","$41,363.70"
1986,Potassium,JD,Muriate Of Potash-Standard,"632,540","$754,446.55"
1986,Potassium,JE,Mixed Potash - Raw Ore,0,$0.00
1986,Potassium,JL,Muriate Of Potash-Granular,"357,259","$373,876.14"
1986,Potassium,JS,Muriate Of Potash-Soluble,"30,635","$47,473.57"
1986,Potassium,LA,Langbeinite-Raw Ore,0,$0.00
1986,Potassium,LB,Langbeinite-Coarse,"132,521","$167,594.42"
1986,Potassium,LC,Langbeinite-Granular,"118,359","$177,770.72"
1986,Potassium,LD,Langbeinite-Standard,"222,552","$259,570.90"
1986,Potassium,LS,Langbeinite-Special Std,"38,953","$47,881.08"
1986,Potassium,MG,Magnesium Chloride Brine,"87,917","$23,939.02"
1986,Potassium,MS,Manure Salts,"4,011","$4,337.49"
1986,Potassium,PS,Potassium Sulphate Special Std,"6,725","$24,597.46"
1986,Potassium,PT,Potassium Sulphate-Granular,"27,482","$102,436.73"
1986,Potassium,SY,Sylvite-Raw Ore,"215,125","$2,151.25"
1986,Quartz,QB,Quartz Crystal,"31,224","$1,599.32"
1986,Sand & Gravel,SF,Sand/Gravel,"4,730,254","$1,680,864.71"
1986,Sand & Gravel,SG,Sand/Gravel-Cubic Yards,SENSITIVE,"$133,172.94"
1986,Scoria,SC,Scoria,SENSITIVE,"$9,088.62"
1986,Soda Ash,SJ,Soda Ash,"2,389,493","$7,844,241.20"
1986,Soda Ash,SL,Soda Ash-Granular,"4,733","$43,195.50"
1986,Sodium,BR,Burkeite Brine,"3,878","$15,071.00"
1986,Sodium,NB,Sodium Brine (Nacl),"37,412","$2,154.83"
1986,Sodium,PP,Purge Liquor,"13,149","$13,287.69"
1986,Sodium,SA,Salt,"189,011","$22,596.93"
1986,Sodium,SP,Sodium Sesquicarbonate,"10,904","$70,129.01"
1986,Sodium,TJ,Trona Ore,"2,595","$19,767.33"
1986,Sulfur,19,Sulfur,"353,496","$207,632.33"
1986,Uranium,UA,Uranium-Raw Ore,SENSITIVE,$0.00
1986,Uranium,UU,Uranium Conc.(Yellow Cake),SENSITIVE,"$8,640.72"
1986,Zinc,ZA,Zinc Concentrate,"95,693","$673,931.02"
1986,Zinc,ZB,Zinc Concentrate (Mill Equiv),"33,451","$415,674.20"
1987,,,,0,"-$2,174,303.08"
1987,Amethyst,AA,Amethyst,0,$0.00
1987,Bentonite,BD,Bentonite,0,$0.00
1987,Carbon Dioxide,17,Carbon Dioxide Gas (CO2),"223,855,267","$12,553,924.95"
1987,Chat,CB,Chat,SENSITIVE,"$80,128.86"
1987,Clay,CG,Clay,0,$0.00
1987,Coal,EC,Coal-Bituminous-Processed,"2,950,466","$5,318,277.74"
1987,Coal,ED,Coal-Bituminous-Raw,"32,751,372","$42,610,539.58"
1987,Coal,EG,Coal-Lignite-Raw,"5,097,163","$4,902,866.83"
1987,Coal,EH,Coal-Subbituminous-Processed,"1,658,354","$2,126,306.79"
1987,Coal,EI,Coal-Subbituminous-Raw,"169,729,032","$165,727,387.02"
1987,Coal,ER,Coal-Resin,"220,487",$420.41
1987,Coal,ES,Coal-Fines Circuit,"1,192",$866.86
1987,Coal,LT,Leonardite,68,$67.01
1987,Copper,CH,Copper Concentrate,"56,844","$1,248,982.25"
1987,Copper,CI,Copper Concentrate(Mill-Equiv),"11,793","$180,298.86"
1987,Copper,CU,Copper,SENSITIVE,"$914,040.60"
1987,Garnet,GB,Garnet Sands,222,"$1,107.90"
1987,Garnet,GC,Garnet Concession Sale,"3,865",$270.52
1987,Gas,03,Processed (Residue) Gas,"1,530,632,981","$258,656,905.94"
1987,Gas,04,Unprocessed (Wet) Gas,"4,831,620,332","$1,394,449,390.66"
1987,Gas,04,Unprocessed Gas,SENSITIVE,-$95.11
1987,Gas,09,Nitrogen,"73,654","$4,073.50"
1987,Gas,12,Flash Gas,"1,775,426","$519,041.20"
1987,Gas,15,Fuel Gas,"14,507,729","$1,760,055.25"
1987,Gas,16,Gas Lost - Flared or Vented,"370,178","$94,787.11"
1987,Geothermal,27,,"6,750,440,588","$22,292,921.52"
1987,Geothermal,38,Geothermal - Commercially Demineralized H2O,"-31,314","-$3,768.72"
1987,Gilsonite,GF,Gilsonite,0,$0.00
1987,Glaserite,GL,Glaserite,0,$0.00
1987,Gypsum,GH,Gypsum,SENSITIVE,"$10,970.14"
1987,Helium,22,Helium,"477,179","$23,863.82"
1987,Hot Water,25,,"640,187,439","$148,573.51"
1987,Iron,FE,Iron Ore,"362,824","$316,867.77"
1987,Lead,PC,Lead Concentrate,"448,878","$5,135,108.70"
1987,Lead,PE,Lead Concentrate (Mill Equiv),"152,701","$2,386,030.92"
1987,Limestone,PG,Limestone,"104,064","$16,163.33"
1987,NGL,07,Gas Plant Products,"999,714,785","$31,494,445.03"
1987,Oil,01,Oil,"589,855,716","$1,314,418,597.76"
1987,Oil,02,Condensate,"56,941,216","$141,254,251.57"
1987,Oil,05,Drip or Scrubber Condensate,"365,528","$417,768.79"
1987,Oil,13,Fuel Oil,"335,244","$519,981.56"
1987,Oil,14,Oil Lost,537,"$1,027.98"
1987,Oil,20,Other Liquid Hydrocarbons,"12,758","$21,226.26"
1987,Other,00,,"495,568,007","$97,391,319.64"
1987,Phosphate,PK,Phosphate Raw Ore,"5,225,415","$5,113,591.98"
1987,Phosphate,PM,Phosphatic Clay,791,$189.84
1987,Phosphate,PN,Potassium Sulphate-Standard,"60,189","$151,247.92"
1987,Phosphate,PQ,Phosphate Precipitator Dust,SENSITIVE,"$8,666.64"
1987,Potassium,JA,Muriate Of Potash-Coarse,"176,578","$191,385.41"
1987,Potassium,JB,Muriate Of Potash-Fine,728,"$2,730.03"
1987,Potassium,JC,Muriate Of Potash-Chemical,"18,630","$33,606.91"
1987,Potassium,JD,Muriate Of Potash-Standard,"488,679","$471,360.57"
1987,Potassium,JE,Mixed Potash - Raw Ore,0,$0.00
1987,Potassium,JL,Muriate Of Potash-Granular,"629,344","$616,129.27"
1987,Potassium,JS,Muriate Of Potash-Soluble,"52,734","$79,239.75"
1987,Potassium,LA,Langbeinite-Raw Ore,0,$0.00
1987,Potassium,LB,Langbeinite-Coarse,"176,842","$211,791.03"
1987,Potassium,LC,Langbeinite-Granular,"230,435","$284,491.10"
1987,Potassium,LD,Langbeinite-Standard,"214,776","$240,221.03"
1987,Potassium,LS,Langbeinite-Special Std,"63,421","$65,448.38"
1987,Potassium,MG,Magnesium Chloride Brine,"87,087","$21,065.12"
1987,Potassium,MS,Manure Salts,"2,660","$2,543.23"
1987,Potassium,PS,Potassium Sulphate Special Std,"7,740","$28,486.22"
1987,Potassium,PT,Potassium Sulphate-Granular,"30,121","$91,931.39"
1987,Potassium,SY,Sylvite-Raw Ore,"2,740",$27.40
1987,Quartz,QA,Quartz,"21,466","$1,750.28"
1987,Quartz,QB,Quartz Crystal,"63,037","$5,841.11"
1987,Sand & Gravel,SF,Sand/Gravel,"7,214,346","$2,494,409.41"
1987,Sand & Gravel,SG,Sand/Gravel-Cubic Yards,SENSITIVE,"$121,472.36"
1987,Scoria,SC,Scoria,SENSITIVE,"$3,703.32"
1987,Soda Ash,SJ,Soda Ash,"2,109,720","$6,927,923.44"
1987,Soda Ash,SL,Soda Ash-Granular,"5,767","$65,651.36"
1987,Sodium,BH,Borax-Anhydrous,120,"$2,022.39"
1987,Sodium,BM,Boric Acid,5,$138.40
1987,Sodium,BP,Burkeite Cake,"4,204","$3,922.00"
1987,Sodium,BR,Burkeite Brine,"3,700","$14,547.00"
1987,Sodium,NB,Sodium Brine (Nacl),"181,011","$5,686.54"
1987,Sodium,PP,Purge Liquor,"22,340","$20,571.95"
1987,Sodium,SA,Salt,"230,875","$43,912.07"
1987,Sodium,SP,Sodium Sesquicarbonate,"9,736","$63,277.74"
1987,Sodium,SW,Salt-Waste,"66,810","$40,793.86"
1987,Sodium,TJ,Trona Ore,"2,128","$15,663.01"
1987,Sulfur,19,Sulfur,"483,994","$388,956.44"
1987,Zinc,ZA,Zinc Concentrate,"99,192","$1,075,279.59"
1987,Zinc,ZB,Zinc Concentrate (Mill Equiv),"45,044","$571,884.78"
1988,,,,0,"$32,441,362.80"
1988,Amethyst,AA,Amethyst,15,$6.81
1988,Bentonite,BD,Bentonite,"21,439","$15,105.48"
1988,Carbon Dioxide,17,Carbon Dioxide Gas (CO2),"211,096,870","$10,857,551.58"
1988,Chat,CB,Chat,SENSITIVE,"$92,418.33"
1988,Clay,CG,Clay,0,$0.00
1988,Coal,EC,Coal-Bituminous-Processed,"2,082,921","$3,587,071.34"
1988,Coal,ED,Coal-Bituminous-Raw,"36,352,395","$64,635,924.14"
1988,Coal,EG,Coal-Lignite-Raw,"6,303,662","$6,124,586.00"
1988,Coal,EH,Coal-Subbituminous-Processed,"1,381,593","$2,340,846.30"
1988,Coal,EI,Coal-Subbituminous-Raw,"190,957,251","$185,411,064.36"
1988,Coal,ER,Coal-Resin,"647,158","$1,185.32"
1988,Coal,ES,Coal-Fines Circuit,"86,442","$53,197.10"
1988,Coal,LT,Leonardite,29,$25.37
1988,Copper,CH,Copper Concentrate,"90,165","$3,283,488.09"
1988,Copper,CI,Copper Concentrate(Mill-Equiv),"7,780","$202,282.08"
1988,Copper,CU,Copper,SENSITIVE,"$941,395.88"
1988,Garnet,GB,Garnet Sands,0,$0.00
1988,Garnet,GC,Garnet Concession Sale,"2,228",$155.93
1988,Gas,03,Processed (Residue) Gas,"1,802,786,147","$364,415,627.32"
1988,Gas,04,Unprocessed (Wet) Gas,"4,592,929,561","$1,351,295,946.46"
1988,Gas,04,Unprocessed Gas,SENSITIVE,-$3.92
1988,Gas,09,Nitrogen,"552,683","$20,855.58"
1988,Gas,12,Flash Gas,"1,241,318","$375,911.04"
1988,Gas,15,Fuel Gas,"13,799,923","$1,794,530.76"
1988,Gas,16,Gas Lost - Flared or Vented,"662,150","$37,382.27"
1988,Geothermal,27,,"6,359,075,021","$20,661,478.13"
1988,Geothermal,38,Geothermal - Commercially Demineralized H2O,"-34,793","-$4,188.14"
1988,Gilsonite,GF,Gilsonite,677,"$11,160.94"
1988,Glaserite,GL,Glaserite,0,$0.00
1988,Gypsum,GH,Gypsum,SENSITIVE,"$10,909.08"
1988,Helium,22,Helium,"419,288","$22,336.43"
1988,Hot Water,25,,"1,339,583,519","$210,684.38"
1988,Iron,FE,Iron Ore,"11,680","$10,705.18"
1988,Lead,PC,Lead Concentrate,"445,996","$6,039,337.99"
1988,Lead,PE,Lead Concentrate (Mill Equiv),"142,926","$2,448,759.72"
1988,Limestone,PG,Limestone,"150,543","$21,681.02"
1988,NGL,07,Gas Plant Products,"1,619,601,485","$37,638,146.23"
1988,Oil,01,Oil,"554,177,005","$1,011,007,961.40"
1988,Oil,02,Condensate,"61,040,536","$130,895,772.24"
1988,Oil,05,Drip or Scrubber Condensate,"1,313,192","$483,581.94"
1988,Oil,13,Fuel Oil,"209,748","$235,420.42"
1988,Oil,14,Oil Lost,575,$573.48
1988,Oil,20,Other Liquid Hydrocarbons,"21,206","$7,802.91"
1988,Other,00,,"357,348,535","$168,892,969.31"
1988,Phosphate,FB,Ferro Phosphorous Slag,SENSITIVE,"-$2,973.08"
1988,Phosphate,PK,Phosphate Raw Ore,"6,634,060","$5,981,313.99"
1988,Phosphate,PN,Potassium Sulphate-Standard,"80,243","$251,525.07"
1988,Phosphate,PQ,Phosphate Precipitator Dust,SENSITIVE,"$17,733.21"
1988,Potassium,JA,Muriate Of Potash-Coarse,"182,706","$304,021.34"
1988,Potassium,JB,Muriate Of Potash-Fine,"13,653","$52,626.00"
1988,Potassium,JC,Muriate Of Potash-Chemical,"13,587","$29,118.19"
1988,Potassium,JD,Muriate Of Potash-Standard,"564,847","$815,479.93"
1988,Potassium,JE,Mixed Potash - Raw Ore,0,$0.00
1988,Potassium,JL,Muriate Of Potash-Granular,"681,538","$1,046,756.30"
1988,Potassium,JS,Muriate Of Potash-Soluble,"72,072","$127,482.84"
1988,Potassium,LA,Langbeinite-Raw Ore,0,$0.00
1988,Potassium,LB,Langbeinite-Coarse,"145,084","$191,168.65"
1988,Potassium,LC,Langbeinite-Granular,"209,864","$297,249.10"
1988,Potassium,LD,Langbeinite-Standard,"202,235","$244,873.40"
1988,Potassium,LS,Langbeinite-Special Std,"48,844","$50,191.66"
1988,Potassium,MG,Magnesium Chloride Brine,"116,335","$28,662.76"
1988,Potassium,MS,Manure Salts,"1,343","$1,796.92"
1988,Potassium,PS,Potassium Sulphate Special Std,"10,249","$35,900.92"
1988,Potassium,PT,Potassium Sulphate-Granular,"46,777","$154,414.53"
1988,Quartz,QA,Quartz,"2,165",$191.75
1988,Quartz,QB,Quartz Crystal,"40,853","$9,155.79"
1988,Sand & Gravel,SF,Sand/Gravel,"9,875,997","$2,397,019.84"
1988,Sand & Gravel,SG,Sand/Gravel-Cubic Yards,SENSITIVE,"$184,915.95"
1988,Scoria,SC,Scoria,SENSITIVE,$134.80
1988,Soda Ash,SJ,Soda Ash,"2,419,365","$7,938,336.46"
1988,Soda Ash,SK,Soda Ash-Coarse,182,$923.00
1988,Soda Ash,SL,Soda Ash-Granular,"333,660","$1,451,661.61"
1988,Sodium,BH,Borax-Anhydrous,"32,301","$371,949.00"
1988,Sodium,BJ,Borax-Decahydrate,"9,869","$107,716.00"
1988,Sodium,BL,Borax-Pentahydrate,"4,408","$53,852.00"
1988,Sodium,BM,Boric Acid,"22,381","$541,483.00"
1988,Sodium,BN,Boric Slag,38,$436.00
1988,Sodium,BR,Burkeite Brine,"1,532","$6,381.00"
1988,Sodium,NB,Sodium Brine (Nacl),"311,744","$5,197.69"
1988,Sodium,ND,Brine Barrels,"6,990",$52.43
1988,Sodium,PP,Purge Liquor,"20,634","$20,826.71"
1988,Sodium,SA,Salt,"235,506","$37,070.51"
1988,Sodium,SI,Sodium Bicarbonate-Industrial,"1,395","$9,876.00"
1988,Sodium,SM,Sodium Bicarbonate Animal Feed,"3,397","$19,959.00"
1988,Sodium,SN,Anhydrous Sodium Sulfate,"89,824","$332,399.00"
1988,Sodium,SP,Sodium Sesquicarbonate,"9,522","$61,019.56"
1988,Sodium,SW,Salt-Waste,"116,008","$62,934.23"
1988,Sodium,TJ,Trona Ore,"5,047","$31,189.84"
1988,Sulfur,19,Sulfur,"1,058,614","$688,057.04"
1988,Zinc,ZA,Zinc Concentrate,"113,684","$1,840,463.66"
1988,Zinc,ZB,Zinc Concentrate (Mill Equiv),"25,487","$577,968.28"
1989,,,,"-63,482","$65,691,812.73"
1989,Amethyst,AA,Amethyst,5,$9.61
1989,Bentonite,BD,Bentonite,"26,392","$29,030.65"
1989,Carbon Dioxide,17,Carbon Dioxide Gas (CO2),"218,403,672","$12,249,867.29"
1989,Chat,CB,Chat,SENSITIVE,"$77,095.49"
1989,Clay,CG,Clay,0,$0.00
1989,Coal,EC,Coal-Bituminous-Processed,"2,622,559","$2,742,780.19"
1989,Coal,ED,Coal-Bituminous-Raw,"39,844,626","$62,408,414.26"
1989,Coal,EG,Coal-Lignite-Raw,"4,820,654","$3,804,927.16"
1989,Coal,EH,Coal-Subbituminous-Processed,"2,379,207","$2,270,154.62"
1989,Coal,EI,Coal-Subbituminous-Raw,"227,656,702","$192,558,543.23"
1989,Coal,ER,Coal-Resin,"420,013",$504.03
1989,Coal,ES,Coal-Fines Circuit,"143,816","$98,748.89"
1989,Coal,LT,Leonardite,60,$50.09
1989,Copper,CH,Copper Concentrate,"140,201","$4,964,186.83"
1989,Copper,CI,Copper Concentrate(Mill-Equiv),"5,318","$104,177.38"
1989,Copper,CU,Copper,SENSITIVE,"$1,726,759.58"
1989,Garnet,GB,Garnet Sands,131,$654.25
1989,Garnet,GC,Garnet Concession Sale,"2,930",$205.10
1989,Gas,03,Processed (Residue) Gas,"1,999,820,461","$421,039,083.49"
1989,Gas,04,Unprocessed (Wet) Gas,"4,518,266,885","$1,293,613,855.92"
1989,Gas,04,Unprocessed Gas,SENSITIVE,-$0.44
1989,Gas,09,Nitrogen,"442,684","$28,664.07"
1989,Gas,12,Flash Gas,"2,254,047","$693,236.40"
1989,Gas,15,Fuel Gas,"15,958,072","$2,142,909.02"
1989,Gas,16,Gas Lost - Flared or Vented,"508,120","$165,517.48"
1989,Gas,39,Coal Bed Methane,0,"$120,467.96"
1989,Geothermal,27,,"6,407,221,375","$21,036,099.77"
1989,Gilsonite,GF,Gilsonite,"6,041","$130,162.05"
1989,Glaserite,GL,Glaserite,0,$0.00
1989,Gypsum,GH,Gypsum,SENSITIVE,$278.92
1989,Helium,22,Helium,"370,924","$23,180.78"
1989,Hot Water,25,,"4,105,967,856","$585,137.97"
1989,Iron,FE,Iron Ore,"217,478","$209,825.43"
1989,Lead,PC,Lead Concentrate,"438,726","$5,981,307.64"
1989,Lead,PE,Lead Concentrate (Mill Equiv),"153,661","$2,708,879.26"
1989,Limestone,PG,Limestone,"122,989","$15,353.49"
1989,NGL,07,Gas Plant Products,"2,367,005,417","$50,428,980.63"
1989,Oil,01,Oil,"518,727,720","$1,166,882,202.74"
1989,Oil,02,Condensate,"63,074,821","$170,670,611.64"
1989,Oil,05,Drip or Scrubber Condensate,"2,799,697","$615,655.90"
1989,Oil,13,Fuel Oil,"237,688","$340,702.38"
1989,Oil,14,Oil Lost,441,"$1,021.80"
1989,Oil,20,Other Liquid Hydrocarbons,"5,525","$6,008.68"
1989,Other,00,,"450,895,470","$237,653,402.74"
1989,Phosphate,FB,Ferro Phosphorous Slag,SENSITIVE,"$276,440.32"
1989,Phosphate,PK,Phosphate Raw Ore,"6,599,677","$6,639,933.79"
1989,Phosphate,PN,Potassium Sulphate-Standard,"169,737","$529,581.60"
1989,Phosphate,PQ,Phosphate Precipitator Dust,SENSITIVE,"$24,472.97"
1989,Potassium,JA,Muriate Of Potash-Coarse,"225,091","$386,658.60"
1989,Potassium,JB,Muriate Of Potash-Fine,"17,639","$71,251.25"
1989,Potassium,JC,Muriate Of Potash-Chemical,"14,188","$29,612.09"
1989,Potassium,JD,Muriate Of Potash-Standard,"636,328","$962,415.94"
1989,Potassium,JL,Muriate Of Potash-Granular,"939,327","$1,458,716.59"
1989,Potassium,JS,Muriate Of Potash-Soluble,"60,469","$108,206.27"
1989,Potassium,LB,Langbeinite-Coarse,"80,230","$111,515.36"
1989,Potassium,LC,Langbeinite-Granular,"250,111","$361,666.99"
1989,Potassium,LD,Langbeinite-Standard,"165,125","$203,624.76"
1989,Potassium,LS,Langbeinite-Special Std,"61,685","$66,275.44"
1989,Potassium,MG,Magnesium Chloride Brine,"87,334","$24,927.62"
1989,Potassium,MS,Manure Salts,"4,282","$4,957.41"
1989,Potassium,PS,Potassium Sulphate Special Std,"7,950","$30,602.46"
1989,Potassium,PT,Potassium Sulphate-Granular,"66,839","$223,599.76"
1989,Quartz,QB,Quartz Crystal,"10,280","$3,432.90"
1989,Sand & Gravel,SF,Sand/Gravel,"6,440,431","$2,361,419.88"
1989,Sand & Gravel,SG,Sand/Gravel-Cubic Yards,SENSITIVE,"$240,270.22"
1989,Scoria,SC,Scoria,SENSITIVE,"$6,413.87"
1989,Silica Sand,SE,Silica Sand,SENSITIVE,"$12,601.68"
1989,Soda Ash,SJ,Soda Ash,"2,492,779","$9,355,144.86"
1989,Soda Ash,SK,Soda Ash-Coarse,176,$778.68
1989,Soda Ash,SL,Soda Ash-Granular,"650,911","$3,144,733.88"
1989,Sodium,BH,Borax-Anhydrous,"73,698","$816,191.79"
1989,Sodium,BJ,Borax-Decahydrate,"7,476","$84,151.59"
1989,Sodium,BL,Borax-Pentahydrate,"10,328","$132,617.54"
1989,Sodium,BM,Boric Acid,"33,051","$836,109.32"
1989,Sodium,BN,Boric Slag,86,$964.41
1989,Sodium,BR,Burkeite Brine,"6,934","$33,560.43"
1989,Sodium,NB,Sodium Brine (Nacl),"463,251","$6,211.44"
1989,Sodium,ND,Brine Barrels,"34,199",$310.49
1989,Sodium,PP,Purge Liquor,"30,930","$31,065.00"
1989,Sodium,SA,Salt,"227,086","$30,661.12"
1989,Sodium,SI,Sodium Bicarbonate-Industrial,"2,035","$13,366.91"
1989,Sodium,SM,Sodium Bicarbonate Animal Feed,"6,447","$32,001.23"
1989,Sodium,SN,Anhydrous Sodium Sulfate,"180,358","$716,752.81"
1989,Sodium,SP,Sodium Sesquicarbonate,"8,150","$49,841.64"
1989,Sodium,SW,Salt-Waste,"115,149","$61,201.64"
1989,Sodium,TJ,Trona Ore,"7,218","$41,562.74"
1989,Sulfur,19,Sulfur,"1,988,941","$3,671,631.83"
1989,Zinc,ZA,Zinc Concentrate,"122,510","$2,532,507.91"
1989,Zinc,ZB,Zinc Concentrate (Mill Equiv),"25,826","$736,664.58"
1990,,,,0,"$124,473,087.42"
1990,Bentonite,BD,Bentonite,"23,343","$25,677.60"
1990,Carbon Dioxide,17,Carbon Dioxide Gas (CO2),"215,115,156","$12,304,510.43"
1990,Chat,CB,Chat,SENSITIVE,"$88,256.60"
1990,Coal,EC,Coal-Bituminous-Processed,"4,179,373","$5,098,933.53"
1990,Coal,ED,Coal-Bituminous-Raw,"44,143,433","$61,982,557.88"
1990,Coal,EG,Coal-Lignite-Raw,"6,027,210","$5,294,594.99"
1990,Coal,EH,Coal-Subbituminous-Processed,"2,113,369","$2,679,168.85"
1990,Coal,EI,Coal-Subbituminous-Raw,"234,102,311","$209,253,955.86"
1990,Coal,ER,Coal-Resin,"102,302",$122.76
1990,Coal,ES,Coal-Fines Circuit,"61,314","$50,051.94"
1990,Copper,CH,Copper Concentrate,"89,576","$3,999,186.55"
1990,Copper,CI,Copper Concentrate(Mill-Equiv),"8,320","$160,644.56"
1990,Copper,CU,Copper,SENSITIVE,"$1,912,237.04"
1990,Garnet,GB,Garnet Sands,226,"$1,127.80"
1990,Garnet,GC,Garnet Concession Sale,"5,010",$350.70
1990,Gas,03,Processed (Residue) Gas,"2,318,195,441","$517,422,915.97"
1990,Gas,04,Unprocessed (Wet) Gas,"4,696,319,761","$1,326,257,226.05"
1990,Gas,09,Nitrogen,"427,945","$28,260.57"
1990,Gas,12,Flash Gas,"2,130,433","$635,618.46"
1990,Gas,15,Fuel Gas,"16,146,192","$2,072,560.10"
1990,Gas,16,Gas Lost - Flared or Vented,"244,501","$9,025.33"
1990,Gas,39,Coal Bed Methane,0,"$201,199.23"
1990,Geothermal,27,,"6,097,240,248","$22,507,746.87"
1990,Gilsonite,GF,Gilsonite,"3,190","$51,453.91"
1990,Helium,22,Helium,"302,689","$18,920.85"
1990,Hot Water,25,,"5,852,715,945","$1,292,758.02"
1990,Iron,FE,Iron Ore,"185,113","$182,613.32"
1990,Lead,PC,Lead Concentrate,"320,685","$5,334,152.39"
1990,Lead,PE,Lead Concentrate (Mill Equiv),"142,938","$2,754,328.44"
1990,Limestone,PG,Limestone,"206,772","$30,358.31"
1990,NGL,07,Gas Plant Products,"2,710,964,382","$89,414,422.63"
1990,Oil,01,Oil,"501,249,560","$1,406,437,491.88"
1990,Oil,02,Condensate,"63,757,990","$219,670,001.05"
1990,Oil,05,Drip or Scrubber Condensate,"2,863,537","$682,570.84"
1990,Oil,13,Fuel Oil,"246,403","$413,498.00"
1990,Oil,14,Oil Lost,838,"$2,159.14"
1990,Oil,20,Other Liquid Hydrocarbons,"9,810","$3,357.36"
1990,Other,00,,"570,702,046","$181,357,766.59"
1990,Phosphate,FB,Ferro Phosphorous Slag,SENSITIVE,"$261,671.24"
1990,Phosphate,PK,Phosphate Raw Ore,"6,461,091","$6,199,093.17"
1990,Phosphate,PN,Potassium Sulphate-Standard,"183,186","$598,501.48"
1990,Phosphate,PQ,Phosphate Precipitator Dust,SENSITIVE,"$12,853.96"
1990,Potassium,JA,Muriate Of Potash-Coarse,"284,266","$444,166.13"
1990,Potassium,JB,Muriate Of Potash-Fine,"28,665","$104,896.31"
1990,Potassium,JC,Muriate Of Potash-Chemical,"13,928","$28,638.57"
1990,Potassium,JD,Muriate Of Potash-Standard,"514,830","$691,411.36"
1990,Potassium,JL,Muriate Of Potash-Granular,"971,800","$1,391,900.26"
1990,Potassium,JS,Muriate Of Potash-Soluble,"74,379","$115,281.98"
1990,Potassium,LB,Langbeinite-Coarse,"148,140","$210,559.04"
1990,Potassium,LC,Langbeinite-Granular,"255,868","$386,876.27"
1990,Potassium,LD,Langbeinite-Standard,"151,374","$194,619.00"
1990,Potassium,LS,Langbeinite-Special Std,"59,758","$65,980.56"
1990,Potassium,MG,Magnesium Chloride Brine,"20,412","$9,265.31"
1990,Potassium,MS,Manure Salts,"6,312","$8,539.95"
1990,Potassium,PS,Potassium Sulphate Special Std,"5,540","$21,598.40"
1990,Potassium,PT,Potassium Sulphate-Granular,"46,940","$145,171.60"
1990,Quartz,QB,Quartz Crystal,"3,461",$978.59
1990,Sand & Gravel,SF,Sand/Gravel,"8,194,021","$3,418,569.30"
1990,Sand & Gravel,SG,Sand/Gravel-Cubic Yards,SENSITIVE,"$321,936.03"
1990,Silica Sand,SE,Silica Sand,SENSITIVE,"$15,437.30"
1990,Soda Ash,SJ,Soda Ash,"3,247,121","$12,902,103.40"
1990,Soda Ash,SL,Soda Ash-Granular,"608,370","$3,021,254.06"
1990,Sodium,BH,Borax-Anhydrous,"61,973","$728,334.16"
1990,Sodium,BJ,Borax-Decahydrate,"7,674","$88,011.69"
1990,Sodium,BL,Borax-Pentahydrate,"14,638","$191,577.87"
1990,Sodium,BM,Boric Acid,"38,872","$985,952.26"
1990,Sodium,BR,Burkeite Brine,"2,936","$20,540.10"
1990,Sodium,NB,Sodium Brine (Nacl),"144,597","$1,936.90"
1990,Sodium,ND,Brine Barrels,"165,854","$2,073.18"
1990,Sodium,PP,Purge Liquor,"45,576","$66,563.11"
1990,Sodium,SA,Salt,"273,030","$41,232.59"
1990,Sodium,SI,Sodium Bicarbonate-Industrial,"3,018","$18,956.76"
1990,Sodium,SM,Sodium Bicarbonate Animal Feed,"5,844","$30,636.83"
1990,Sodium,SN,Anhydrous Sodium Sulfate,"147,932","$648,081.34"
1990,Sodium,SP,Sodium Sesquicarbonate,"9,295","$62,019.18"
1990,Sodium,SW,Salt-Waste,"120,094","$66,660.05"
1990,Sodium,TJ,Trona Ore,"23,786","$62,934.88"
1990,Sulfur,19,Sulfur,"2,534,046","$5,662,074.12"
1990,Zinc,ZA,Zinc Concentrate,"64,222","$1,642,442.39"
1990,Zinc,ZB,Zinc Concentrate (Mill Equiv),"25,882","$647,463.28"
1991,,,,"2,289,887","$35,559,543.69"
1991,Amethyst,AA,Amethyst,0,$0.00
1991,Carbon Dioxide,17,Carbon Dioxide Gas (CO2),"216,934,145","$10,576,616.74"
1991,Chat,CB,Chat,SENSITIVE,"$102,528.08"
1991,Clay,CG,Clay,"14,670","$1,173.60"
1991,Coal,EC,Coal-Bituminous-Processed,"1,830,796","$3,040,066.69"
1991,Coal,ED,Coal-Bituminous-Raw,"41,785,149","$69,401,190.65"
1991,Coal,EE,Coal,"10,417","$15,000.00"
1991,Coal,EG,Coal-Lignite-Raw,"6,555,163","$6,028,782.80"
1991,Coal,EH,Coal-Subbituminous-Processed,"2,485,327","$2,854,394.01"
1991,Coal,EI,Coal-Subbituminous-Raw,"234,794,135","$246,432,828.13"
1991,Coal,ES,Coal-Fines Circuit,"3,692","$2,067.47"
1991,Coal,LT,Leonardite,96,$75.73
1991,Copper,CH,Copper Concentrate,"74,108","$3,095,438.09"
1991,Copper,CI,Copper Concentrate(Mill-Equiv),"3,513","$68,948.30"
1991,Copper,CU,Copper,SENSITIVE,"$1,365,441.54"
1991,Garnet,GC,Garnet Concession Sale,"1,390",$97.30
1991,Gas,03,Processed (Residue) Gas,"2,447,030,058","$493,488,427.36"
1991,Gas,04,Unprocessed (Wet) Gas,"4,345,763,253","$1,024,820,610.16"
1991,Gas,04,Unprocessed Gas,"-8,361","-$1,788.02"
1991,Gas,09,Nitrogen,"434,209","$13,737.20"
1991,Gas,12,Flash Gas,"2,040,369","$389,992.35"
1991,Gas,15,Fuel Gas,"19,821,552","$1,959,156.89"
1991,Gas,16,Gas Lost - Flared or Vented,"177,957","$30,609.71"
1991,Gas,39,Coal Bed Methane,0,"$312,263.87"
1991,Geothermal,27,,"6,264,229,564","$22,251,902.57"
1991,Geothermal,33,"Geothermal - Electrical Generation, Millions of BTUs",82,$141.58
1991,Gilsonite,GF,Gilsonite,"1,752","$29,192.53"
1991,Gypsum,GH,Gypsum,SENSITIVE,"$131,662.00"
1991,Helium,22,Helium,"95,762","$22,837.61"
1991,Hot Water,25,,"5,442,113,764","$1,914,860.91"
1991,Iron,FE,Iron Ore,"9,101","$9,109.92"
1991,Lead,PC,Lead Concentrate,"222,507","$1,884,237.79"
1991,Lead,PE,Lead Concentrate (Mill Equiv),"113,369","$1,281,695.62"
1991,Limestone,PG,Limestone,"250,145","$40,601.64"
1991,Nahcolite,NC,Nahcolite,"2,510","$11,065.34"
1991,NGL,07,Gas Plant Products,"3,054,807,736","$91,694,467.45"
1991,Oil,01,Oil,"513,764,401","$1,238,701,510.73"
1991,Oil,02,Condensate,"63,281,413","$188,574,248.30"
1991,Oil,05,Drip or Scrubber Condensate,"3,425,150","$882,794.60"
1991,Oil,13,Fuel Oil,"308,535","$450,260.78"
1991,Oil,14,Oil Lost,545,"$1,422.63"
1991,Oil,20,Other Liquid Hydrocarbons,"2,618","$3,670.03"
1991,Other,00,,"531,729,492","$113,182,601.92"
1991,Phosphate,FB,Ferro Phosphorous Slag,SENSITIVE,"$81,958.83"
1991,Phosphate,PK,Phosphate Raw Ore,"5,887,436","$5,823,385.44"
1991,Phosphate,PN,Potassium Sulphate-Standard,"170,549","$499,650.02"
1991,Potassium,JA,Muriate Of Potash-Coarse,"132,878","$256,680.77"
1991,Potassium,JB,Muriate Of Potash-Fine,"20,268","$82,936.22"
1991,Potassium,JC,Muriate Of Potash-Chemical,"14,590","$31,534.26"
1991,Potassium,JD,Muriate Of Potash-Standard,"584,493","$922,484.25"
1991,Potassium,JL,Muriate Of Potash-Granular,"1,252,947","$1,809,857.38"
1991,Potassium,JS,Muriate Of Potash-Soluble,"75,264","$123,765.45"
1991,Potassium,LB,Langbeinite-Coarse,"145,670","$224,398.01"
1991,Potassium,LC,Langbeinite-Granular,"250,865","$409,481.50"
1991,Potassium,LD,Langbeinite-Standard,"191,880","$264,752.09"
1991,Potassium,LS,Langbeinite-Special Std,"60,324","$69,874.78"
1991,Potassium,MG,Magnesium Chloride Brine,"24,080","$12,445.59"
1991,Potassium,MS,Manure Salts,"6,077","$8,441.19"
1991,Potassium,PS,Potassium Sulphate Special Std,"8,063","$30,965.53"
1991,Potassium,PT,Potassium Sulphate-Granular,"68,123","$211,225.12"
1991,Quartz,QB,Quartz Crystal,"1,212",$450.51
1991,Sand & Gravel,SF,Sand/Gravel,"7,012,343","$3,137,959.06"
1991,Sand & Gravel,SG,Sand/Gravel-Cubic Yards,SENSITIVE,"$326,114.34"
1991,Silica Sand,SE,Silica Sand,SENSITIVE,"$5,513.40"
1991,Soda Ash,SJ,Soda Ash,"3,214,397","$12,879,601.68"
1991,Soda Ash,SL,Soda Ash-Granular,"630,760","$3,113,373.11"
1991,Sodium,BH,Borax-Anhydrous,"72,106","$849,766.58"
1991,Sodium,BJ,Borax-Decahydrate,"7,281","$82,409.97"
1991,Sodium,BL,Borax-Pentahydrate,"15,215","$191,502.40"
1991,Sodium,BM,Boric Acid,"42,305","$908,745.42"
1991,Sodium,BR,Burkeite Brine,"6,170","$30,340.84"
1991,Sodium,NB,Sodium Brine (Nacl),"199,544","$2,578.34"
1991,Sodium,ND,Brine Barrels,"237,241","$2,965.53"
1991,Sodium,PP,Purge Liquor,"45,189","$74,654.24"
1991,Sodium,SA,Salt,"248,462","$33,226.76"
1991,Sodium,SI,Sodium Bicarbonate-Industrial,"1,450","$14,999.83"
1991,Sodium,SM,Sodium Bicarbonate Animal Feed,"9,653","$50,903.77"
1991,Sodium,SN,Anhydrous Sodium Sulfate,"173,351","$660,698.59"
1991,Sodium,SP,Sodium Sesquicarbonate,"10,251","$75,490.36"
1991,Sodium,SR,Caustic,"12,120","$86,223.69"
1991,Sodium,SU,Sulfide,"9,496","$25,885.59"
1991,Sodium,SW,Salt-Waste,"169,098","$96,132.10"
1991,Sodium,TJ,Trona Ore,"44,849","$95,038.19"
1991,Sulfur,19,Sulfur,"2,671,574","$5,224,825.27"
1991,Zinc,ZA,Zinc Concentrate,"60,780","$1,062,475.55"
1991,Zinc,ZB,Zinc Concentrate (Mill Equiv),"18,299","$333,091.34"
1992,,,,0,"$51,023,105.26"
1992,Amethyst,AA,Amethyst,1,$1.38
1992,Barite,BB,Barite,"7,509","$2,833.89"
1992,Carbon Dioxide,17,Carbon Dioxide Gas (CO2),"241,504,502","$10,835,317.26"
1992,Chat,CB,Chat,SENSITIVE,"$96,901.20"
1992,Clay,CG,Clay,"30,515","$2,441.20"
1992,Coal,EC,Coal-Bituminous-Processed,"2,855,566","$2,963,092.58"
1992,Coal,ED,Coal-Bituminous-Raw,"43,238,760","$73,838,881.10"
1992,Coal,EG,Coal-Lignite-Raw,"6,326,083","$2,696,469.17"
1992,Coal,EH,Coal-Subbituminous-Processed,"2,314,500","$3,372,400.51"
1992,Coal,EI,Coal-Subbituminous-Raw,"222,694,271","$242,590,951.18"
1992,Coal,ER,Coal-Resin,0,$0.00
1992,Coal,ES,Coal-Fines Circuit,"8,651","$4,844.47"
1992,Coal,LT,Leonardite,0,$0.00
1992,Copper,CH,Copper Concentrate,"384,994","$3,641,032.52"
1992,Copper,CI,Copper Concentrate(Mill-Equiv),"4,017","$74,606.64"
1992,Copper,CU,Copper,SENSITIVE,"$1,146,898.16"
1992,Fluorspar Concentrate,FD,Fluorspar Concentrate-Chemical,"37,081","$38,128.97"
1992,Garnet,GB,Garnet Sands,0,$0.00
1992,Garnet,GC,Garnet Concession Sale,0,$0.00
1992,Gas,03,Processed (Residue) Gas,"2,419,088,828","$582,135,108.47"
1992,Gas,04,Unprocessed (Wet) Gas,"4,437,612,480","$1,162,367,937.01"
1992,Gas,04,Unprocessed Gas,SENSITIVE,-$295.20
1992,Gas,09,Nitrogen,"271,457","$9,102.93"
1992,Gas,12,Flash Gas,"1,723,248","$369,424.16"
1992,Gas,15,Fuel Gas,"22,382,688","$2,365,872.27"
1992,Gas,16,Gas Lost - Flared or Vented,"251,836","$52,497.95"
1992,Gas,39,Coal Bed Methane,"11,558","$684,029.52"
1992,Geothermal,27,,"6,873,042,122","$21,881,324.00"
1992,Geothermal,36,"Geothermal - Direct Utilization, Hundreds of Gallons","6,559","$2,342.76"
1992,Gilsonite,GF,Gilsonite,"1,636","$27,142.54"
1992,Granite,GG,Granite,SENSITIVE,$0.00
1992,Gypsum,GH,Gypsum,SENSITIVE,"$265,031.00"
1992,Hot Water,25,,"569,988,075","$2,335,240.10"
1992,Iron,FE,Iron Ore,0,$0.00
1992,Lead,PC,Lead Concentrate,"198,905","$1,755,832.40"
1992,Lead,PE,Lead Concentrate (Mill Equiv),"94,339","$846,829.30"
1992,Limestone,PG,Limestone,"253,177","$36,655.91"
1992,Nahcolite,NC,Nahcolite,"17,319","$93,239.92"
1992,NGL,07,Gas Plant Products,"2,892,679,328","$92,776,087.50"
1992,Oil,01,Oil,"527,381,579","$1,201,218,193.91"
1992,Oil,02,Condensate,"65,367,418","$176,209,207.99"
1992,Oil,05,Drip or Scrubber Condensate,"2,271,061","$1,004,769.70"
1992,Oil,13,Fuel Oil,"91,077","$110,852.04"
1992,Oil,14,Oil Lost,439,"$1,126.56"
1992,Oil,20,Other Liquid Hydrocarbons,"17,551","$28,257.22"
1992,Other,00,,"559,692,707","$196,111,444.86"
1992,Phosphate,FB,Ferro Phosphorous Slag,SENSITIVE,"$88,003.37"
1992,Phosphate,PH,Phosphate Pebble,"48,271","$50,974.18"
1992,Phosphate,PJ,Phosphate Concentrate,"36,180","$38,206.08"
1992,Phosphate,PK,Phosphate Raw Ore,"6,824,339","$6,635,841.87"
1992,Phosphate,PN,Potassium Sulphate-Standard,"164,611","$501,009.38"
1992,Potassium,JA,Muriate Of Potash-Coarse,"170,928","$303,311.11"
1992,Potassium,JB,Muriate Of Potash-Fine,"20,432","$77,529.49"
1992,Potassium,JC,Muriate Of Potash-Chemical,"14,217","$30,836.80"
1992,Potassium,JD,Muriate Of Potash-Standard,"523,439","$865,780.76"
1992,Potassium,JL,Muriate Of Potash-Granular,"1,047,923","$1,536,915.00"
1992,Potassium,JS,Muriate Of Potash-Soluble,"76,322","$125,099.53"
1992,Potassium,LA,Langbeinite-Raw Ore,0,$0.00
1992,Potassium,LB,Langbeinite-Coarse,"143,425","$231,559.94"
1992,Potassium,LC,Langbeinite-Granular,"246,491","$417,232.90"
1992,Potassium,LD,Langbeinite-Standard,"186,740","$276,672.63"
1992,Potassium,LS,Langbeinite-Special Std,"55,190","$66,926.02"
1992,Potassium,MG,Magnesium Chloride Brine,"19,136","$8,138.78"
1992,Potassium,MS,Manure Salts,"4,750","$6,025.68"
1992,Potassium,PS,Potassium Sulphate Special Std,"6,222","$23,073.46"
1992,Potassium,PT,Potassium Sulphate-Granular,"77,438","$245,965.25"
1992,Quartz,QA,Quartz,0,$0.00
1992,Quartz,QB,Quartz Crystal,"1,184",$607.88
1992,Sand & Gravel,SF,Sand/Gravel,"5,615,850","$2,952,869.74"
1992,Sand & Gravel,SG,Sand/Gravel-Cubic Yards,SENSITIVE,"$230,393.35"
1992,Scoria,SC,Scoria,SENSITIVE,$0.00
1992,Silica Sand,SE,Silica Sand,SENSITIVE,"$8,342.80"
1992,Soda Ash,SJ,Soda Ash,"3,645,205","$14,018,807.44"
1992,Soda Ash,SK,Soda Ash-Coarse,0,$0.00
1992,Soda Ash,SL,Soda Ash-Granular,"730,368","$3,457,825.36"
1992,Soda Ash,SO,Soda Ash-Standard,0,$0.00
1992,Sodium,BH,Borax-Anhydrous,"67,854","$785,325.40"
1992,Sodium,BJ,Borax-Decahydrate,"9,011","$100,311.68"
1992,Sodium,BL,Borax-Pentahydrate,"27,483","$340,986.39"
1992,Sodium,BM,Boric Acid,"33,017","$890,438.21"
1992,Sodium,BN,Boric Slag,0,$0.00
1992,Sodium,BP,Burkeite Cake,0,$0.00
1992,Sodium,BR,Burkeite Brine,"9,824","$46,476.20"
1992,Sodium,NB,Sodium Brine (Nacl),"223,843","$2,933.42"
1992,Sodium,ND,Brine Barrels,"210,894","$2,636.18"
1992,Sodium,PP,Purge Liquor,"65,645","$96,566.17"
1992,Sodium,SA,Salt,"174,375","$20,309.19"
1992,Sodium,SI,Sodium Bicarbonate-Industrial,"1,354","$9,503.01"
1992,Sodium,SM,Sodium Bicarbonate Animal Feed,"8,697","$44,475.45"
1992,Sodium,SN,Anhydrous Sodium Sulfate,"138,730","$540,966.64"
1992,Sodium,SP,Sodium Sesquicarbonate,"14,002","$92,609.72"
1992,Sodium,SR,Caustic,"22,585","$135,330.25"
1992,Sodium,SU,Sulfide,"16,793","$61,449.15"
1992,Sodium,SW,Salt-Waste,"140,723","$80,896.30"
1992,Sodium,TJ,Trona Ore,"37,768","$73,364.98"
1992,Sulfur,19,Sulfur,"2,796,881","$3,890,629.98"
1992,Zinc,ZA,Zinc Concentrate,"80,088","$1,365,742.79"
1992,Zinc,ZB,Zinc Concentrate (Mill Equiv),"21,869","$399,842.76"
1993,,,,0,"$5,167,149.15"
1993,Amethyst,AA,Amethyst,0,$218.00
1993,Barite,BB,Barite,670,$106.91
1993,Carbon Dioxide,17,Carbon Dioxide Gas (CO2),"247,650,066","$7,992,626.92"
1993,Chat,CB,Chat,SENSITIVE,"$56,455.50"
1993,Cinders,CC,Cinders,SENSITIVE,"$6,807.00"
1993,Clay,CG,Clay,"38,364","$3,069.12"
1993,Coal,EC,Coal-Bituminous-Processed,"3,770,772","$3,796,308.30"
1993,Coal,ED,Coal-Bituminous-Raw,"44,738,334","$76,670,590.97"
1993,Coal,EG,Coal-Lignite-Raw,"2,051,509","$1,053,465.84"
1993,Coal,EH,Coal-Subbituminous-Processed,"2,142,643","$2,416,219.02"
1993,Coal,EI,Coal-Subbituminous-Raw,"247,379,361","$249,616,489.94"
1993,Coal,ER,Coal-Resin,36,$708.49
1993,Coal,ES,Coal-Fines Circuit,"24,541","$15,106.00"
1993,Coal,LT,Leonardite,0,$0.00
1993,Copper,CH,Copper Concentrate,"286,217","$2,474,345.19"
1993,Copper,CI,Copper Concentrate(Mill-Equiv),"5,911","$79,382.76"
1993,Copper,CU,Copper,SENSITIVE,"$439,990.04"
1993,Fluorspar Concentrate,FD,Fluorspar Concentrate-Chemical,"18,011","$41,253.73"
1993,Garnet,GB,Garnet Sands,"1,769","$10,614.30"
1993,Gas,03,Processed (Residue) Gas,"2,544,795,694","$665,542,103.04"
1993,Gas,04,Unprocessed (Wet) Gas,"4,703,413,762","$1,415,701,154.63"
1993,Gas,04,Unprocessed Gas,"50,841","$20,706.26"
1993,Gas,09,Nitrogen,"293,150","$8,971.71"
1993,Gas,12,Flash Gas,"1,765,295","$491,094.18"
1993,Gas,15,Fuel Gas,"22,467,742","$2,768,343.41"
1993,Gas,16,Gas Lost - Flared or Vented,"223,650","$54,353.07"
1993,Gas,39,Coal Bed Methane,"11,940","$926,512.25"
1993,Geothermal,27,,"6,532,362,256","$24,076,155.91"
1993,Geothermal,36,"Geothermal - Direct Utilization, Hundreds of Gallons","49,474","$19,623.91"
1993,Gilsonite,GF,Gilsonite,0,$720.00
1993,Granite,GG,Granite,SENSITIVE,"$2,455.55"
1993,Gypsum,GH,Gypsum,SENSITIVE,"$353,861.00"
1993,Helium,22,Helium,72,$1.69
1993,Hot Water,25,,"994,428,258","$2,840,148.98"
1993,Iron,FE,Iron Ore,"9,702","$9,937.17"
1993,Lead,PC,Lead Concentrate,"278,815","$1,439,552.00"
1993,Lead,PE,Lead Concentrate (Mill Equiv),"62,933","$401,462.24"
1993,Limestone,PG,Limestone,"254,371","$30,852.31"
1993,Nahcolite,NC,Nahcolite,"2,971","$27,480.28"
1993,NGL,07,Gas Plant Products,"2,833,274,142","$84,303,806.84"
1993,Oil,01,Oil,"531,330,117","$1,041,405,797.34"
1993,Oil,02,Condensate,"69,617,023","$161,953,971.74"
1993,Oil,05,Drip or Scrubber Condensate,"1,178,174","$915,781.48"
1993,Oil,13,Fuel Oil,"4,508","$5,779.85"
1993,Oil,14,Oil Lost,154,$411.38
1993,Oil,20,Other Liquid Hydrocarbons,"18,989","$36,071.81"
1993,Other,00,,"630,555,436","$156,210,082.60"
1993,Phosphate,FB,Ferro Phosphorous Slag,SENSITIVE,"$51,528.05"
1993,Phosphate,PH,Phosphate Pebble,"109,977","$116,135.70"
1993,Phosphate,PJ,Phosphate Concentrate,"87,284","$92,171.90"
1993,Phosphate,PK,Phosphate Raw Ore,"7,210,909","$7,107,015.88"
1993,Phosphate,PN,Potassium Sulphate-Standard,"152,874","$445,217.29"
1993,Phosphate,PQ,Phosphate Precipitator Dust,SENSITIVE,$0.00
1993,Potassium,JA,Muriate Of Potash-Coarse,"143,297","$228,097.53"
1993,Potassium,JB,Muriate Of Potash-Fine,"25,390","$100,464.05"
1993,Potassium,JC,Muriate Of Potash-Chemical,"12,018","$25,489.41"
1993,Potassium,JD,Muriate Of Potash-Standard,"419,175","$698,368.19"
1993,Potassium,JE,Mixed Potash - Raw Ore,0,$0.00
1993,Potassium,JL,Muriate Of Potash-Granular,"663,352","$912,148.26"
1993,Potassium,JS,Muriate Of Potash-Soluble,"77,078","$120,888.08"
1993,Potassium,LA,Langbeinite-Raw Ore,0,$0.00
1993,Potassium,LB,Langbeinite-Coarse,"121,154","$185,119.36"
1993,Potassium,LC,Langbeinite-Granular,"240,862","$407,758.45"
1993,Potassium,LD,Langbeinite-Standard,"191,348","$252,537.23"
1993,Potassium,LS,Langbeinite-Special Std,"63,365","$79,333.72"
1993,Potassium,MG,Magnesium Chloride Brine,"18,789","$7,898.13"
1993,Potassium,MS,Manure Salts,"5,060","$5,866.00"
1993,Potassium,PS,Potassium Sulphate Special Std,"6,027","$22,397.40"
1993,Potassium,PT,Potassium Sulphate-Granular,"71,396","$231,952.92"
1993,Quartz,QA,Quartz,0,$0.00
1993,Quartz,QB,Quartz Crystal,"9,136",$985.57
1993,Sand & Gravel,SF,Sand/Gravel,"11,609,292","$3,590,993.76"
1993,Sand & Gravel,SG,Sand/Gravel-Cubic Yards,SENSITIVE,"$388,049.42"
1993,Scoria,SC,Scoria,SENSITIVE,$0.00
1993,Silica Sand,SE,Silica Sand,SENSITIVE,"$15,485.06"
1993,Soda Ash,SJ,Soda Ash,"3,468,319","$11,772,019.52"
1993,Soda Ash,SK,Soda Ash-Coarse,0,$0.00
1993,Soda Ash,SL,Soda Ash-Granular,"688,916","$2,904,647.19"
1993,Soda Ash,SO,Soda Ash-Standard,0,$0.00
1993,Sodium,BH,Borax-Anhydrous,"58,017","$681,717.78"
1993,Sodium,BJ,Borax-Decahydrate,"8,597","$102,876.03"
1993,Sodium,BL,Borax-Pentahydrate,"35,517","$452,419.43"
1993,Sodium,BM,Boric Acid,"29,224","$764,572.65"
1993,Sodium,BN,Boric Slag,0,$0.00
1993,Sodium,BO,Boric Oxide,66,"$3,460.95"
1993,Sodium,BP,Burkeite Cake,0,$0.00
1993,Sodium,BR,Burkeite Brine,"4,497","$19,410.99"
1993,Sodium,NB,Sodium Brine (Nacl),"30,643",$390.51
1993,Sodium,ND,Brine Barrels,"306,159","$4,799.54"
1993,Sodium,PP,Purge Liquor,"26,978","$35,675.95"
1993,Sodium,SA,Salt,"187,665","$21,320.94"
1993,Sodium,SB,Sodium Bi-Carbonate,"1,440","$11,296.19"
1993,Sodium,SI,Sodium Bicarbonate-Industrial,"3,802","$23,253.61"
1993,Sodium,SM,Sodium Bicarbonate Animal Feed,"29,269","$158,268.46"
1993,Sodium,SN,Anhydrous Sodium Sulfate,"130,806","$473,479.84"
1993,Sodium,SP,Sodium Sesquicarbonate,"13,131","$90,007.19"
1993,Sodium,SR,Caustic,"13,367","$65,892.93"
1993,Sodium,SU,Sulfide,"19,857","$68,797.11"
1993,Sodium,SW,Salt-Waste,"115,834","$84,374.24"
1993,Sodium,TJ,Trona Ore,"45,257","$98,676.27"
1993,Sulfur,19,Sulfur,"3,293,563","$4,118,193.41"
1993,Sulfur,SS,Sulfur,0,$0.00
1993,Zinc,ZA,Zinc Concentrate,"65,494","$865,759.56"
1993,Zinc,ZB,Zinc Concentrate (Mill Equiv),"15,790","$189,026.28"
1994,,,,0,"$13,261,788.18"
1994,Asbestos,AB,Asbestos,94,$715.53
1994,Bentonite,BD,Bentonite,"5,767","$6,343.32"
1994,Carbon Dioxide,17,Carbon Dioxide Gas (CO2),"265,455,765","$7,245,967.98"
1994,Chat,CB,Chat,SENSITIVE,"$74,818.10"
1994,Cinders,CC,Cinders,SENSITIVE,"$6,045.37"
1994,Clay,CG,Clay,"51,485","$4,118.80"
1994,Coal,EC,Coal-Bituminous-Processed,"3,335,592","$4,562,754.41"
1994,Coal,ED,Coal-Bituminous-Raw,"50,268,592","$78,372,528.02"
1994,Coal,EG,Coal-Lignite-Raw,"2,151,062","$808,100.13"
1994,Coal,EH,Coal-Subbituminous-Processed,"1,875,560","$1,349,958.18"
1994,Coal,EI,Coal-Subbituminous-Raw,"281,577,950","$285,715,523.06"
1994,Coal,ES,Coal-Fines Circuit,"17,098","$19,417.56"
1994,Copper,CH,Copper Concentrate,"146,405","$7,924,193.41"
1994,Copper,CI,Copper Concentrate(Mill-Equiv),"7,391","$132,699.98"
1994,Copper,CU,Copper,SENSITIVE,"$579,269.00"
1994,Fluorspar Concentrate,FD,Fluorspar Concentrate-Chemical,"1,654","$16,695.88"
1994,Gas,03,Processed (Residue) Gas,"2,687,203,523","$589,834,759.47"
1994,Gas,04,Unprocessed (Wet) Gas,"4,987,169,072","$1,338,857,684.73"
1994,Gas,04,Unprocessed Gas,"55,257","$23,642.62"
1994,Gas,09,Nitrogen,"247,134","$7,550.73"
1994,Gas,12,Flash Gas,"1,860,736","$483,771.44"
1994,Gas,15,Fuel Gas,"28,883,332","$2,822,606.82"
1994,Gas,16,Gas Lost - Flared or Vented,"572,990","$135,898.69"
1994,Gas,39,Coal Bed Methane,"13,675","$975,255.15"
1994,Geothermal,27,,"6,547,177,427","$23,880,811.64"
1994,Geothermal,36,"Geothermal - Direct Utilization, Hundreds of Gallons","65,969","$30,239.35"
1994,Geothermal,45,"Geothermal - Direct Use, Millions of Gallons","-12,577","-$9,096.40"
1994,Gilsonite,GF,Gilsonite,"3,102","$38,164.59"
1994,Gypsum,GH,Gypsum,SENSITIVE,"$485,230.00"
1994,Helium,22,Helium,96,$2.05
1994,Hot Water,25,,"942,800,707","$3,213,209.48"
1994,Iron,FE,Iron Ore,0,$0.00
1994,Lead,PC,Lead Concentrate,"273,337","$2,576,977.00"
1994,Lead,PE,Lead Concentrate (Mill Equiv),"50,963","$471,817.34"
1994,Limestone,PG,Limestone,"213,494","$27,489.97"
1994,Mine Water,TW,Mine Water,"20,850","$11,746.22"
1994,Nahcolite,NC,Nahcolite,"2,941","$26,005.93"
1994,NGL,07,Gas Plant Products,"2,940,649,872","$78,729,730.31"
1994,Oil,01,Oil,"535,544,786","$972,014,082.52"
1994,Oil,02,Condensate,"71,879,325","$150,338,935.61"
1994,Oil,05,Drip or Scrubber Condensate,"1,206,331","$824,629.25"
1994,Oil,13,Fuel Oil,277,$561.70
1994,Oil,14,Oil Lost,416,$770.15
1994,Oil,20,Other Liquid Hydrocarbons,"30,191","$53,094.98"
1994,Other,00,,"306,617,407","$26,291,639.67"
1994,Phosphate,FB,Ferro Phosphorous Slag,SENSITIVE,"$203,729.93"
1994,Phosphate,PK,Phosphate Raw Ore,"6,147,311","$5,162,038.56"
1994,Phosphate,PN,Potassium Sulphate-Standard,"166,178","$482,444.54"
1994,Potassium,JA,Muriate Of Potash-Coarse,"90,801","$158,511.47"
1994,Potassium,JB,Muriate Of Potash-Fine,"15,574","$60,970.62"
1994,Potassium,JC,Muriate Of Potash-Chemical,"9,089","$5,264.85"
1994,Potassium,JD,Muriate Of Potash-Standard,"439,333","$609,903.99"
1994,Potassium,JL,Muriate Of Potash-Granular,"766,016","$1,033,879.29"
1994,Potassium,JS,Muriate Of Potash-Soluble,"85,518","$35,751.69"
1994,Potassium,LB,Langbeinite-Coarse,"216,178","$346,629.29"
1994,Potassium,LC,Langbeinite-Granular,"258,237","$436,518.85"
1994,Potassium,LD,Langbeinite-Standard,"180,426","$250,125.84"
1994,Potassium,LS,Langbeinite-Special Std,"51,207","$64,794.39"
1994,Potassium,MG,Magnesium Chloride Brine,"26,659","$13,233.51"
1994,Potassium,MS,Manure Salts,"5,123","$5,949.29"
1994,Potassium,PS,Potassium Sulphate Special Std,"5,876","$22,260.62"
1994,Potassium,PT,Potassium Sulphate-Granular,"48,956","$159,365.22"
1994,Quartz,QB,Quartz Crystal,"13,842","$1,634.60"
1994,Sand & Gravel,SF,Sand/Gravel,"9,298,050","$4,661,142.59"
1994,Sand & Gravel,SG,Sand/Gravel-Cubic Yards,SENSITIVE,"$282,457.38"
1994,Silica Sand,SE,Silica Sand,SENSITIVE,"$16,013.32"
1994,Soda Ash,SJ,Soda Ash,"1,340,758","$4,666,717.71"
1994,Soda Ash,SK,Soda Ash-Coarse,"205,907","$851,415.51"
1994,Soda Ash,SL,Soda Ash-Granular,"2,896,345","$10,393,520.81"
1994,Sodium,BH,Borax-Anhydrous,"63,365","$841,768.85"
1994,Sodium,BJ,Borax-Decahydrate,"8,037","$104,477.67"
1994,Sodium,BL,Borax-Pentahydrate,"41,095","$551,025.71"
1994,Sodium,BM,Boric Acid,"25,386","$708,091.38"
1994,Sodium,BO,Boric Oxide,339,"$18,556.17"
1994,Sodium,NB,Sodium Brine (Nacl),0,$0.00
1994,Sodium,ND,Brine Barrels,"252,237","$4,239.03"
1994,Sodium,PP,Purge Liquor,"47,076","$50,839.94"
1994,Sodium,SA,Salt,"216,214","$23,986.57"
1994,Sodium,SB,Sodium Bi-Carbonate,"34,008","$248,977.09"
1994,Sodium,SI,Sodium Bicarbonate-Industrial,"4,747","$32,907.58"
1994,Sodium,SM,Sodium Bicarbonate Animal Feed,"26,849","$146,970.48"
1994,Sodium,SN,Anhydrous Sodium Sulfate,"139,177","$413,913.17"
1994,Sodium,SP,Sodium Sesquicarbonate,"20,578","$140,945.93"
1994,Sodium,SQ,Sodium Tripolyphosphate,"68,588","$178,476.78"
1994,Sodium,SR,Caustic,"15,982","$81,964.56"
1994,Sodium,ST,Tetrasodium Pyrophosphate,"1,214","$3,228.24"
1994,Sodium,SU,Sulfide,"18,420","$61,916.27"
1994,Sodium,SW,Salt-Waste,"121,552","$59,615.33"
1994,Sodium,TD,Sodium Decahydrate,0,$0.00
1994,Sodium,TJ,Trona Ore,"53,779","$135,321.31"
1994,Sulfur,19,Sulfur,"1,339,497","$3,461,470.73"
1994,Sulfur,SS,Sulfur,"1,568,971","$7,580,753.42"
1994,Zinc,ZA,Zinc Concentrate,"66,529","$1,045,968.75"
1994,Zinc,ZB,Zinc Concentrate (Mill Equiv),"15,830","$191,289.40"
1995,,,,0,"$67,869,353.04"
1995,Barite,BB,Barite,4,$19.34
1995,Bentonite,BD,Bentonite,384,$422.18
1995,Carbon Dioxide,17,Carbon Dioxide Gas (CO2),"254,100,175","$7,548,898.16"
1995,Chat,CB,Chat,SENSITIVE,"$60,255.90"
1995,Cinders,CC,Cinders,SENSITIVE,"$9,075.08"
1995,Clay,CG,Clay,"44,014","$3,521.16"
1995,Coal,EC,Coal-Bituminous-Processed,"5,232,224","$8,384,506.25"
1995,Coal,ED,Coal-Bituminous-Raw,"53,179,043","$81,902,306.71"
1995,Coal,EG,Coal-Lignite-Raw,"2,099,174","$990,376.78"
1995,Coal,EH,Coal-Subbituminous-Processed,"1,592,011","$1,366,875.39"
1995,Coal,EI,Coal-Subbituminous-Raw,"302,514,752","$290,904,557.71"
1995,Coal,ES,Coal-Fines Circuit,"18,687","$5,932.26"
1995,Copper,CH,Copper Concentrate,"73,231","$3,582,691.40"
1995,Copper,CI,Copper Concentrate(Mill-Equiv),194,"$5,101.14"
1995,Copper,CU,Copper,SENSITIVE,"$896,357.52"
1995,Fluorspar Concentrate,FD,Fluorspar Concentrate-Chemical,"3,571","$34,998.81"
1995,Garnet,GA,Garnet-Gem,35,$687.40
1995,Gas,03,Processed (Residue) Gas,"2,754,530,900","$535,648,391.05"
1995,Gas,04,Unprocessed (Wet) Gas,"4,755,174,668","$1,055,498,482.00"
1995,Gas,04,Unprocessed Gas,"223,983","$55,386.07"
1995,Gas,09,Nitrogen,"86,684","$10,765.96"
1995,Gas,12,Flash Gas,"2,018,121","$507,734.76"
1995,Gas,15,Fuel Gas,"25,860,341","$2,490,147.61"
1995,Gas,16,Gas Lost - Flared or Vented,"504,856","$108,789.22"
1995,Gas,39,Coal Bed Methane,"16,284","$897,273.37"
1995,Geothermal,27,,"5,963,762,345","$23,943,719.58"
1995,Geothermal,32,"Geothermal - Electrical Generation, Thousands of Pounds",0,"$6,433.56"
1995,Geothermal,36,"Geothermal - Direct Utilization, Hundreds of Gallons","39,079","$17,996.83"
1995,Geothermal,45,"Geothermal - Direct Use, Millions of Gallons","-10,820","-$7,731.94"
1995,Gilsonite,GF,Gilsonite,"2,435","$38,567.86"
1995,Gypsum,GH,Gypsum,SENSITIVE,"$548,232.44"
1995,Hot Water,25,,"975,746,712","$4,022,640.49"
1995,Lead,PC,Lead Concentrate,"276,168","$3,581,085.00"
1995,Lead,PE,Lead Concentrate (Mill Equiv),"25,625","$305,664.52"
1995,Limestone,PG,Limestone,"212,383","$31,847.14"
1995,Mine Water,TW,Mine Water,"39,033","$7,822.62"
1995,Molybdenum Concentrate,MB,Molybdenum Concentrate,SENSITIVE,"$30,469.44"
1995,NGL,07,Gas Plant Products,"3,237,755,547","$87,689,545.37"
1995,Oil,01,Oil,"578,608,429","$1,164,574,249.76"
1995,Oil,02,Condensate,"71,169,399","$165,340,992.90"
1995,Oil,05,Drip or Scrubber Condensate,"1,978,107","$1,120,380.04"
1995,Oil,13,Fuel Oil,121,$267.01
1995,Oil,14,Oil Lost,107,$194.77
1995,Oil,20,Other Liquid Hydrocarbons,"39,758","$47,360.84"
1995,Other,00,,"632,861,705","$24,569,563.04"
1995,Phosphate,FB,Ferro Phosphorous Slag,SENSITIVE,"$68,093.69"
1995,Phosphate,PH,Phosphate Pebble,"59,844","$67,139.09"
1995,Phosphate,PJ,Phosphate Concentrate,"90,813","$101,872.74"
1995,Phosphate,PK,Phosphate Raw Ore,"5,851,468","$5,044,179.87"
1995,Phosphate,PN,Potassium Sulphate-Standard,"94,604","$295,711.79"
1995,Potassium,JA,Muriate Of Potash-Coarse,"67,635","$133,823.86"
1995,Potassium,JB,Muriate Of Potash-Fine,"10,990","$47,760.67"
1995,Potassium,JC,Muriate Of Potash-Chemical,"9,104","$5,270.79"
1995,Potassium,JD,Muriate Of Potash-Standard,"345,740","$570,887.93"
1995,Potassium,JL,Muriate Of Potash-Granular,"704,230","$1,019,614.06"
1995,Potassium,JS,Muriate Of Potash-Soluble,"86,521","$35,642.48"
1995,Potassium,LB,Langbeinite-Coarse,"167,642","$250,321.77"
1995,Potassium,LC,Langbeinite-Granular,"215,978","$369,232.70"
1995,Potassium,LD,Langbeinite-Standard,"190,423","$268,322.00"
1995,Potassium,LS,Langbeinite-Special Std,"42,582","$55,055.80"
1995,Potassium,MG,Magnesium Chloride Brine,"27,385","$12,683.52"
1995,Potassium,MS,Manure Salts,"6,004","$7,197.39"
1995,Potassium,PS,Potassium Sulphate Special Std,"5,070","$19,085.56"
1995,Potassium,PT,Potassium Sulphate-Granular,"52,989","$172,760.28"
1995,Quartz,QB,Quartz Crystal,"35,453","$3,704.33"
1995,Sand & Gravel,SF,Sand/Gravel,"8,086,004","$4,215,868.01"
1995,Sand & Gravel,SG,Sand/Gravel-Cubic Yards,SENSITIVE,"$381,217.85"
1995,Silica Sand,SE,Silica Sand,SENSITIVE,"$13,543.48"
1995,Soda Ash,SJ,Soda Ash,"1,458,701","$5,336,149.10"
1995,Soda Ash,SK,Soda Ash-Coarse,"227,204","$916,320.83"
1995,Soda Ash,SL,Soda Ash-Granular,"3,157,747","$11,887,241.84"
1995,Sodium,BH,Borax-Anhydrous,"53,668","$660,582.65"
1995,Sodium,BJ,Borax-Decahydrate,"8,271","$100,699.16"
1995,Sodium,BL,Borax-Pentahydrate,"38,079","$488,544.27"
1995,Sodium,BM,Boric Acid,"28,399","$771,383.29"
1995,Sodium,BO,Boric Oxide,281,"$14,708.63"
1995,Sodium,NB,Sodium Brine (Nacl),0,$0.00
1995,Sodium,ND,Brine Barrels,"281,542","$5,005.31"
1995,Sodium,PP,Purge Liquor,"49,976","$55,303.53"
1995,Sodium,SA,Salt,"195,359","$22,547.37"
1995,Sodium,SB,Sodium Bi-Carbonate,"36,804","$298,841.06"
1995,Sodium,SI,Sodium Bicarbonate-Industrial,"7,414","$52,028.27"
1995,Sodium,SM,Sodium Bicarbonate Animal Feed,"27,224","$157,869.01"
1995,Sodium,SN,Anhydrous Sodium Sulfate,"166,746","$488,157.11"
1995,Sodium,SP,Sodium Sesquicarbonate,"21,813","$127,233.62"
1995,Sodium,SQ,Sodium Tripolyphosphate,"67,100","$178,344.22"
1995,Sodium,SR,Caustic,"70,780","$383,409.21"
1995,Sodium,ST,Tetrasodium Pyrophosphate,"1,044","$2,827.41"
1995,Sodium,SU,Sulfide,"17,783","$63,116.35"
1995,Sodium,SW,Salt-Waste,"118,310","$45,558.95"
1995,Sodium,TJ,Trona Ore,"82,559","$178,084.11"
1995,Sulfur,19,Sulfur,"682,300","$222,115.05"
1995,Sulfur,SS,Sulfur,"2,194,862","$14,851,052.37"
1995,Zinc,ZA,Zinc Concentrate,"82,765","$1,280,948.00"
1996,,,,0,"$22,326,376.25"
1996,Bentonite,BD,Bentonite,"14,641","$16,104.64"
1996,Carbon Dioxide,17,Carbon Dioxide Gas (CO2),"279,869,027","$853,322.76"
1996,Chat,CB,Chat,SENSITIVE,"$67,726.50"
1996,Cinders,CC,Cinders,SENSITIVE,"$7,405.50"
1996,Clay,CG,Clay,"55,355","$4,428.37"
1996,Coal,EC,Coal-Bituminous-Processed,"7,142,422","$11,628,227.23"
1996,Coal,ED,Coal-Bituminous-Raw,"57,382,457","$87,199,623.14"
1996,Coal,EE,Coal,0,$0.01
1996,Coal,EG,Coal-Lignite-Raw,"2,444,131","$1,049,485.16"
1996,Coal,EH,Coal-Subbituminous-Processed,"1,581,295","$1,886,562.60"
1996,Coal,EI,Coal-Subbituminous-Raw,"311,841,613","$288,313,397.39"
1996,Copper,CH,Copper Concentrate,"57,137","$1,490,318.11"
1996,Copper,CU,Copper,SENSITIVE,"$352,910.86"
1996,Fluorspar Concentrate,FD,Fluorspar Concentrate-Chemical,110,"$1,170.20"
1996,Garnet,GA,Garnet-Gem,7,$132.05
1996,Gas,03,Processed (Residue) Gas,"2,559,182,935","$860,647,947.45"
1996,Gas,04,Unprocessed (Wet) Gas,"5,305,648,908","$1,771,611,510.17"
1996,Gas,04,Unprocessed Gas,"-2,050,415","-$560,225.29"
1996,Gas,09,Nitrogen,"135,016","$16,309.83"
1996,Gas,12,Flash Gas,"2,679,347","$1,131,914.19"
1996,Gas,15,Fuel Gas,"25,672,929","$4,090,296.98"
1996,Gas,16,Gas Lost - Flared or Vented,"763,745","$252,865.18"
1996,Gas,39,Coal Bed Methane,"19,899","$1,422,101.22"
1996,Geothermal,27,,"6,391,600,469","$25,247,978.95"
1996,Geothermal,31,"Geothermal - Electrical Generation, Kilowatt Hours","42,115","$24,199.52"
1996,Geothermal,36,"Geothermal - Direct Utilization, Hundreds of Gallons","27,132","$12,519.18"
1996,Geothermal,45,"Geothermal - Direct Use, Millions of Gallons","-4,779","-$3,638.56"
1996,Gilsonite,GF,Gilsonite,"1,599","$47,797.12"
1996,Granite,GG,Granite,SENSITIVE,"$169,957.00"
1996,Gypsum,GH,Gypsum,SENSITIVE,"$645,650.69"
1996,Helium,22,Helium,57,$31.84
1996,Hot Water,25,,"979,003,112","$5,606,199.18"
1996,Lead,PC,Lead Concentrate,"418,603","$6,818,848.00"
1996,Lead,PE,Lead Concentrate (Mill Equiv),"17,320","$270,116.62"
1996,Limestone,PG,Limestone,"292,879","$53,840.01"
1996,Mine Water,TW,Mine Water,"49,443","$10,414.19"
1996,Molybdenum Concentrate,MB,Molybdenum Concentrate,SENSITIVE,"$15,481.02"
1996,NGL,07,Gas Plant Products,"3,973,149,212","$121,723,595.24"
1996,Oil,01,Oil,"588,892,390","$1,471,577,424.18"
1996,Oil,02,Condensate,"81,411,968","$250,700,465.88"
1996,Oil,05,Drip or Scrubber Condensate,"1,343,783","$1,579,396.69"
1996,Oil,13,Fuel Oil,26,$52.30
1996,Oil,14,Oil Lost,SENSITIVE,$47.74
1996,Oil,20,Other Liquid Hydrocarbons,"42,050","$49,197.50"
1996,Other,00,,"339,235,197","$129,299,760.32"
1996,Phosphate,FB,Ferro Phosphorous Slag,"10,729","$43,219.03"
1996,Phosphate,PK,Phosphate Raw Ore,"7,134,584","$4,295,741.85"
1996,Phosphate,PN,Potassium Sulphate-Standard,"142,696","$404,553.58"
1996,Phosphate,PQ,Phosphate Precipitator Dust,SENSITIVE,$0.00
1996,Potassium,JA,Muriate Of Potash-Coarse,"31,572","$47,090.91"
1996,Potassium,JB,Muriate Of Potash-Fine,"5,153","$26,487.73"
1996,Potassium,JC,Muriate Of Potash-Chemical,"8,824","$5,627.43"
1996,Potassium,JD,Muriate Of Potash-Standard,"327,229","$524,040.67"
1996,Potassium,JI,Muriate Of Potash-Industrial,"8,585","$19,579.00"
1996,Potassium,JL,Muriate Of Potash-Granular,"762,965","$1,066,806.42"
1996,Potassium,JS,Muriate Of Potash-Soluble,"84,078","$37,279.84"
1996,Potassium,LB,Langbeinite-Coarse,"176,956","$291,047.66"
1996,Potassium,LC,Langbeinite-Granular,"188,211","$330,675.45"
1996,Potassium,LD,Langbeinite-Standard,"171,469","$252,280.56"
1996,Potassium,LS,Langbeinite-Special Std,"40,119","$53,418.81"
1996,Potassium,MG,Magnesium Chloride Brine,"26,188","$11,757.78"
1996,Potassium,MS,Manure Salts,"4,471","$5,844.91"
1996,Potassium,PS,Potassium Sulphate Special Std,"4,090","$14,675.16"
1996,Potassium,PT,Potassium Sulphate-Granular,"57,697","$191,354.71"
1996,Quartz,QB,Quartz Crystal,"54,335","$5,332.24"
1996,Sand & Gravel,SF,Sand/Gravel,"8,184,706","$4,275,175.62"
1996,Sand & Gravel,SG,Sand/Gravel-Cubic Yards,SENSITIVE,"$402,668.32"
1996,Silica Sand,SE,Silica Sand,SENSITIVE,"$11,826.67"
1996,Soda Ash,SJ,Soda Ash,"967,708","$3,890,586.74"
1996,Soda Ash,SK,Soda Ash-Coarse,"252,728","$1,244,880.06"
1996,Soda Ash,SL,Soda Ash-Granular,"3,971,646","$16,939,188.80"
1996,Sodium,BH,Borax-Anhydrous,"60,068","$593,647.86"
1996,Sodium,BJ,Borax-Decahydrate,"6,585","$49,375.19"
1996,Sodium,BL,Borax-Pentahydrate,"22,224","$226,847.00"
1996,Sodium,BM,Boric Acid,"30,332","$508,237.35"
1996,Sodium,BO,Boric Oxide,165,"$4,516.99"
1996,Sodium,NB,Sodium Brine (Nacl),0,$0.00
1996,Sodium,ND,Brine Barrels,"302,770","$5,419.72"
1996,Sodium,PP,Purge Liquor,"54,894","$68,672.39"
1996,Sodium,SA,Salt,"260,575","$29,666.66"
1996,Sodium,SB,Sodium Bi-Carbonate,"42,688","$339,427.16"
1996,Sodium,SI,Sodium Bicarbonate-Industrial,"10,852","$77,081.24"
1996,Sodium,SM,Sodium Bicarbonate Animal Feed,"29,789","$170,910.92"
1996,Sodium,SN,Anhydrous Sodium Sulfate,"145,905","$274,450.75"
1996,Sodium,SP,Sodium Sesquicarbonate,"20,889","$160,590.00"
1996,Sodium,SQ,Sodium Tripolyphosphate,"54,280","$179,226.40"
1996,Sodium,SR,Caustic,"79,544","$494,312.77"
1996,Sodium,ST,Tetrasodium Pyrophosphate,653,"$2,050.55"
1996,Sodium,SU,Sulfide,"15,591","$61,191.93"
1996,Sodium,SW,Salt-Waste,"103,124","$42,435.77"
1996,Sodium,TJ,Trona Ore,"55,906","$132,181.30"
1996,Sulfur,19,Sulfur,"8,648,970","$196,136.13"
1996,Sulfur,SS,Sulfur,"1,941,902","$10,713,916.59"
1996,Zinc,ZA,Zinc Concentrate,"104,215","$1,658,184.83"
1997,,,,0,"$113,892,999.07"
1997,Carbon Dioxide,17,Carbon Dioxide Gas (CO2),"292,970,621","$10,039,094.11"
1997,Chat,CB,Chat,SENSITIVE,"$43,285.20"
1997,Cinders,CC,Cinders,SENSITIVE,"$9,253.51"
1997,Clay,CG,Clay,"62,433","$4,992.40"
1997,Coal,EC,Coal-Bituminous-Processed,"5,127,287","$10,436,058.86"
1997,Coal,ED,Coal-Bituminous-Raw,"53,162,034","$83,090,660.60"
1997,Coal,EG,Coal-Lignite-Raw,"3,232,698","$1,178,578.66"
1997,Coal,EH,Coal-Subbituminous-Processed,"3,313,717","$3,268,877.24"
1997,Coal,EI,Coal-Subbituminous-Raw,"314,701,281","$277,630,138.81"
1997,Coal,ES,Coal-Fines Circuit,"1,955",$547.30
1997,Cobalt,CL,Cobalt Concentrate,90,"$11,502.00"
1997,Copper,CH,Copper Concentrate,"66,558","$1,685,980.66"
1997,Copper,CU,Copper,SENSITIVE,"$191,644.12"
1997,Gas,03,Processed (Residue) Gas,"2,425,182,587","$844,844,227.66"
1997,Gas,04,Unprocessed (Wet) Gas,"5,531,777,413","$1,936,857,303.61"
1997,Gas,04,Unprocessed Gas,"-672,763","-$171,980.83"
1997,Gas,09,Nitrogen,"61,115","$10,842.14"
1997,Gas,12,Flash Gas,"6,963,269","$1,265,978.31"
1997,Gas,15,Fuel Gas,"26,353,240","$4,470,739.31"
1997,Gas,16,Gas Lost - Flared or Vented,"1,627,667","$573,138.91"
1997,Gas,39,Coal Bed Methane,"21,903","$1,656,315.29"
1997,Geothermal,27,,"5,551,992,481","$27,504,838.09"
1997,Geothermal,31,"Geothermal - Electrical Generation, Kilowatt Hours","290,689","$61,844.59"
1997,Geothermal,36,"Geothermal - Direct Utilization, Hundreds of Gallons","22,026","$10,178.38"
1997,Geothermal,45,"Geothermal - Direct Use, Millions of Gallons","-6,357","-$4,548.20"
1997,Gilsonite,GF,Gilsonite,"2,490","$52,523.26"
1997,Gypsum,GH,Gypsum,SENSITIVE,"$700,526.25"
1997,Hot Water,25,,"942,912,971","$3,486,030.71"
1997,Lead,PA,Low Alpha Lead,"9,611","$4,616.00"
1997,Lead,PC,Lead Concentrate,"390,899","$4,402,649.00"
1997,Limestone,PG,Limestone,"190,403","$31,461.46"
1997,Mine Water,TW,Mine Water,"76,607","$16,634.84"
1997,NGL,07,Gas Plant Products,"3,721,346,866","$106,443,374.97"
1997,Oil,01,Oil,"619,967,321","$1,398,020,531.08"
1997,Oil,02,Condensate,"91,000,454","$255,474,339.73"
1997,Oil,05,Drip or Scrubber Condensate,"1,128,619","$1,716,689.59"
1997,Oil,06,Inlet Scrubber,674,"$4,850.40"
1997,Oil,13,Fuel Oil,SENSITIVE,$17.69
1997,Oil,14,Oil Lost,85,$223.57
1997,Oil,20,Other Liquid Hydrocarbons,"22,858","$29,758.16"
1997,Other,00,,"606,155,034","$43,719,549.76"
1997,Phosphate,FB,Ferro Phosphorous Slag,"6,864","$39,906.40"
1997,Phosphate,PK,Phosphate Raw Ore,"5,919,280","$4,159,162.58"
1997,Phosphate,PN,Potassium Sulphate-Standard,"142,850","$413,175.86"
1997,Potassium,JA,Muriate Of Potash-Coarse,"12,286","$30,515.58"
1997,Potassium,JB,Muriate Of Potash-Fine,"3,811","$20,428.22"
1997,Potassium,JC,Muriate Of Potash-Chemical,"4,765","$2,669.96"
1997,Potassium,JD,Muriate Of Potash-Standard,"369,515","$487,326.85"
1997,Potassium,JL,Muriate Of Potash-Granular,"798,880","$1,255,398.18"
1997,Potassium,JS,Muriate Of Potash-Soluble,"78,334","$36,160.43"
1997,Potassium,LB,Langbeinite-Coarse,"248,726","$421,937.11"
1997,Potassium,LC,Langbeinite-Granular,"307,099","$572,485.35"
1997,Potassium,LD,Langbeinite-Standard,"243,579","$373,656.42"
1997,Potassium,LS,Langbeinite-Special Std,"47,309","$66,250.60"
1997,Potassium,MG,Magnesium Chloride Brine,"28,651","$9,365.07"
1997,Potassium,MS,Manure Salts,"3,230","$4,019.03"
1997,Potassium,PS,Potassium Sulphate Special Std,"4,434","$15,535.56"
1997,Potassium,PT,Potassium Sulphate-Granular,"54,887","$190,924.35"
1997,Quartz,QB,Quartz Crystal,"67,218","$6,004.14"
1997,Sand & Gravel,SF,Sand/Gravel,"7,984,740","$4,965,428.37"
1997,Sand & Gravel,SG,Sand/Gravel-Cubic Yards,SENSITIVE,"$401,359.66"
1997,Silica Sand,SE,Silica Sand,SENSITIVE,"$15,310.22"
1997,Soda Ash,SJ,Soda Ash,"318,027","$1,290,954.22"
1997,Soda Ash,SK,Soda Ash-Coarse,"316,065","$1,547,210.96"
1997,Soda Ash,SL,Soda Ash-Granular,"3,924,955","$16,482,168.46"
1997,Sodium,BH,Borax-Anhydrous,"21,449","$165,201.54"
1997,Sodium,BJ,Borax-Decahydrate,"2,737","$21,089.85"
1997,Sodium,BL,Borax-Pentahydrate,"4,086","$45,522.22"
1997,Sodium,BM,Boric Acid,"9,593","$154,802.64"
1997,Sodium,BO,Boric Oxide,75,"$2,117.78"
1997,Sodium,ND,Brine Barrels,"329,465","$5,910.79"
1997,Sodium,PP,Purge Liquor,"40,851","$50,708.90"
1997,Sodium,SA,Salt,"340,725","$37,398.53"
1997,Sodium,SB,Sodium Bi-Carbonate,"48,043","$379,035.66"
1997,Sodium,SI,Sodium Bicarbonate-Industrial,"14,029","$112,646.79"
1997,Sodium,SM,Sodium Bicarbonate Animal Feed,"30,011","$180,709.35"
1997,Sodium,SN,Anhydrous Sodium Sulfate,"37,064","$103,894.88"
1997,Sodium,SP,Sodium Sesquicarbonate,"25,582","$190,518.03"
1997,Sodium,SQ,Sodium Tripolyphosphate,"59,771","$202,187.87"
1997,Sodium,SR,Caustic,"68,859","$448,031.38"
1997,Sodium,ST,Tetrasodium Pyrophosphate,0,$0.00
1997,Sodium,SU,Sulfide,"12,228","$47,358.18"
1997,Sodium,SW,Salt-Waste,"112,258","$39,673.53"
1997,Sodium,TB,Sodium Bisulfite,"1,096","$2,762.26"
1997,Sodium,TD,Sodium Decahydrate,"2,914","$12,453.46"
1997,Sodium,TJ,Trona Ore,"33,589","$88,392.39"
1997,Sodium,TM,Sodium Metabisulfite,734,"$1,949.00"
1997,Sulfur,19,Sulfur,"7,370,018","$178,980.78"
1997,Sulfur,SS,Sulfur,"1,896,020","$10,250,964.82"
1997,Zinc,ZA,Zinc Concentrate,"83,326","$1,724,635.00"
1998,,,,"291,284,438","$39,503,612.00"
1998,Carbon Dioxide,17,Carbon Dioxide Gas (CO2),"318,238,778","$11,416,441.54"
1998,Chat,CB,Chat,SENSITIVE,$0.00
1998,Cinders,CC,Cinders,SENSITIVE,"$15,208.50"
1998,Clay,CG,Clay,"222,603","$16,549.82"
1998,Coal,EC,Coal-Bituminous-Processed,"3,373,372","$7,707,828.10"
1998,Coal,ED,Coal-Bituminous-Raw,"57,303,249","$90,723,940.33"
1998,Coal,EE,Coal,0,"-$1,136,074.95"
1998,Coal,EG,Coal-Lignite-Raw,"3,174,324","$1,265,265.35"
1998,Coal,EH,Coal-Subbituminous-Processed,"2,791,894","$1,743,723.40"
1998,Coal,EI,Coal-Subbituminous-Raw,"366,709,404","$272,598,355.00"
1998,Cobalt,CL,Cobalt Concentrate,69,"$2,016.00"
1998,Copper,CH,Copper Concentrate,"87,516","$914,012.89"
1998,Copper,CU,Copper,SENSITIVE,"$32,416.60"
1998,Gas,03,Processed (Residue) Gas,"2,157,313,443","$628,268,817.92"
1998,Gas,04,Unprocessed (Wet) Gas,"5,807,207,004","$1,611,293,373.42"
1998,Gas,04,Unprocessed Gas,"-464,026","$45,276.27"
1998,Gas,09,Nitrogen,"38,450",$931.00
1998,Gas,12,Flash Gas,"3,438,801","$1,477,742.58"
1998,Gas,15,Fuel Gas,"23,334,347","$3,384,707.99"
1998,Gas,16,Gas Lost - Flared or Vented,"2,129,577","$557,122.71"
1998,Gas,39,Coal Bed Methane,"3,992,679","$2,314,947.88"
1998,Geothermal,27,,"7,408,335,355","$23,314,120.20"
1998,Geothermal,31,"Geothermal - Electrical Generation, Kilowatt Hours","2,158,050","$298,483.60"
1998,Geothermal,36,"Geothermal - Direct Utilization, Hundreds of Gallons","51,881","$23,866.23"
1998,Geothermal,45,"Geothermal - Direct Use, Millions of Gallons","-14,911","-$10,915.68"
1998,Gilsonite,GF,Gilsonite,"16,441","$253,142.39"
1998,Gypsum,GH,Gypsum,SENSITIVE,"$682,368.92"
1998,Helium,22,Helium,819,$1.63
1998,Hot Water,25,,"781,400,665","$1,438,276.04"
1998,Lead,PA,Low Alpha Lead,"2,232,345","$483,591.00"
1998,Lead,PC,Lead Concentrate,"412,512","$4,174,696.00"
1998,Limestone,PG,Limestone,"72,314","$15,266.53"
1998,Mine Water,TW,Mine Water,"87,654","$18,281.54"
1998,NGL,07,Gas Plant Products,"2,788,106,427","$65,797,187.92"
1998,Oil,01,Oil,"614,193,005","$878,623,598.75"
1998,Oil,02,Condensate,"98,335,530","$177,789,419.67"
1998,Oil,05,Drip or Scrubber Condensate,"2,713,608","$1,772,381.20"
1998,Oil,13,Fuel Oil,SENSITIVE,$98.26
1998,Oil,14,Oil Lost,644,"$1,093.50"
1998,Oil,20,Other Liquid Hydrocarbons,"22,138","$21,685.06"
1998,Other,00,,"298,377,722","$22,702,988.98"
1998,Phosphate,FB,Ferro Phosphorous Slag,"6,511","$41,542.90"
1998,Phosphate,PK,Phosphate Raw Ore,"6,972,484","$5,076,494.24"
1998,Phosphate,PN,Potassium Sulphate-Standard,"123,024","$392,891.05"
1998,Potassium,JA,Muriate Of Potash-Coarse,"9,517","$28,805.22"
1998,Potassium,JD,Muriate Of Potash-Standard,"397,882","$624,591.77"
1998,Potassium,JL,Muriate Of Potash-Granular,"744,261","$1,384,197.66"
1998,Potassium,JS,Muriate Of Potash-Soluble,"18,974","$10,067.27"
1998,Potassium,LB,Langbeinite-Coarse,"267,864","$477,142.30"
1998,Potassium,LC,Langbeinite-Granular,"267,513","$516,905.76"
1998,Potassium,LD,Langbeinite-Standard,"327,965","$569,588.38"
1998,Potassium,LE,Granulated Langeinite,"92,123","$180,073.94"
1998,Potassium,LS,Langbeinite-Special Std,"23,774","$42,461.00"
1998,Potassium,MG,Magnesium Chloride Brine,"29,921","$8,254.63"
1998,Potassium,MS,Manure Salts,"3,595","$4,691.74"
1998,Potassium,PS,Potassium Sulphate Special Std,"6,311","$23,793.67"
1998,Potassium,PT,Potassium Sulphate-Granular,"48,300","$181,876.27"
1998,Quartz,QB,Quartz Crystal,"53,502","$2,245.50"
1998,Sand & Gravel,SF,Sand/Gravel,"9,058,919","$5,682,372.29"
1998,Sand & Gravel,SG,Sand/Gravel-Cubic Yards,"2,100,523","$746,090.40"
1998,Silica Sand,SE,Silica Sand,SENSITIVE,"$20,711.27"
1998,Soda Ash,SK,Soda Ash-Coarse,"376,106","$1,672,311.47"
1998,Soda Ash,SL,Soda Ash-Granular,"3,742,275","$15,345,148.85"
1998,Sodium,BH,Borax-Anhydrous,"12,459","$147,367.96"
1998,Sodium,BJ,Borax-Decahydrate,"1,666","$19,775.57"
1998,Sodium,BL,Borax-Pentahydrate,"5,605","$69,623.37"
1998,Sodium,BM,Boric Acid,"5,237","$135,330.42"
1998,Sodium,BO,Boric Oxide,62,"$1,632.14"
1998,Sodium,BP,Burkeite Cake,13,$21.19
1998,Sodium,ND,Brine Barrels,"97,180","$1,709.46"
1998,Sodium,PP,Purge Liquor,"41,510","$49,206.25"
1998,Sodium,SA,Salt,"309,058","$34,711.78"
1998,Sodium,SB,Sodium Bi-Carbonate,"69,504","$538,935.24"
1998,Sodium,SI,Sodium Bicarbonate-Industrial,"7,987","$56,234.26"
1998,Sodium,SM,Sodium Bicarbonate Animal Feed,"40,957","$230,314.30"
1998,Sodium,SN,Anhydrous Sodium Sulfate,"22,069","$79,952.98"
1998,Sodium,SP,Sodium Sesquicarbonate,"39,650","$303,279.26"
1998,Sodium,SQ,Sodium Tripolyphosphate,"87,611","$281,748.16"
1998,Sodium,SR,Caustic,"69,560","$428,454.11"
1998,Sodium,SU,Sulfide,"5,966","$22,474.53"
1998,Sodium,SW,Salt-Waste,"82,714","$29,137.71"
1998,Sodium,TB,Sodium Bisulfite,"1,042","$2,847.54"
1998,Sodium,TJ,Trona Ore,"17,104","$55,783.81"
1998,Sodium,TM,Sodium Metabisulfite,"1,399","$4,853.26"
1998,Sulfur,19,Sulfur,"751,290","$148,882.61"
1998,Sulfur,SS,Sulfur,"1,386,398","$7,244,131.84"
1998,Zinc,ZA,Zinc Concentrate,"110,335","$1,775,529.00"
1999,,,,"399,256,535","$178,576,800.28"
1999,Carbon Dioxide,17,Carbon Dioxide Gas (CO2),"267,244,281","$8,855,004.64"
1999,Cinders,CC,Cinders,SENSITIVE,"$8,589.38"
1999,Clay,CG,Clay,"102,778","$10,233.06"
1999,Coal,EC,Coal-Bituminous-Processed,"5,227,152","$6,040,506.76"
1999,Coal,ED,Coal-Bituminous-Raw,"-7,362,861","$80,207,547.30"
1999,Coal,EG,Coal-Lignite-Raw,"3,078,528","$1,211,527.11"
1999,Coal,EH,Coal-Subbituminous-Processed,"9,498,529","$10,780,359.04"
1999,Coal,EI,Coal-Subbituminous-Raw,"358,550,463","$274,998,162.48"
1999,Coal,ES,Coal-Fines Circuit,"17,698","$14,279.58"
1999,Copper,CH,Copper Concentrate,"147,786","$2,266,661.25"
1999,Copper,CU,Copper,SENSITIVE,"$93,904.34"
1999,Gas,03,Processed (Residue) Gas,"2,268,376,819","$700,959,005.81"
1999,Gas,04,Unprocessed (Wet) Gas,"5,500,077,425","$1,654,271,116.56"
1999,Gas,04,Unprocessed Gas,"-297,889","$30,908.17"
1999,Gas,09,Nitrogen,"52,146","$1,276.49"
1999,Gas,12,Flash Gas,"4,818,307","$1,435,899.45"
1999,Gas,15,Fuel Gas,"22,129,596","$3,455,274.63"
1999,Gas,15,Pipeline Fuel/Loss,0,-$25.68
1999,Gas,16,Gas Lost - Flared or Vented,"1,833,773","$475,220.02"
1999,Gas,39,Coal Bed Methane,"33,925,720","$8,128,658.14"
1999,Geothermal,27,,"7,803,964,999","$10,860,036.26"
1999,Geothermal,31,"Geothermal - Electrical Generation, Kilowatt Hours","1,613,413","$259,898.48"
1999,Geothermal,36,"Geothermal - Direct Utilization, Hundreds of Gallons","69,668","$32,021.22"
1999,Geothermal,45,"Geothermal - Direct Use, Millions of Gallons","-13,111","-$9,551.22"
1999,Gilsonite,GF,Gilsonite,"14,917","$216,639.32"
1999,Gypsum,GH,Gypsum,SENSITIVE,"$742,157.14"
1999,Helium,22,Helium,235,$0.48
1999,Hot Water,25,,"753,457,763","$1,352,843.95"
1999,Lead,PA,Low Alpha Lead,"130,157","$56,948.00"
1999,Lead,PC,Lead Concentrate,"432,737","$4,066,111.00"
1999,Limestone,PG,Limestone,"2,545","$1,107.08"
1999,Mine Water,TW,Mine Water,"31,786","$13,598.65"
1999,NGL,07,Gas Plant Products,"3,399,844,536","$117,690,560.54"
1999,Oil,01,Oil,"642,533,117","$1,071,793,917.07"
1999,Oil,02,Condensate,"87,007,874","$196,893,140.69"
1999,Oil,05,Drip or Scrubber Condensate,"3,048,444","$4,693,446.92"
1999,Oil,13,Fuel Oil,SENSITIVE,$27.28
1999,Oil,14,Oil Lost,139,$47.87
1999,Oil,20,Other Liquid Hydrocarbons,"38,748","$52,161.38"
1999,Other,00,,"126,821,569","$54,370,675.24"
1999,Phosphate,FB,Ferro Phosphorous Slag,"2,856","$14,906.34"
1999,Phosphate,PK,Phosphate Raw Ore,"5,885,516","$4,789,252.97"
1999,Phosphate,PN,Potassium Sulphate-Standard,"61,142","$214,119.16"
1999,Potassium,JA,Muriate Of Potash-Coarse,"7,518","$24,205.99"
1999,Potassium,JD,Muriate Of Potash-Standard,"390,346","$686,385.98"
1999,Potassium,JL,Muriate Of Potash-Granular,"894,842","$1,597,563.56"
1999,Potassium,LB,Langbeinite-Coarse,"79,532","$140,149.28"
1999,Potassium,LC,Langbeinite-Granular,"279,241","$538,373.98"
1999,Potassium,LD,Langbeinite-Standard,"260,536","$418,769.53"
1999,Potassium,LE,Granulated Langeinite,"162,478","$340,729.95"
1999,Potassium,LS,Langbeinite-Special Std,"36,223","$71,647.67"
1999,Potassium,MG,Magnesium Chloride Brine,"35,494","$8,930.62"
1999,Potassium,MS,Manure Salts,"3,403","$4,668.36"
1999,Potassium,PS,Potassium Sulphate Special Std,"4,438","$22,156.31"
1999,Potassium,PT,Potassium Sulphate-Granular,"53,535","$197,073.93"
1999,Quartz,QB,Quartz Crystal,"17,690","$2,707.30"
1999,Sand & Gravel,BS,Borrow Sand & Gravel,-651,"$19,284.43"
1999,Sand & Gravel,SF,Sand/Gravel,"7,992,199","$5,622,471.87"
1999,Sand & Gravel,SG,Sand/Gravel-Cubic Yards,SENSITIVE,"$665,095.16"
1999,Silica Sand,SE,Silica Sand,SENSITIVE,"$19,120.05"
1999,Soda Ash,SJ,Soda Ash,"1,135","$3,568.11"
1999,Soda Ash,SK,Soda Ash-Coarse,"308,408","$1,367,984.09"
1999,Soda Ash,SL,Soda Ash-Granular,"4,263,637","$16,086,722.51"
1999,Sodium,BH,Borax-Anhydrous,"10,167","$112,785.79"
1999,Sodium,BJ,Borax-Decahydrate,"1,628","$17,743.29"
1999,Sodium,BL,Borax-Pentahydrate,"6,410","$75,507.65"
1999,Sodium,BM,Boric Acid,"5,410","$125,341.70"
1999,Sodium,BO,Boric Oxide,85,"$2,035.07"
1999,Sodium,ND,Brine Barrels,"62,089","$1,536.86"
1999,Sodium,PP,Purge Liquor,"64,152","$70,376.47"
1999,Sodium,SA,Salt,"259,027","$79,016.23"
1999,Sodium,SB,Sodium Bi-Carbonate,"71,045","$540,244.34"
1999,Sodium,SI,Sodium Bicarbonate-Industrial,"5,941","$45,852.90"
1999,Sodium,SM,Sodium Bicarbonate Animal Feed,"50,200","$276,289.28"
1999,Sodium,SN,Anhydrous Sodium Sulfate,"29,337","$56,687.41"
1999,Sodium,SP,Sodium Sesquicarbonate,"43,079","$328,765.10"
1999,Sodium,SQ,Sodium Tripolyphosphate,"60,842","$177,073.90"
1999,Sodium,SR,Caustic,"30,662","$157,084.38"
1999,Sodium,SU,Sulfide,"2,388","$11,183.80"
1999,Sodium,SW,Salt-Waste,"84,827","$30,062.19"
1999,Sodium,TB,Sodium Bisulfite,708,"$1,504.85"
1999,Sodium,TJ,Trona Ore,"11,525","$32,536.31"
1999,Sodium,TM,Sodium Metabisulfite,965,"$3,086.64"
1999,Sulfur,19,Sulfur,"718,291","$188,015.96"
1999,Sulfur,SS,Sulfur,"1,602,672","$8,273,407.83"
1999,Zinc,ZA,Zinc Concentrate,"114,749","$1,872,268.00"
2000,,,,"544,278,685","$387,618,311.46"
2000,Carbon Dioxide,17,Carbon Dioxide Gas (CO2),"283,793,300","$11,202,472.97"
2000,Carbon Dioxide,CO,Carbon Dioxide,240,$480.00
2000,Cinders,CC,Cinders,SENSITIVE,"$7,476.00"
2000,Clay,CG,Clay,"72,030","$6,945.90"
2000,Coal,EC,Coal-Bituminous-Processed,"2,035,167","$4,589,430.04"
2000,Coal,ED,Coal-Bituminous-Raw,"44,038,847","$76,233,038.37"
2000,Coal,EE,Coal,"4,794","$11,771.99"
2000,Coal,EG,Coal-Lignite-Raw,"3,302,779","$1,312,328.59"
2000,Coal,EH,Coal-Subbituminous-Processed,"8,300,795","$9,825,954.16"
2000,Coal,EI,Coal-Subbituminous-Raw,"360,318,597","$295,496,756.80"
2000,Coal,ES,Coal-Fines Circuit,"16,229","$12,385.21"
2000,Cobalt,CL,Cobalt Concentrate,54,"$1,299.00"
2000,Copper,CH,Copper Concentrate,"132,928","$2,659,564.58"
2000,Gas,03,Processed (Residue) Gas,"2,375,982,615","$1,305,124,440.84"
2000,Gas,04,Unprocessed (Wet) Gas,"5,208,926,728","$2,826,304,668.69"
2000,Gas,04,Unprocessed Gas,"2,022,228","$1,032,526.93"
2000,Gas,09,Nitrogen,"48,316","$1,183.03"
2000,Gas,12,Flash Gas,"3,560,129","$2,313,845.69"
2000,Gas,15,Fuel Gas,"22,737,482","$6,150,559.88"
2000,Gas,16,Gas Lost - Flared or Vented,"1,233,580","$480,459.02"
2000,Gas,39,Coal Bed Methane,"39,788,339","$16,647,600.25"
2000,Geothermal,27,,"6,585,705,912","$25,785,912.29"
2000,Geothermal,31,"Geothermal - Electrical Generation, Kilowatt Hours","25,198,103","$571,882.51"
2000,Geothermal,32,"Geothermal - Electrical Generation, Thousands of Pounds","956,139","-$89,613.72"
2000,Geothermal,36,"Geothermal - Direct Utilization, Hundreds of Gallons","111,064","$51,000.32"
2000,Gilsonite,GF,Gilsonite,"14,531","$215,239.66"
2000,Gypsum,GH,Gypsum,SENSITIVE,"$775,508.52"
2000,Helium,22,Helium,"-16,046","-$62,982.76"
2000,Hot Water,25,,"645,581,195","$1,699,523.20"
2000,Lead,PA,Low Alpha Lead,946,$688.00
2000,Lead,PC,Lead Concentrate,"374,785","$2,953,158.00"
2000,Limestone,PG,Limestone,"55,080","$13,166.20"
2000,Mine Water,TW,Mine Water,"14,032","$11,398.30"
2000,NGL,07,Gas Plant Products,"4,086,591,521","$222,845,410.81"
2000,Oil,01,Oil,"677,892,536","$2,004,835,885.88"
2000,Oil,02,Condensate,"64,609,706","$262,486,912.65"
2000,Oil,05,Drip or Scrubber Condensate,"2,695,866","$10,676,192.67"
2000,Oil,06,Inlet Scrubber,813,"$4,064.26"
2000,Oil,13,Fuel Oil,188,$658.82
2000,Oil,14,Oil Lost,0,$0.00
2000,Oil,20,Other Liquid Hydrocarbons,"24,711","$42,135.43"
2000,Other,0,,0,-$118.65
2000,Other,00,,0,"-$1,590,422.11"
2000,Phosphate,FB,Ferro Phosphorous Slag,0,$0.00
2000,Phosphate,PK,Phosphate Raw Ore,"5,707,522","$4,536,155.31"
2000,Phosphate,PN,Potassium Sulphate-Standard,"89,563","$273,531.00"
2000,Potassium,JA,Muriate Of Potash-Coarse,"10,406","$33,610.69"
2000,Potassium,JD,Muriate Of Potash-Standard,"309,822","$577,637.89"
2000,Potassium,JL,Muriate Of Potash-Granular,"824,612","$1,437,360.28"
2000,Potassium,LC,Langbeinite-Granular,"285,142","$549,727.91"
2000,Potassium,LD,Langbeinite-Standard,"203,767","$285,420.26"
2000,Potassium,LE,Granulated Langeinite,"186,690","$385,973.75"
2000,Potassium,LS,Langbeinite-Special Std,"59,259","$125,281.37"
2000,Potassium,MG,Magnesium Chloride Brine,"47,429","$14,499.30"
2000,Potassium,MS,Manure Salts,"3,430","$4,530.56"
2000,Potassium,PS,Potassium Sulphate Special Std,"6,813","$32,455.53"
2000,Potassium,PT,Potassium Sulphate-Granular,"38,703","$146,000.41"
2000,Quartz,QB,Quartz Crystal,"18,763",$598.15
2000,Sand & Gravel,SF,Sand/Gravel,"4,531,143","$6,095,001.04"
2000,Sand & Gravel,SG,Sand/Gravel-Cubic Yards,SENSITIVE,"$980,878.83"
2000,Silica Sand,SE,Silica Sand,SENSITIVE,"$16,036.08"
2000,Soda Ash,SJ,Soda Ash,0,"$77,087.47"
2000,Soda Ash,SK,Soda Ash-Coarse,"261,586","$1,048,808.15"
2000,Soda Ash,SL,Soda Ash-Granular,"3,629,915","$12,949,532.30"
2000,Sodium,BH,Borax-Anhydrous,"13,412","$139,097.64"
2000,Sodium,BJ,Borax-Decahydrate,"1,988","$20,030.19"
2000,Sodium,BL,Borax-Pentahydrate,"6,750","$74,452.79"
2000,Sodium,BM,Boric Acid,"5,869","$132,550.28"
2000,Sodium,BO,Boric Oxide,135,"$3,160.81"
2000,Sodium,BP,Burkeite Cake,0,$0.00
2000,Sodium,ND,Brine Barrels,"59,604","$1,535.75"
2000,Sodium,PP,Purge Liquor,"58,251","$64,522.45"
2000,Sodium,SA,Salt,"258,926","$105,056.65"
2000,Sodium,SB,Sodium Bi-Carbonate,"72,520","$575,721.26"
2000,Sodium,SI,Sodium Bicarbonate-Industrial,"5,254","$43,851.25"
2000,Sodium,SM,Sodium Bicarbonate Animal Feed,"55,120","$295,857.43"
2000,Sodium,SN,Anhydrous Sodium Sulfate,"29,500","$67,953.00"
2000,Sodium,SP,Sodium Sesquicarbonate,"44,806","$314,079.72"
2000,Sodium,SQ,Sodium Tripolyphosphate,"52,467","$140,292.94"
2000,Sodium,SR,Caustic,"22,525","$113,018.95"
2000,Sodium,SU,Sulfide,"2,679","$7,810.22"
2000,Sodium,SW,Salt-Waste,"83,606","$28,413.26"
2000,Sodium,TB,Sodium Bisulfite,392,$588.39
2000,Sodium,TJ,Trona Ore,"7,022","$19,644.76"
2000,Sodium,TM,Sodium Metabisulfite,584,"$1,030.55"
2000,Sulfur,19,Sulfur,"929,920","$109,821.01"
2000,Sulfur,SS,Sulfur,"888,625","$2,893,150.19"
2000,Zinc,ZA,Zinc Concentrate,"110,764","$1,812,149.00"
2001,,,,"510,617,333","$77,829,143.36"
2001,Carbon Dioxide,17,Carbon Dioxide Gas (CO2),"292,095,596","$11,031,853.69"
2001,Carbon Dioxide,CO,Carbon Dioxide,712,"$1,104.00"
2001,Cinders,CC,Cinders,SENSITIVE,"$3,449.15"
2001,Clay,CG,Clay,"50,776","$8,330.48"
2001,Coal,EC,Coal-Bituminous-Processed,973,"$2,780.74"
2001,Coal,ED,Coal-Bituminous-Raw,"42,621,477","$65,712,777.79"
2001,Coal,EE,Coal,"4,699,981","$5,333,409.04"
2001,Coal,EG,Coal-Lignite-Raw,"1,672,385","$1,060,364.50"
2001,Coal,EH,Coal-Subbituminous-Processed,"5,359,770","$5,878,111.22"
2001,Coal,EI,Coal-Subbituminous-Raw,"292,217,061","$249,307,874.54"
2001,Coal,ES,Coal-Fines Circuit,"14,096","$11,327.35"
2001,Cobalt,CL,Cobalt Concentrate,27,$582.00
2001,Copper,CH,Copper Concentrate,"45,578","$540,418.00"
2001,Gas,03,Processed (Residue) Gas,"2,303,746,601","$1,365,214,110.53"
2001,Gas,04,Unprocessed (Wet) Gas,"4,964,244,636","$3,058,454,065.26"
2001,Gas,04,Unprocessed Gas,"9,177,195","-$6,338,662.17"
2001,Gas,09,Nitrogen,"59,694","$1,461.14"
2001,Gas,12,Flash Gas,"3,471,617","$2,594,928.94"
2001,Gas,15,Fuel Gas,"18,564,732","$5,707,627.60"
2001,Gas,16,Gas Lost - Flared or Vented,"974,460","$318,030.59"
2001,Gas,39,Coal Bed Methane,"89,809,807","$30,201,630.38"
2001,Geothermal,27,,"4,239,770,508","$17,407,680.10"
2001,Geothermal,31,"Geothermal - Electrical Generation, Kilowatt Hours","706,991,285","$3,381,237.13"
2001,Geothermal,32,"Geothermal - Electrical Generation, Thousands of Pounds","-624,878,823","$3,032,202.93"
2001,Geothermal,33,"Geothermal - Electrical Generation, Millions of BTUs","16,818","$4,237.94"
2001,Geothermal,34,"Geothermal - Electrical Generation, Other","61,789",$60.10
2001,Geothermal,35,"Geothermal - Direct Utilization, Millions of BTUs","56,765","$14,818.43"
2001,Geothermal,36,"Geothermal - Direct Utilization, Hundreds of Gallons","84,335","$54,655.49"
2001,Geothermal,38,Geothermal - Commercially Demineralized H2O,793,$35.36
2001,Gilsonite,GF,Gilsonite,"10,207","$141,218.33"
2001,Gypsum,GH,Gypsum,SENSITIVE,"$501,089.66"
2001,Helium,22,Helium,0,$0.00
2001,Hot Water,25,,"324,646,815","$470,886.07"
2001,Lead,PC,Lead Concentrate,"288,403","$2,159,714.00"
2001,Limestone,PG,Limestone,"53,502","$9,123.33"
2001,Mine Water,TW,Mine Water,"90,686","$11,399.22"
2001,NGL,07,Gas Plant Products,"4,512,196,397","$163,417,941.66"
2001,Oil,01,Oil,"712,400,922","$2,029,856,974.53"
2001,Oil,02,Condensate,"77,668,061","$258,811,838.60"
2001,Oil,05,Drip or Scrubber Condensate,"2,890,387","$9,171,194.54"
2001,Oil,06,Inlet Scrubber,"63,839","$207,116.39"
2001,Oil,14,Oil Lost,"-5,948","-$15,878.34"
2001,Oil,20,Other Liquid Hydrocarbons,"43,059","$109,450.84"
2001,Oil,61,Sweet Crude,SENSITIVE,$2.37
2001,Other,00,,0,"-$1,033,204.31"
2001,Phosphate,PK,Phosphate Raw Ore,"3,912,430","$3,149,358.72"
2001,Phosphate,PN,Potassium Sulphate-Standard,"62,198","$168,779.82"
2001,Potassium,JA,Muriate Of Potash-Coarse,"6,155","$19,981.86"
2001,Potassium,JD,Muriate Of Potash-Standard,"190,510","$372,277.70"
2001,Potassium,JL,Muriate Of Potash-Granular,"555,375","$930,297.69"
2001,Potassium,JP,Potash,"32,162","$81,189.49"
2001,Potassium,LC,Langbeinite-Granular,"224,064","$414,462.73"
2001,Potassium,LD,Langbeinite-Standard,"136,412","$181,072.31"
2001,Potassium,LE,Granulated Langeinite,"116,479","$236,877.43"
2001,Potassium,LS,Langbeinite-Special Std,"43,553","$98,162.73"
2001,Potassium,MG,Magnesium Chloride Brine,"50,695","$18,249.71"
2001,Potassium,MS,Manure Salts,"3,136","$3,816.31"
2001,Potassium,PS,Potassium Sulphate Special Std,"3,964","$14,078.04"
2001,Potassium,PT,Potassium Sulphate-Granular,"33,263","$123,943.02"
2001,Quartz,QB,Quartz Crystal,"13,661",$383.05
2001,Sand & Gravel,SF,Sand/Gravel,"3,123,728","$2,427,697.53"
2001,Sand & Gravel,SG,Sand/Gravel-Cubic Yards,SENSITIVE,"$1,296,510.57"
2001,Silica Sand,SE,Silica Sand,SENSITIVE,"$12,304.16"
2001,Soda Ash,SJ,Soda Ash,"-70,990","-$52,879.09"
2001,Soda Ash,SK,Soda Ash-Coarse,"243,334","$993,990.99"
2001,Soda Ash,SL,Soda Ash-Granular,"2,548,355","$9,012,636.66"
2001,Sodium,BH,Borax-Anhydrous,"10,977","$113,858.25"
2001,Sodium,BJ,Borax-Decahydrate,"1,512","$15,029.96"
2001,Sodium,BL,Borax-Pentahydrate,"5,796","$61,155.05"
2001,Sodium,BM,Boric Acid,"10,158","$223,590.11"
2001,Sodium,BO,Boric Oxide,182,"$3,741.54"
2001,Sodium,ND,Brine Barrels,"48,257","$4,696.28"
2001,Sodium,PP,Purge Liquor,"26,565","$29,413.32"
2001,Sodium,SA,Salt,"256,341","$100,874.60"
2001,Sodium,SB,Sodium Bi-Carbonate,"49,406","$446,955.96"
2001,Sodium,SI,Sodium Bicarbonate-Industrial,"6,285","$44,362.39"
2001,Sodium,SM,Sodium Bicarbonate Animal Feed,"63,910","$344,478.02"
2001,Sodium,SN,Anhydrous Sodium Sulfate,"103,428","$247,023.41"
2001,Sodium,SP,Sodium Sesquicarbonate,"82,201","$304,047.19"
2001,Sodium,SQ,Sodium Tripolyphosphate,"40,941","$123,020.22"
2001,Sodium,SR,Caustic,"32,443","$164,896.87"
2001,Sodium,SU,Sulfide,852,"$2,836.54"
2001,Sodium,SW,Salt-Waste,"98,763","$35,019.02"
2001,Sodium,TB,Sodium Bisulfite,55,$132.49
2001,Sodium,TJ,Trona Ore,987,"$3,210.72"
2001,Sodium,TM,Sodium Metabisulfite,184,$367.39
2001,Sulfur,19,Sulfur,"733,071","$45,520.29"
2001,Water,30,Water,58,$31.34
2001,Zinc,ZA,Zinc Concentrate,"71,025","$924,397.00"
2002,,,,"498,049,779","$81,233,849.74"
2002,Carbon Dioxide,17,Carbon Dioxide Gas (CO2),"332,191,611","$13,162,858.35"
2002,Clay,CG,Clay,0,-$0.10
2002,Coal,ED,Coal-Bituminous-Raw,SENSITIVE,"$5,118,425.69"
2002,Coal,EE,Coal,3,"$4,054,029.72"
2002,Coal,EI,Coal-Subbituminous-Raw,0,$0.00
2002,Gas,03,Processed (Residue) Gas,"2,472,706,149","$1,022,045,223.93"
2002,Gas,04,Unprocessed (Wet) Gas,"4,366,669,419","$1,826,060,869.81"
2002,Gas,04,Unprocessed Gas,"1,847,459","-$7,118,131.90"
2002,Gas,09,Nitrogen,"98,588","$4,253.16"
2002,Gas,12,Flash Gas,"4,124,660","$2,205,778.10"
2002,Gas,15,Fuel Gas,"16,657,602","$4,083,978.06"
2002,Gas,15,Pipeline Fuel/Loss,"5,808","$3,028.80"
2002,Gas,16,Gas Lost - Flared or Vented,"892,285","$237,942.68"
2002,Gas,39,Coal Bed Methane,"242,239,115","$62,898,791.54"
2002,Geothermal,31,"Geothermal - Electrical Generation, Kilowatt Hours","1,672,749,025","$3,057,308.52"
2002,Geothermal,32,"Geothermal - Electrical Generation, Thousands of Pounds","2,654,706,563","$9,532,180.20"
2002,Geothermal,34,"Geothermal - Electrical Generation, Other","197,946",$894.56
2002,Geothermal,35,"Geothermal - Direct Utilization, Millions of BTUs","182,084","$44,485.16"
2002,Geothermal,36,"Geothermal - Direct Utilization, Hundreds of Gallons","87,276,614","$67,406.51"
2002,Geothermal,38,Geothermal - Commercially Demineralized H2O,770,$38.49
2002,Helium,22,Helium,"6,451","$2,284.33"
2002,Hydrogen,59,,0,$0.00
2002,NGL,07,Gas Plant Products,"4,274,335,587","$160,809,102.78"
2002,Oil,01,Oil,"696,055,547","$1,496,858,874.14"
2002,Oil,02,Condensate,"87,105,160","$315,351,762.52"
2002,Oil,05,Drip or Scrubber Condensate,"2,565,140","$8,819,517.98"
2002,Oil,06,Inlet Scrubber,"148,898","$520,878.87"
2002,Oil,14,Oil Lost,116,$123.33
2002,Oil,20,Other Liquid Hydrocarbons,"23,016","$51,188.51"
2002,Oil,61,Sweet Crude,SENSITIVE,$159.25
2002,Other,00,,0,$2.51
2002,Phosphate,FB,Ferro Phosphorous Slag,"1,574","$5,902.58"
2002,Phosphate,PK,Phosphate Raw Ore,0,-$0.02
2002,Potassium,JP,Potash,1,$0.36
2002,Potassium,LC,Langbeinite-Granular,0,$0.00
2002,Potassium,LD,Langbeinite-Standard,-1,-$0.36
2002,Potassium,LE,Granulated Langeinite,0,$0.00
2002,Potassium,LS,Langbeinite-Special Std,0,$0.00
2002,Sand & Gravel,SF,Sand/Gravel,0,-$0.02
2002,Sodium,SA,Salt,"-2,539",-$154.16
2002,Sulfur,19,Sulfur,"1,947,801","$1,363,957.29"
2003,,,,"654,357,117","$188,858,406.51"
2003,Carbon Dioxide,17,Carbon Dioxide Gas (CO2),"335,600,066","$12,982,840.32"
2003,Coal,EE,Coal,6,"$42,083.13"
2003,Copper,CU,Copper,"5,710","$41,871.71"
2003,Gas,03,Processed (Residue) Gas,"2,705,457,424","$1,897,192,221.18"
2003,Gas,04,Unprocessed (Wet) Gas,"4,118,027,049","$2,619,488,020.47"
2003,Gas,04,Unprocessed Gas,"238,124,719","$184,403,188.50"
2003,Gas,09,Nitrogen,"82,508","$3,866.11"
2003,Gas,12,Flash Gas,"4,239,404","$3,220,476.40"
2003,Gas,15,Fuel Gas,"16,075,221","$9,036,486.03"
2003,Gas,16,Gas Lost - Flared or Vented,"488,147","$321,426.55"
2003,Gas,39,Coal Bed Methane,"460,719,672","$216,477,897.38"
2003,Geothermal,31,"Geothermal - Electrical Generation, Kilowatt Hours","1,714,598,319","$3,781,212.98"
2003,Geothermal,32,"Geothermal - Electrical Generation, Thousands of Pounds","2,721,385,412","$10,426,262.97"
2003,Geothermal,34,"Geothermal - Electrical Generation, Other","211,508",$969.15
2003,Geothermal,35,"Geothermal - Direct Utilization, Millions of BTUs","288,029","$65,115.33"
2003,Geothermal,36,"Geothermal - Direct Utilization, Hundreds of Gallons","84,567,416","$57,958.00"
2003,Helium,22,Helium,"571,231","$91,726.79"
2003,NGL,07,Gas Plant Products,"4,261,521,946","$185,070,681.36"
2003,Oil,01,Oil,"686,614,839","$1,184,331,206.97"
2003,Oil,02,Condensate,"66,445,751","$271,946,754.70"
2003,Oil,05,Drip or Scrubber Condensate,"2,034,754","$7,021,823.17"
2003,Oil,06,Inlet Scrubber,"21,171","$92,820.85"
2003,Oil,13,Fuel Oil,132,$100.74
2003,Oil,14,Oil Lost,0,$0.00
2003,Oil,20,Other Liquid Hydrocarbons,"6,254","$11,899.50"
2003,Oil,61,Sweet Crude,SENSITIVE,"$6,312.27"
2003,Oil,62,Sour Crude,SENSITIVE,"$2,014.46"
2003,Other,00,,0,$0.40
2003,Sulfur,19,Sulfur,"-2,786,597","$93,938.11"
2004,,,,"432,167,635","$138,618,675.45"
2004,Carbon Dioxide,17,Carbon Dioxide Gas (CO2),"342,078,827","$14,919,426.95"
2004,Coal,EE,Coal,3,"$20,635.69"
2004,Gas,03,Processed (Residue) Gas,"2,642,333,220","$2,042,126,506.76"
2004,Gas,04,Unprocessed (Wet) Gas,"3,213,488,088","$2,321,139,628.91"
2004,Gas,04,Unprocessed Gas,"448,650,727","$443,272,922.45"
2004,Gas,09,Nitrogen,"78,634","$3,714.13"
2004,Gas,12,Flash Gas,"3,713,552","$3,254,473.11"
2004,Gas,15,Fuel Gas,"13,936,225","$7,854,853.60"
2004,Gas,15,Pipeline Fuel/Loss,"10,040","$2,760.53"
2004,Gas,16,Gas Lost - Flared or Vented,"383,293","$266,463.38"
2004,Gas,39,Coal Bed Methane,"555,487,498","$319,190,870.80"
2004,Geothermal,31,"Geothermal - Electrical Generation, Kilowatt Hours","1,718,379,616","$4,184,770.30"
2004,Geothermal,32,"Geothermal - Electrical Generation, Thousands of Pounds","2,614,799,697","$11,820,704.08"
2004,Geothermal,34,"Geothermal - Electrical Generation, Other","212,771",$821.00
2004,Geothermal,35,"Geothermal - Direct Utilization, Millions of BTUs","165,885","$38,599.77"
2004,Geothermal,36,"Geothermal - Direct Utilization, Hundreds of Gallons","104,184,341","$70,456.00"
2004,Geothermal,37,"Geothermal - Direct Utilization, Other","16,451",$6.86
2004,Geothermal,38,Geothermal - Commercially Demineralized H2O,"16,451",$175.17
2004,Gilsonite,GF,Gilsonite,0,-$0.50
2004,Helium,22,Helium,"132,203","$26,104.27"
2004,NGL,07,Gas Plant Products,"4,629,391,213","$268,182,856.63"
2004,Oil,01,Oil,"649,982,187","$1,490,603,458.86"
2004,Oil,02,Condensate,"64,092,435","$254,802,015.28"
2004,Oil,05,Drip or Scrubber Condensate,"1,636,914","$8,334,188.92"
2004,Oil,06,Inlet Scrubber,"31,909","$161,354.70"
2004,Oil,13,Fuel Oil,164,$342.96
2004,Oil,14,Oil Lost,0,$286.06
2004,Oil,20,Other Liquid Hydrocarbons,"19,306","$42,005.68"
2004,Oil,61,Sweet Crude,SENSITIVE,"$9,881.51"
2004,Oil,62,Sour Crude,SENSITIVE,"$2,858.96"
2004,Other,0,,0,$3.28
2004,Other,00,,0,$0.40
2004,Sand & Gravel,SF,Sand/Gravel,0,$2.40
2004,Sodium,SB,Sodium Bi-Carbonate,0,-$0.04
2004,Sulfur,19,Sulfur,"3,234,803","$91,958.92"
2005,,,,"526,280,030","$253,145,817.26"
2005,Carbon Dioxide,17,Carbon Dioxide Gas (CO2),"378,235,513","$23,006,774.21"
2005,Coal,ED,Coal-Bituminous-Raw,SENSITIVE,"$30,400.81"
2005,Coal,EE,Coal,3,"$20,673.29"
2005,Gas,03,Processed (Residue) Gas,"2,459,495,632","$2,485,142,831.50"
2005,Gas,04,Unprocessed (Wet) Gas,"3,043,147,946","$2,676,599,873.85"
2005,Gas,04,Unprocessed Gas,"257,061,583","$292,414,841.91"
2005,Gas,09,Nitrogen,"56,902","$2,664.93"
2005,Gas,12,Flash Gas,"2,301,488","$2,957,334.48"
2005,Gas,15,Fuel Gas,"12,931,388","$7,931,340.12"
2005,Gas,15,Pipeline Fuel/Loss,"31,911","$1,125.24"
2005,Gas,16,Gas Lost - Flared or Vented,"398,182","$306,162.00"
2005,Gas,39,Coal Bed Methane,"596,876,206","$464,194,541.88"
2005,Geothermal,31,"Geothermal - Electrical Generation, Kilowatt Hours","1,670,751,779","$4,539,279.35"
2005,Geothermal,32,"Geothermal - Electrical Generation, Thousands of Pounds","2,381,187,734","$13,638,976.81"
2005,Geothermal,34,"Geothermal - Electrical Generation, Other","204,030",$830.11
2005,Geothermal,35,"Geothermal - Direct Utilization, Millions of BTUs","260,242","$66,123.80"
2005,Geothermal,36,"Geothermal - Direct Utilization, Hundreds of Gallons","90,021,493","$74,980.00"
2005,Geothermal,38,Geothermal - Commercially Demineralized H2O,0,$0.00
2005,Helium,22,Helium,9,$0.00
2005,NGL,07,Gas Plant Products,"3,954,049,110","$266,525,907.05"
2005,Oil,01,Oil,"594,866,915","$2,533,234,462.08"
2005,Oil,02,Condensate,"58,722,877","$261,447,826.00"
2005,Oil,05,Drip or Scrubber Condensate,"1,554,363","$9,197,585.80"
2005,Oil,06,Inlet Scrubber,"78,975","$396,148.68"
2005,Oil,13,Fuel Oil,64,$138.22
2005,Oil,20,Other Liquid Hydrocarbons,"11,580","$29,478.21"
2005,Oil,61,Sweet Crude,SENSITIVE,"$12,878.49"
2005,Other,00,,0,$0.40
2005,Potassium,JD,Muriate Of Potash-Standard,0,-$0.01
2005,Potassium,JP,Potash,0,$0.00
2005,Sulfur,19,Sulfur,"2,223,767","$92,865.70"
2006,,,,"504,104,007","$10,440,102.83"
2006,Carbon Dioxide,17,Carbon Dioxide Gas (CO2),"356,761,155","$28,484,287.53"
2006,Coal,EE,Coal,0,-$0.07
2006,Copper,CU,Copper,-859,"-$36,406.20"
2006,Gas,03,Processed (Residue) Gas,"2,988,582,040","$2,621,538,690.16"
2006,Gas,04,Unprocessed (Wet) Gas,"2,460,246,376","$1,843,076,098.73"
2006,Gas,04,Unprocessed Gas,"75,258,580","$77,710,067.03"
2006,Gas,09,Nitrogen,"34,382","$1,610.99"
2006,Gas,12,Flash Gas,"2,183,491","$2,528,254.91"
2006,Gas,15,Fuel Gas,"12,048,276","$6,581,760.64"
2006,Gas,15,Pipeline Fuel/Loss,"38,276","$13,310.68"
2006,Gas,16,Gas Lost - Flared or Vented,"259,439","$176,478.26"
2006,Gas,39,Coal Bed Methane,"590,678,255","$411,491,986.43"
2006,Geothermal,31,"Geothermal - Electrical Generation, Kilowatt Hours","1,654,223,300","$3,986,613.67"
2006,Geothermal,32,"Geothermal - Electrical Generation, Thousands of Pounds","2,442,000,891","$13,303,730.82"
2006,Geothermal,34,"Geothermal - Electrical Generation, Other","227,562",$821.64
2006,Geothermal,35,"Geothermal - Direct Utilization, Millions of BTUs","238,147","$61,140.67"
2006,Geothermal,36,"Geothermal - Direct Utilization, Hundreds of Gallons","85,859,889","$90,636.00"
2006,Gilsonite,GF,Gilsonite,0,-$0.01
2006,Helium,22,Helium,"18,863","$97,294.46"
2006,NGL,07,Gas Plant Products,"4,239,131,305","$341,709,359.95"
2006,Oil,01,Oil,"620,668,475","$4,241,674,321.49"
2006,Oil,02,Condensate,"55,407,664","$340,609,435.48"
2006,Oil,05,Drip or Scrubber Condensate,"1,265,176","$8,937,878.12"
2006,Oil,06,Inlet Scrubber,"14,429","$68,677.25"
2006,Oil,13,Fuel Oil,0,$19.67
2006,Oil,20,Other Liquid Hydrocarbons,"118,604","$62,486.47"
2006,Oil,61,Sweet Crude,SENSITIVE,"$285,352.91"
2006,Oil,63,Asphaltic Crude,SENSITIVE,"$40,666.63"
2006,Other,00,,0,$0.40
2006,Potassium,JP,Potash,0,$0.00
2006,Sodium,ND,Brine Barrels,0,-$0.01
2006,Sulfur,19,Sulfur,"602,517","$105,069.85"
2007,,,,"480,351,247","$185,529,548.12"
2007,Carbon Dioxide,17,Carbon Dioxide Gas (CO2),"374,928,482","$29,312,675.44"
2007,Coal,EC,Coal-Bituminous-Processed,0,$0.00
2007,Coal,EE,Coal,0,$0.00
2007,Gas,03,Processed (Residue) Gas,"3,431,830,246","$2,709,725,230.24"
2007,Gas,04,Unprocessed (Wet) Gas,"1,920,650,894","$1,306,967,417.98"
2007,Gas,04,Unprocessed Gas,"117,661,417","$79,310,082.19"
2007,Gas,08,Gas Hydrates,0,$0.00
2007,Gas,09,Nitrogen,"34,256","$1,181.70"
2007,Gas,12,Flash Gas,"2,834,517","$2,921,743.58"
2007,Gas,15,Fuel Gas,"15,660,919","$8,503,330.89"
2007,Gas,15,Pipeline Fuel/Loss,"96,786","$137,180.24"
2007,Gas,16,Gas Lost - Flared or Vented,"286,808","$196,140.23"
2007,Gas,39,Coal Bed Methane,"688,251,768","$413,788,617.92"
2007,Geothermal,31,"Geothermal - Electrical Generation, Kilowatt Hours","1,679,490,002","$4,377,826.45"
2007,Geothermal,32,"Geothermal - Electrical Generation, Thousands of Pounds","2,132,128,051","$14,923,471.39"
2007,Geothermal,34,"Geothermal - Electrical Generation, Other","207,155",$849.06
2007,Geothermal,35,"Geothermal - Direct Utilization, Millions of BTUs","217,500","$60,973.09"
2007,Geothermal,36,"Geothermal - Direct Utilization, Hundreds of Gallons","106,272,414","$94,425.00"
2007,Helium,22,Helium,"16,833","$86,444.06"
2007,NGL,07,Gas Plant Products,"5,025,663,596","$502,114,603.21"
2007,Oil,01,Oil,"622,610,734","$4,216,769,114.23"
2007,Oil,02,Condensate,"53,947,332","$389,281,747.27"
2007,Oil,05,Drip or Scrubber Condensate,"1,542,723","$11,466,203.04"
2007,Oil,06,Inlet Scrubber,"62,580","$273,372.55"
2007,Oil,20,Other Liquid Hydrocarbons,"16,502","$122,789.52"
2007,Oil,61,Sweet Crude,SENSITIVE,"$501,101.50"
2007,Oil,62,Sour Crude,SENSITIVE,$0.55
2007,Oil,63,Asphaltic Crude,SENSITIVE,"$74,996.85"
2007,Oil,65,Yellow Wax Crude,SENSITIVE,$342.87
2007,Other,00,,0,$0.40
2007,Potassium,JP,Potash,0,$0.00
2007,Sulfur,19,Sulfur,"377,397","$272,739.53"
2008,,,,"527,800,457","$105,472,769.01"
2008,Carbon Dioxide,17,Carbon Dioxide Gas (CO2),"423,030,698","$56,575,861.89"
2008,Coal,EE,Coal,0,-$0.79
2008,Coal,EI,Coal-Subbituminous-Raw,0,$0.00
2008,Gas,03,Processed (Residue) Gas,"3,332,094,208","$3,368,043,678.77"
2008,Gas,04,Unprocessed (Wet) Gas,"1,728,729,040","$1,532,438,999.55"
2008,Gas,04,Unprocessed Gas,"47,836,306","$37,261,720.14"
2008,Gas,09,Nitrogen,"26,396","$1,252.41"
2008,Gas,12,Flash Gas,"2,040,370","$2,738,469.02"
2008,Gas,15,Fuel Gas,"17,037,045","$12,716,810.57"
2008,Gas,15,Pipeline Fuel/Loss,"173,741","$278,277.47"
2008,Gas,16,Gas Lost - Flared or Vented,"345,867","$302,340.44"
2008,Gas,39,Coal Bed Methane,"760,471,519","$597,873,357.17"
2008,Gas,67,Flared Gas Well Gas,SENSITIVE,"$1,511.14"
2008,Geothermal,31,"Geothermal - Electrical Generation, Kilowatt Hours","1,640,357,984","$3,337,727.20"
2008,Geothermal,32,"Geothermal - Electrical Generation, Thousands of Pounds","2,549,614,205","$17,360,557.08"
2008,Geothermal,34,"Geothermal - Electrical Generation, Other","237,416",$919.84
2008,Geothermal,35,"Geothermal - Direct Utilization, Millions of BTUs","219,089","$62,007.77"
2008,Geothermal,36,"Geothermal - Direct Utilization, Hundreds of Gallons","123,838,519","$98,846.00"
2008,Gilsonite,GF,Gilsonite,0,-$0.26
2008,Helium,22,Helium,"4,528","$41,414.22"
2008,NGL,07,Gas Plant Products,"4,342,259,494","$513,897,750.66"
2008,Oil,01,Oil,"562,477,021","$5,342,595,708.57"
2008,Oil,02,Condensate,"40,140,598","$453,539,996.07"
2008,Oil,05,Drip or Scrubber Condensate,"909,118","$9,978,478.78"
2008,Oil,06,Inlet Scrubber,"98,758","$523,020.65"
2008,Oil,13,Fuel Oil,30,$242.92
2008,Oil,14,Oil Lost,SENSITIVE,"$6,717.65"
2008,Oil,20,Other Liquid Hydrocarbons,"13,732","$111,767.00"
2008,Oil,61,Sweet Crude,SENSITIVE,"$1,012,666.39"
2008,Oil,63,Asphaltic Crude,SENSITIVE,"$80,040.10"
2008,Oil,64,Black Wax Crude,SENSITIVE,"$258,461.78"
2008,Other,00,,0,"-$1,420.00"
2008,Soda Ash,SJ,Soda Ash,0,-$0.13
2008,Sulfur,19,Sulfur,"411,788","$9,289,412.65"
2009,,,,"440,430,132","$157,226,268.75"
2009,Carbon Dioxide,17,Carbon Dioxide Gas (CO2),"464,458,779","$39,169,412.31"
2009,Coal,EE,Coal,0,$0.85
2009,Gas,03,Processed (Residue) Gas,"4,205,028,537","$1,456,513,938.28"
2009,Gas,04,Unprocessed (Wet) Gas,"1,686,914,728","$636,149,441.25"
2009,Gas,04,Unprocessed Gas,"114,436,803","$42,813,752.43"
2009,Gas,09,Nitrogen,"30,160","$1,383.98"
2009,Gas,12,Flash Gas,"2,709,541","$1,408,660.37"
2009,Gas,15,Fuel Gas,"20,163,356","$6,455,055.85"
2009,Gas,15,Pipeline Fuel/Loss,"3,034,778","$1,675,458.29"
2009,Gas,16,Gas Lost - Flared or Vented,"386,032","$162,948.92"
2009,Gas,39,Coal Bed Methane,"786,735,275","$276,105,766.24"
2009,Gas,67,Flared Gas Well Gas,SENSITIVE,"$4,551.57"
2009,Geothermal,31,"Geothermal - Electrical Generation, Kilowatt Hours","1,816,289,184","$3,014,297.96"
2009,Geothermal,32,"Geothermal - Electrical Generation, Thousands of Pounds","2,935,387,699","$12,189,464.35"
2009,Geothermal,34,"Geothermal - Electrical Generation, Other","233,954",$912.94
2009,Geothermal,35,"Geothermal - Direct Utilization, Millions of BTUs","179,171","$52,399.46"
2009,Geothermal,36,"Geothermal - Direct Utilization, Hundreds of Gallons","198,988,743","$159,378.00"
2009,Helium,22,Helium,"2,753","$25,699.38"
2009,NGL,07,Gas Plant Products,"4,964,747,963","$334,268,483.74"
2009,Oil,01,Oil,"723,455,295","$3,977,616,832.80"
2009,Oil,02,Condensate,"53,073,774","$333,471,829.85"
2009,Oil,05,Drip or Scrubber Condensate,"2,212,684","$12,102,419.60"
2009,Oil,06,Inlet Scrubber,"137,187","$1,047,407.01"
2009,Oil,14,Oil Lost,SENSITIVE,"$2,285.55"
2009,Oil,20,Other Liquid Hydrocarbons,"15,036","$76,080.80"
2009,Oil,61,Sweet Crude,SENSITIVE,"$934,507.48"
2009,Oil,62,Sour Crude,SENSITIVE,"$11,925.54"
2009,Oil,63,Asphaltic Crude,SENSITIVE,"$79,895.49"
2009,Oil,64,Black Wax Crude,SENSITIVE,"$91,596.97"
2009,Other,00,,0,"$1,620.00"
2009,Soda Ash,SJ,Soda Ash,0,$0.55
2009,Sodium,PP,Purge Liquor,0,$0.01
2009,Sulfur,19,Sulfur,"330,896","$16,361.62"
2010,,,,"586,996,552","$149,963,391.48"
2010,Carbon Dioxide,17,Carbon Dioxide Gas (CO2),"470,551,417","$48,109,079.41"
2010,Coal,EE,Coal,0,$0.87
2010,Gas,03,Processed (Residue) Gas,"3,231,786,902","$1,559,126,012.86"
2010,Gas,04,Unprocessed (Wet) Gas,"1,567,062,488","$826,906,779.48"
2010,Gas,04,Unprocessed Gas,"2,636,516","$3,932,902.78"
2010,Gas,08,Gas Hydrates,0,$0.00
2010,Gas,09,Nitrogen,"32,001","$1,539.18"
2010,Gas,12,Flash Gas,"2,914,065","$1,749,324.62"
2010,Gas,15,Fuel Gas,"25,554,390","$10,015,120.33"
2010,Gas,15,Pipeline Fuel/Loss,"12,122,546","$6,720,489.66"
2010,Gas,16,Gas Lost - Flared or Vented,"487,557","$253,625.89"
2010,Gas,39,Coal Bed Methane,"769,925,557","$341,271,399.09"
2010,Gas,67,Flared Gas Well Gas,SENSITIVE,"$7,418.83"
2010,Geothermal,31,"Geothermal - Electrical Generation, Kilowatt Hours","2,152,896,978","$3,792,428.56"
2010,Geothermal,32,"Geothermal - Electrical Generation, Thousands of Pounds","2,752,031,419","$14,098,960.36"
2010,Geothermal,34,"Geothermal - Electrical Generation, Other","223,938",$863.57
2010,Geothermal,35,"Geothermal - Direct Utilization, Millions of BTUs","224,486","$51,046.73"
2010,Geothermal,36,"Geothermal - Direct Utilization, Hundreds of Gallons","163,346,106","$96,446.00"
2010,Geothermal,41,Geothermal - sulfur,"4,670",$233.50
2010,Helium,22,Helium,531,"$3,874.22"
2010,NGL,07,Gas Plant Products,"6,360,319,076","$559,115,476.46"
2010,Oil,01,Oil,"702,859,050","$5,367,180,504.15"
2010,Oil,02,Condensate,"69,686,394","$577,965,474.68"
2010,Oil,05,Drip or Scrubber Condensate,"1,651,941","$11,392,814.69"
2010,Oil,06,Inlet Scrubber,"254,962","$2,420,839.80"
2010,Oil,13,Fuel Oil,19,$202.84
2010,Oil,14,Oil Lost,SENSITIVE,"$3,173.75"
2010,Oil,20,Other Liquid Hydrocarbons,"13,450","$77,233.30"
2010,Oil,61,Sweet Crude,"718,232","$9,013,538.27"
2010,Oil,62,Sour Crude,SENSITIVE,"$69,669.57"
2010,Oil,63,Asphaltic Crude,SENSITIVE,"$135,103.97"
2010,Oil,64,Black Wax Crude,SENSITIVE,"$3,369.56"
2010,Soda Ash,SJ,Soda Ash,0,-$0.16
2010,Sodium,SA,Salt,0,-$0.03
2010,Sulfur,19,Sulfur,"456,608","$792,569.56"
2011,,,,"401,498,576","$177,559,213.93"
2011,Carbon Dioxide,17,Carbon Dioxide Gas (CO2),"472,535,984","$59,087,520.95"
2011,Coal,EE,Coal,0,$0.07
2011,Gas,03,Processed (Residue) Gas,"3,032,540,154","$1,346,684,765.76"
2011,Gas,04,Unprocessed (Wet) Gas,"1,307,111,981","$671,120,930.36"
2011,Gas,04,Unprocessed Gas,"-3,371,191","$5,018,033.80"
2011,Gas,08,Gas Hydrates,0,$0.00
2011,Gas,09,Nitrogen,"26,115","$1,516.51"
2011,Gas,12,Flash Gas,"3,191,003","$1,591,531.15"
2011,Gas,15,Fuel Gas,"26,547,625","$9,712,866.19"
2011,Gas,15,Pipeline Fuel/Loss,"11,763,735","$7,061,441.17"
2011,Gas,16,Gas Lost - Flared or Vented,"1,581,519","$805,256.41"
2011,Gas,39,Coal Bed Methane,"742,149,335","$305,145,568.29"
2011,Gas,67,Flared Gas Well Gas,SENSITIVE,"$56,973.07"
2011,Geothermal,31,"Geothermal - Electrical Generation, Kilowatt Hours","2,174,853,453","$4,442,655.49"
2011,Geothermal,32,"Geothermal - Electrical Generation, Thousands of Pounds","2,637,361,791","$12,867,237.36"
2011,Geothermal,34,"Geothermal - Electrical Generation, Other","19,883",$64.86
2011,Geothermal,35,"Geothermal - Direct Utilization, Millions of BTUs","228,011","$56,648.96"
2011,Geothermal,36,"Geothermal - Direct Utilization, Hundreds of Gallons","131,014,604","$69,166.00"
2011,Geothermal,41,Geothermal - sulfur,"3,470",$173.50
2011,Geothermal,45,"Geothermal - Direct Use, Millions of Gallons","71,606,330","$2,302.35"
2011,Helium,22,Helium,513,$81.59
2011,NGL,07,Gas Plant Products,"6,203,647,589","$704,041,601.26"
2011,Oil,01,Oil,"621,690,572","$6,455,328,523.19"
2011,Oil,02,Condensate,"70,745,016","$818,801,370.81"
2011,Oil,05,Drip or Scrubber Condensate,"1,265,928","$13,305,243.64"
2011,Oil,06,Inlet Scrubber,"331,101","$3,978,256.14"
2011,Oil,13,Fuel Oil,2,$16.65
2011,Oil,14,Oil Lost,SENSITIVE,"$1,602.91"
2011,Oil,20,Other Liquid Hydrocarbons,"13,812","$138,795.63"
2011,Oil,61,Sweet Crude,"4,739,207","$74,196,910.04"
2011,Oil,62,Sour Crude,SENSITIVE,"$258,719.14"
2011,Oil,63,Asphaltic Crude,SENSITIVE,"$149,909.84"
2011,Oil,64,Black Wax Crude,SENSITIVE,"$180,603.84"
2011,Oil,65,Yellow Wax Crude,SENSITIVE,"$212,702.97"
2011,Other,0,,0,"-$11,752.00"
2011,Sodium,SA,Salt,0,-$0.03
2011,Sulfur,19,Sulfur,"489,387","$2,041,361.48"
2012,,,,"413,325,220","$140,984,765.56"
2012,Carbon Dioxide,17,Carbon Dioxide Gas (CO2),"520,134,331","$63,594,680.18"
2012,Gas,03,Processed (Residue) Gas,"2,901,294,519","$840,311,634.93"
2012,Gas,04,Unprocessed (Wet) Gas,"1,062,855,751","$390,681,857.81"
2012,Gas,04,Unprocessed Gas,"27,488,437","$9,677,156.67"
2012,Gas,09,Nitrogen,"32,205","$1,844.83"
2012,Gas,12,Flash Gas,"2,642,534","$927,034.33"
2012,Gas,15,Fuel Gas,"32,337,619","$8,636,615.12"
2012,Gas,15,Pipeline Fuel/Loss,"11,997,219","$4,641,881.97"
2012,Gas,16,Gas Lost - Flared or Vented,"6,335,258","$3,489,597.83"
2012,Gas,39,Coal Bed Methane,"670,926,403","$184,973,867.63"
2012,Gas,66,Flared Oil Well Gas,68,$38.51
2012,Gas,66,Flared Oil Well Gas - Royalty Due,"81,269","$37,317.53"
2012,Gas,67,Flared Gas Well Gas,SENSITIVE,"$20,307.28"
2012,Geothermal,31,"Geothermal - Electrical Generation, Kilowatt Hours","2,163,286,205","$3,220,366.55"
2012,Geothermal,32,"Geothermal - Electrical Generation, Thousands of Pounds","2,535,321,246","$12,436,651.91"
2012,Geothermal,35,"Geothermal - Direct Utilization, Millions of BTUs","271,470","$69,111.99"
2012,Geothermal,36,"Geothermal - Direct Utilization, Hundreds of Gallons","123,103,803","$46,749.00"
2012,Geothermal,41,Geothermal - sulfur,"2,598",$129.91
2012,Geothermal,45,"Geothermal - Direct Use, Millions of Gallons","113,448,300","$3,647.72"
2012,Helium,22,Helium,496,$62.01
2012,NGL,07,Gas Plant Products,"6,323,081,187","$500,151,604.16"
2012,Oil,01,Oil,"605,511,267","$6,497,442,331.20"
2012,Oil,02,Condensate,"68,643,839","$871,440,917.05"
2012,Oil,05,Drip or Scrubber Condensate,"1,044,709","$12,224,390.66"
2012,Oil,06,Inlet Scrubber,"381,820","$4,462,631.69"
2012,Oil,20,Other Liquid Hydrocarbons,"20,715","$186,209.42"
2012,Oil,61,Sweet Crude,"14,601,794","$224,030,835.16"
2012,Oil,62,Sour Crude,SENSITIVE,"$141,356.44"
2012,Oil,63,Asphaltic Crude,SENSITIVE,"$140,460.34"
2012,Oil,64,Black Wax Crude,SENSITIVE,"$16,174,728.62"
2012,Oil,65,Yellow Wax Crude,SENSITIVE,"$4,812,369.12"
2012,Sulfur,19,Sulfur,"400,020","$1,292,606.63"
2013,,,,"491,448,536","$221,158,404.59"
2013,Carbon Dioxide,17,Carbon Dioxide Gas (CO2),"599,808,172","$69,606,997.08"
2013,Gas,03,Processed (Residue) Gas,"2,618,017,958","$1,060,764,145.96"
2013,Gas,04,Unprocessed (Wet) Gas,"959,099,422","$442,272,525.86"
2013,Gas,04,Unprocessed Gas,"29,893,029","$12,906,482.64"
2013,Gas,09,Nitrogen,"5,657",$235.62
2013,Gas,12,Flash Gas,"2,037,034","$949,676.10"
2013,Gas,15,Fuel Gas,"40,234,839","$15,288,435.14"
2013,Gas,15,Pipeline Fuel/Loss,"11,291,040","$4,761,884.33"
2013,Gas,16,Gas Lost - Flared or Vented,"7,724,607","$4,627,860.21"
2013,Gas,39,Coal Bed Methane,"561,103,820","$213,581,984.76"
2013,Gas,66,Flared Oil Well Gas,"14,441","$10,406.64"
2013,Gas,66,Flared Oil Well Gas - Royalty Due,"397,170","$216,017.45"
2013,Gas,67,Flared Gas Well Gas,SENSITIVE,"$13,991.28"
2013,Gas,67,Flared Gas Well Gas - Royalty Due,SENSITIVE,$592.28
2013,Geothermal,31,"Geothermal - Electrical Generation, Kilowatt Hours","2,429,846,744","$4,024,848.02"
2013,Geothermal,32,"Geothermal - Electrical Generation, Thousands of Pounds","2,394,411,272","$14,782,478.79"
2013,Geothermal,35,"Geothermal - Direct Utilization, Millions of BTUs","276,337","$68,681.86"
2013,Geothermal,36,"Geothermal - Direct Utilization, Hundreds of Gallons","57,238,368","$48,758.50"
2013,Geothermal,41,Geothermal - sulfur,"2,448",$122.40
2013,Geothermal,45,"Geothermal - Direct Use, Millions of Gallons","69,920,725","$4,771.03"
2013,Helium,22,Helium,487,$68.50
2013,NGL,07,Gas Plant Products,"5,335,149,854","$416,957,108.67"
2013,Oil,01,Oil,"634,382,469","$7,136,031,185.07"
2013,Oil,02,Condensate,"55,077,573","$725,976,258.54"
2013,Oil,05,Drip or Scrubber Condensate,"957,695","$11,131,414.60"
2013,Oil,06,Inlet Scrubber,"436,455","$5,116,771.19"
2013,Oil,13,Fuel Oil,11,"$2,409.82"
2013,Oil,14,Oil Lost,80,"$1,024.97"
2013,Oil,20,Other Liquid Hydrocarbons,"22,501","$208,735.16"
2013,Oil,61,Sweet Crude,"24,461,404","$400,398,382.05"
2013,Oil,62,Sour Crude,"58,690","$843,309.88"
2013,Oil,63,Asphaltic Crude,SENSITIVE,"$212,879.81"
2013,Oil,64,Black Wax Crude,SENSITIVE,"$22,762,698.12"
2013,Oil,65,Yellow Wax Crude,SENSITIVE,"$6,910,102.57"
2013,Sulfur,19,Sulfur,"418,172","$88,997.28"
2014,,,,"513,694,244","$148,534,324.45"
2014,Carbon Dioxide,17,Carbon Dioxide Gas (CO2),"518,612,804","$83,454,772.70"
2014,Gas,03,Processed (Residue) Gas,"2,654,691,783","$1,299,060,054.60"
2014,Gas,04,Unprocessed (Wet) Gas,"891,095,678","$520,189,807.34"
2014,Gas,04,Unprocessed Gas,"-23,370,093","-$15,928,560.16"
2014,Gas,08,Gas Hydrates,SENSITIVE,$0.12
2014,Gas,09,Nitrogen,"3,697",$152.56
2014,Gas,12,Flash Gas,"1,825,643","$1,090,795.73"
2014,Gas,15,Fuel Gas,"62,416,326","$30,028,826.31"
2014,Gas,15,Pipeline Fuel/Loss,"4,322,248","$2,881,610.87"
2014,Gas,16,Gas Lost - Flared or Vented,"12,917,068","$8,858,365.52"
2014,Gas,39,Coal Bed Methane,"494,081,860","$234,890,105.79"
2014,Gas,66,Flared Oil Well Gas,"6,464","$7,657.06"
2014,Gas,66,Flared Oil Well Gas - Royalty Due,"132,361","$99,773.46"
2014,Gas,67,Flared Gas Well Gas,SENSITIVE,"$19,959.62"
2014,Gas,67,Flared Gas Well Gas - Royalty Due,SENSITIVE,"$215,437.92"
2014,Geothermal,31,"Geothermal - Electrical Generation, Kilowatt Hours","2,693,775,465","$4,496,175.56"
2014,Geothermal,32,"Geothermal - Electrical Generation, Thousands of Pounds","2,540,458,400","$15,258,096.19"
2014,Geothermal,34,"Geothermal - Electrical Generation, Other","734,855","$1,420.67"
2014,Geothermal,35,"Geothermal - Direct Utilization, Millions of BTUs","200,405","$52,759.93"
2014,Geothermal,36,"Geothermal - Direct Utilization, Hundreds of Gallons","46,536,535","$66,380.44"
2014,Geothermal,41,Geothermal - sulfur,"2,090",$104.51
2014,Geothermal,45,"Geothermal - Direct Use, Millions of Gallons","63,624,483","$2,045.72"
2014,Helium,22,Helium,"16,980","$502,056.42"
2014,NGL,07,Gas Plant Products,"5,520,110,914","$429,289,768.29"
2014,Oil,01,Oil,"696,920,079","$6,975,386,526.62"
2014,Oil,02,Condensate,"51,141,454","$593,174,502.59"
2014,Oil,05,Drip or Scrubber Condensate,"1,154,888","$12,891,673.66"
2014,Oil,06,Inlet Scrubber,"670,600","$6,925,441.75"
2014,Oil,13,Fuel Oil,0,$1.19
2014,Oil,20,Other Liquid Hydrocarbons,"20,079","$210,928.23"
2014,Oil,61,Sweet Crude,"53,174,399","$753,890,318.93"
2014,Oil,62,Sour Crude,"337,001","$4,687,737.31"
2014,Oil,63,Asphaltic Crude,SENSITIVE,"$14,065,656.00"
2014,Oil,64,Black Wax Crude,"3,375,597","$45,849,973.76"
2014,Oil,65,Yellow Wax Crude,"1,717,666","$23,639,815.44"
2014,Sulfur,19,Sulfur,"412,935","$462,818.05"
2015,,,,"443,299,367","$36,122,101.56"
2015,Carbon Dioxide,17,Carbon Dioxide Gas (CO2),"500,215,277","$53,646,349.62"
2015,Coal,EE,Coal,0,"-$85,694.56"
2015,Gas,03,Processed (Residue) Gas,"2,653,530,989","$669,392,732.93"
2015,Gas,04,Unprocessed (Wet) Gas,"934,278,600","$307,188,615.90"
2015,Gas,04,Unprocessed Gas,"17,249,904","$3,601,595.90"
2015,Gas,09,Nitrogen,"3,278",$134.04
2015,Gas,12,Flash Gas,"1,143,249","$528,812.49"
2015,Gas,15,Fuel Gas,"60,947,091","$17,035,926.99"
2015,Gas,15,Pipeline Fuel/Loss,"1,574,485","$750,489.23"
2015,Gas,16,Gas Lost - Flared or Vented,"22,240,819","$8,734,742.27"
2015,Gas,39,Coal Bed Methane,"437,713,013","$113,896,092.39"
2015,Gas,66,Flared Oil Well Gas,"2,525","$1,142.76"
2015,Gas,66,Flared Oil Well Gas - Royalty Due,"119,808","$50,974.57"
2015,Gas,67,Flared Gas Well Gas,SENSITIVE,"$30,182.42"
2015,Gas,67,Flared Gas Well Gas - Royalty Due,SENSITIVE,"$25,001.99"
2015,Geothermal,31,"Geothermal - Electrical Generation, Kilowatt Hours","2,885,150,142","$4,275,270.41"
2015,Geothermal,32,"Geothermal - Electrical Generation, Thousands of Pounds","2,210,321,783","$12,883,712.04"
2015,Geothermal,34,"Geothermal - Electrical Generation, Other","666,434",$999.59
2015,Geothermal,35,"Geothermal - Direct Utilization, Millions of BTUs","170,924","$48,480.21"
2015,Geothermal,36,"Geothermal - Direct Utilization, Hundreds of Gallons","19,439,305","$70,812.18"
2015,Geothermal,41,Geothermal - sulfur,"2,401",$120.06
2015,Geothermal,45,"Geothermal - Direct Use, Millions of Gallons","281,998,685","$4,258.77"
2015,Helium,22,Helium,"43,039","$362,214.09"
2015,NGL,07,Gas Plant Products,"5,331,106,074","$167,489,952.35"
2015,Oil,01,Oil,"732,017,228","$3,535,362,560.63"
2015,Oil,02,Condensate,"49,227,637","$287,323,352.34"
2015,Oil,05,Drip or Scrubber Condensate,"1,309,024","$6,602,979.32"
2015,Oil,06,Inlet Scrubber,"759,235","$3,466,183.71"
2015,Oil,13,Fuel Oil,943,"-$18,411.47"
2015,Oil,14,Oil Lost,191,$897.09
2015,Oil,20,Other Liquid Hydrocarbons,"14,359","$47,885.98"
2015,Oil,61,Sweet Crude,"70,434,519","$515,879,054.90"
2015,Oil,62,Sour Crude,"533,405","$3,106,447.80"
2015,Oil,63,Asphaltic Crude,SENSITIVE,"$11,385,876.50"
2015,Oil,64,Black Wax Crude,"3,591,667","$26,002,681.51"
2015,Oil,65,Yellow Wax Crude,"2,132,558","$16,405,955.91"
2015,Sulfur,19,Sulfur,"408,534","$406,611.82"
2016,,,,"416,211,655","$51,596,971.49"
2016,Carbon Dioxide,17,Carbon Dioxide Gas (CO2),"473,531,143","$46,568,973.32"
2016,Coal,EE,Coal,0,"-$3,703.76"
2016,Gas,03,Processed (Residue) Gas,"2,527,867,284","$567,369,681.32"
2016,Gas,04,Unprocessed (Wet) Gas,"906,601,276","$278,563,038.68"
2016,Gas,04,Unprocessed Gas,"-20,926,585","-$5,369,362.88"
2016,Gas,08,Gas Hydrates,"118,321",$0.00
2016,Gas,09,Nitrogen,"3,291",$138.81
2016,Gas,12,Flash Gas,"812,014","$279,433.50"
2016,Gas,15,Fuel Gas,"59,963,953","$15,042,336.79"
2016,Gas,15,Pipeline Fuel/Loss,"1,673,555","$707,424.03"
2016,Gas,16,Gas Lost - Flared or Vented,"9,395,645","$3,083,644.22"
2016,Gas,39,Coal Bed Methane,"389,276,714","$88,635,380.02"
2016,Gas,66,Flared Oil Well Gas,"103,459","$38,056.98"
2016,Gas,66,Flared Oil Well Gas - Royalty Due,"128,586","$55,099.65"
2016,Gas,67,Flared Gas Well Gas - Royalty Due,SENSITIVE,"$8,092.91"
2016,Geothermal,31,"Geothermal - Electrical Generation, Kilowatt Hours","3,120,622,613","$4,357,333.05"
2016,Geothermal,32,"Geothermal - Electrical Generation, Thousands of Pounds","2,257,355,250","$11,404,861.73"
2016,Geothermal,34,"Geothermal - Electrical Generation, Other","533,990",$508.26
2016,Geothermal,35,"Geothermal - Direct Utilization, Millions of BTUs","136,144","$37,569.86"
2016,Geothermal,36,"Geothermal - Direct Utilization, Hundreds of Gallons","19,032,988","$50,688.21"
2016,Geothermal,41,Geothermal - sulfur,"2,496",$124.78
2016,Geothermal,45,"Geothermal - Direct Use, Millions of Gallons","126,844,073","$4,078.43"
2016,Helium,22,Helium,"56,551","$498,505.41"
2016,NGL,07,Gas Plant Products,"5,327,612,538","$171,668,097.23"
2016,Oil,01,Oil,"757,871,471","$2,922,948,977.38"
2016,Oil,02,Condensate,"42,454,636","$211,817,777.50"
2016,Oil,05,Drip or Scrubber Condensate,"1,360,644","$5,582,607.66"
2016,Oil,06,Inlet Scrubber,"1,202,675","$2,906,316.99"
2016,Oil,13,Fuel Oil,0,$0.00
2016,Oil,14,Oil Lost,156,$786.64
2016,Oil,20,Other Liquid Hydrocarbons,"40,089","$178,739.14"
2016,Oil,61,Sweet Crude,"68,422,010","$448,629,877.25"
2016,Oil,62,Sour Crude,"387,226","$2,082,630.75"
2016,Oil,63,Asphaltic Crude,SENSITIVE,"$10,763,278.28"
2016,Oil,64,Black Wax Crude,"2,764,857","$19,426,510.87"
2016,Oil,65,Yellow Wax Crude,"1,889,079","$14,572,925.24"
2016,Sulfur,19,Sulfur,"390,899","$255,597.45"
2017,,,,"326,286,731","$40,231,126.54"
2017,Carbon Dioxide,17,Carbon Dioxide Gas (CO2),"639,922,238","$52,923,255.15"
2017,Gas,03,Processed (Residue) Gas,"2,550,173,522","$747,644,522.76"
2017,Gas,04,Unprocessed (Wet) Gas,"759,007,079","$311,969,338.69"
2017,Gas,04,Unprocessed Gas,"-168,512,041","-$73,239,587.06"
2017,Gas,08,Gas Hydrates,"4,133",$1.12
2017,Gas,09,Nitrogen,"2,720",$113.07
2017,Gas,12,Flash Gas,"833,746","$411,177.92"
2017,Gas,15,Fuel Gas,"59,850,653","$19,177,542.35"
2017,Gas,15,Pipeline Fuel/Loss,"12,956,997","$4,775,608.00"
2017,Gas,16,Gas Lost - Flared or Vented,"14,920,659","$6,582,513.93"
2017,Gas,39,Coal Bed Methane,"353,202,595","$101,066,856.70"
2017,Gas,66,Flared Oil Well Gas,"133,270","$55,226.62"
2017,Gas,66,Flared Oil Well Gas - Royalty Due,"86,341","$36,878.47"
2017,Gas,67,Flared Gas Well Gas - Royalty Due,"5,482","$3,658.66"
2017,Geothermal,31,"Geothermal - Electrical Generation, Kilowatt Hours","3,142,030,891","$4,841,439.36"
2017,Geothermal,32,"Geothermal - Electrical Generation, Thousands of Pounds","2,088,946,885","$12,364,608.97"
2017,Geothermal,34,"Geothermal - Electrical Generation, Other","468,609",$343.72
2017,Geothermal,35,"Geothermal - Direct Utilization, Millions of BTUs","122,616","$35,206.71"
2017,Geothermal,36,"Geothermal - Direct Utilization, Hundreds of Gallons","20,165,180","$41,023.38"
2017,Geothermal,41,Geothermal - sulfur,"2,411",$120.55
2017,Geothermal,45,"Geothermal - Direct Use, Millions of Gallons","371,806,868","$11,954.71"
2017,Helium,22,Helium,"56,531","$582,015.34"
2017,NGL,07,Gas Plant Products,"6,665,862,987","$336,957,737.43"
2017,Oil,01,Oil,"800,695,077","$4,090,515,113.12"
2017,Oil,02,Condensate,"33,707,685","$204,119,089.95"
2017,Oil,05,Drip or Scrubber Condensate,"1,365,255","$6,116,322.08"
2017,Oil,06,Inlet Scrubber,"1,494,092","$7,218,839.29"
2017,Oil,14,Oil Lost,253,"$1,570.85"
2017,Oil,20,Other Liquid Hydrocarbons,"35,353","$208,489.03"
2017,Oil,61,Sweet Crude,"80,671,415","$666,142,982.22"
2017,Oil,62,Sour Crude,"310,677","$2,007,216.26"
2017,Oil,63,Asphaltic Crude,SENSITIVE,"$18,941,968.35"
2017,Oil,64,Black Wax Crude,SENSITIVE,"$23,940,533.33"
2017,Oil,65,Yellow Wax Crude,SENSITIVE,"$33,653,806.66"
2017,Other,00,,0,$0.00
2017,Sulfur,19,Sulfur,"358,279","$788,980.74"
2018,,,,"347,827,364","$125,748,772.49"
2018,Carbon Dioxide,17,Carbon Dioxide Gas (CO2),"586,638,654","$56,109,235.10"
2018,Coal,EE,Coal,0,"-$38,451.57"
2018,Gas,03,Processed (Residue) Gas,"2,570,360,484","$735,790,748.12"
2018,Gas,04,Unprocessed (Wet) Gas,"805,895,905","$333,264,949.62"
2018,Gas,04,Unprocessed Gas,"-203,746,475","-$85,409,975.27"
2018,Gas,09,Nitrogen,"2,714",$115.35
2018,Gas,12,Flash Gas,"1,668,382","$1,015,302.31"
2018,Gas,15,Fuel Gas,"63,541,109","$18,802,954.92"
2018,Gas,15,Pipeline Fuel/Loss,"19,747,499","$5,561,150.43"
2018,Gas,16,Gas Lost - Flared or Vented,"24,292,456","$8,711,968.15"
2018,Gas,39,Coal Bed Methane,"335,021,870","$83,448,979.31"
2018,Gas,66,Flared Oil Well Gas,"265,387","$74,326.20"
2018,Gas,66,Flared Oil Well Gas - Royalty Due,"12,422,591","$8,067,882.74"
2018,Gas,67,Flared Gas Well Gas,"38,901","$9,505.17"
2018,Gas,67,Flared Gas Well Gas - Royalty Due,"403,369","$116,865.39"
2018,Gas,70,Gas Lost Prior to Royalty Measurement Point,185,$55.93
2018,Geothermal,31,"Geothermal - Electrical Generation, Kilowatt Hours","3,293,980,352","$6,235,025.95"
2018,Geothermal,32,"Geothermal - Electrical Generation, Thousands of Pounds","72,355,501","$12,966,771.71"
2018,Geothermal,34,"Geothermal - Electrical Generation, Other","167,947",$416.06
2018,Geothermal,35,"Geothermal - Direct Utilization, Millions of BTUs","272,031","$97,714.79"
2018,Geothermal,36,"Geothermal - Direct Utilization, Hundreds of Gallons","34,253,305","$44,975.58"
2018,Geothermal,41,Geothermal - sulfur,"2,425",$121.25
2018,Geothermal,45,"Geothermal - Direct Use, Millions of Gallons",0,$0.00
2018,Helium,22,Helium,"55,287","$718,957.12"
2018,NGL,07,Gas Plant Products,"7,594,964,648","$481,004,105.44"
2018,Oil,01,Oil,"871,515,305","$6,010,352,948.96"
2018,Oil,02,Condensate,"37,134,220","$297,998,104.88"
2018,Oil,05,Drip or Scrubber Condensate,"1,110,674","$8,047,205.69"
2018,Oil,06,Inlet Scrubber,"1,997,935","$10,159,939.65"
2018,Oil,14,Oil Lost,50,$207.33
2018,Oil,20,Other Liquid Hydrocarbons,"37,942","$247,284.56"
2018,Oil,61,Sweet Crude,"104,150,171","$1,121,336,677.01"
2018,Oil,62,Sour Crude,"288,573","$2,493,127.22"
2018,Oil,63,Asphaltic Crude,SENSITIVE,"$21,330,668.02"
2018,Oil,64,Black Wax Crude,"2,360,548","$28,142,850.33"
2018,Oil,65,Yellow Wax Crude,"4,966,408","$59,936,308.36"
2018,Sulfur,19,Sulfur,"346,688","$1,147,232.35"
2019,,,,"377,116,255","$88,469,222.03"
2019,Carbon Dioxide,17,Carbon Dioxide Gas (CO2),"501,506,246","$54,786,196.05"
2019,Gas,03,Processed (Residue) Gas,"2,671,404,813","$649,095,703.34"
2019,Gas,04,Unprocessed (Wet) Gas,"850,071,561","$270,947,823.49"
2019,Gas,04,Unprocessed Gas,"-247,176,646","-$53,326,684.50"
2019,Gas,09,Nitrogen,"1,998",$86.80
2019,Gas,12,Flash Gas,"1,373,541","$798,208.85"
2019,Gas,15,Fuel Gas,"76,370,826","$19,536,212.75"
2019,Gas,15,Pipeline Fuel/Loss,"24,328,893","$4,471,460.37"
2019,Gas,16,Gas Lost - Flared or Vented,"16,788,115","$4,536,702.18"
2019,Gas,39,Coal Bed Methane,"297,964,996","$67,332,742.57"
2019,Gas,66,Flared Oil Well Gas,"651,659","$96,244.16"
2019,Gas,66,Flared Oil Well Gas - Royalty Due,"1,937,583","$596,467.21"
2019,Gas,67,Flared Gas Well Gas,"147,231","$30,884.42"
2019,Gas,67,Flared Gas Well Gas - Royalty Due,"286,721","$62,856.07"
2019,Geothermal,31,"Geothermal - Electrical Generation, Kilowatt Hours","3,409,218,732","$7,430,124.71"
2019,Geothermal,32,"Geothermal - Electrical Generation, Thousands of Pounds","61,750,487","$11,216,799.50"
2019,Geothermal,35,"Geothermal - Direct Utilization, Millions of BTUs","242,702","$94,860.12"
2019,Geothermal,36,"Geothermal - Direct Utilization, Hundreds of Gallons","42,036,257","$58,831.15"
2019,Geothermal,41,Geothermal - sulfur,"2,188",$109.39
2019,Geothermal,45,"Geothermal - Direct Use, Millions of Gallons",0,$0.00
2019,Helium,22,Helium,"80,086","$1,426,268.01"
2019,NGL,07,Gas Plant Products,"8,735,687,093","$306,370,683.93"
2019,Oil,01,Oil,"985,476,590","$6,409,926,490.92"
2019,Oil,02,Condensate,"45,805,148","$355,090,802.78"
2019,Oil,05,Drip or Scrubber Condensate,"1,620,534","$10,703,045.16"
2019,Oil,06,Inlet Scrubber,"1,782,197","$10,352,659.71"
2019,Oil,13,Fuel Oil,131,"$1,000.18"
2019,Oil,14,Oil Lost,59,$337.30
2019,Oil,20,Other Liquid Hydrocarbons,"62,094","$292,169.45"
2019,Oil,61,Sweet Crude,"126,839,819","$1,182,273,813.79"
2019,Oil,62,Sour Crude,"272,792","$2,064,465.74"
2019,Oil,63,Asphaltic Crude,SENSITIVE,"$20,640,055.67"
2019,Oil,64,Black Wax Crude,"2,247,402","$22,487,724.56"
2019,Oil,65,Yellow Wax Crude,"4,860,134","$50,949,303.73"
2019,Sulfur,19,Sulfur,"119,052","$270,709.19"
2020,,,,"389,081,630","-$29,685,063.74"
2020,Carbon Dioxide,17,Carbon Dioxide Gas (CO2),"363,565,296","$35,610,503.76"
2020,Gas,03,Processed (Residue) Gas,"2,497,193,920","$478,303,479.95"
2020,Gas,04,Unprocessed (Wet) Gas,"230,542,892","$53,327,713.40"
2020,Gas,04,Unprocessed Gas,"311,665,419","$115,085,359.13"
2020,Gas,12,Flash Gas,"1,113,486","$434,277.08"
2020,Gas,15,Fuel Gas,"25,967,345","$4,393,772.69"
2020,Gas,15,Pipeline Fuel/Loss,"71,340,403","$15,907,302.49"
2020,Gas,16,Gas Lost - Flared or Vented,"8,649,362","$1,989,736.19"
2020,Gas,39,Coal Bed Methane,"276,285,096","$54,443,459.92"
2020,Gas,66,Flared Oil Well Gas,"1,251,347","$343,669.20"
2020,Gas,66,Flared Oil Well Gas - Royalty Due,"2,603,009","$762,921.96"
2020,Gas,67,Flared Gas Well Gas,"118,113","$30,961.45"
2020,Gas,67,Flared Gas Well Gas - Royalty Due,"159,167","$43,496.66"
2020,Gas,68,Vented Oil Well Gas - Royalty Due,0,$0.00
2020,Geothermal,31,"Geothermal - Electrical Generation, Kilowatt Hours","3,676,889,832","$8,155,062.45"
2020,Geothermal,32,"Geothermal - Electrical Generation, Thousands of Pounds","71,282,351","$12,750,988.12"
2020,Geothermal,35,"Geothermal - Direct Utilization, Millions of BTUs","286,226","$101,651.94"
2020,Geothermal,36,"Geothermal - Direct Utilization, Hundreds of Gallons","24,355,695","$57,959.46"
2020,Geothermal,41,Geothermal - sulfur,"2,122",$106.10
2020,Geothermal,45,"Geothermal - Direct Use, Millions of Gallons",0,$0.00
2020,Helium,22,Helium,"84,415","$2,390,330.20"
2020,NGL,07,Gas Plant Products,"9,272,774,024","$236,509,544.71"
2020,Oil,01,Oil,"924,788,891","$3,573,962,706.18"
2020,Oil,02,Condensate,"36,458,346","$178,266,971.87"
2020,Oil,05,Drip or Scrubber Condensate,"1,434,565","$6,061,662.26"
2020,Oil,06,Inlet Scrubber,"1,682,057","$6,289,880.56"
2020,Oil,13,Fuel Oil,0,$39.67
2020,Oil,14,Oil Lost,20,$48.71
2020,Oil,20,Other Liquid Hydrocarbons,"48,923","$177,154.62"
2020,Oil,61,Sweet Crude,"109,155,451","$667,475,722.07"
2020,Oil,62,Sour Crude,"237,649","$1,240,864.32"
2020,Oil,63,Asphaltic Crude,SENSITIVE,"$10,256,676.89"
2020,Oil,64,Black Wax Crude,"1,745,700","$12,305,675.91"
2020,Oil,65,Yellow Wax Crude,"4,234,983","$30,166,741.98"
2020,Sulfur,19,Sulfur,"116,251","$319,181.21"
2021,,,,"538,239,759","$371,403,033.34"
2021,Carbon Dioxide,17,Carbon Dioxide Gas (CO2),"344,205,289","$39,968,040.05"
2021,Gas,03,Processed (Residue) Gas,"2,696,158,083","$1,254,673,336.49"
2021,Gas,04,Unprocessed Gas,"491,277,386","$345,643,508.49"
2021,Gas,08,Gas Hydrates,17,$1.83
2021,Gas,12,Flash Gas,"1,167,300","$937,176.01"
2021,Gas,15,Pipeline Fuel/Loss,"105,753,084","$57,889,871.65"
2021,Gas,16,Gas Lost - Flared or Vented,"6,325,364","$3,776,013.64"
2021,Gas,39,Coal Bed Methane,"264,686,866","$113,023,003.29"
2021,Gas,66,Flared Oil Well Gas,"452,196","$321,281.47"
2021,Gas,66,Flared Oil Well Gas - Royalty Due,"4,810,076","$3,305,533.79"
2021,Gas,67,Flared Gas Well Gas,"82,872","$81,077.84"
2021,Gas,67,Flared Gas Well Gas - Royalty Due,"597,139","$336,226.78"
2021,Gas,68,Vented Oil Well Gas,860,"$1,638.57"
2021,Gas,68,Vented Oil Well Gas - Royalty Due,"60,154","$37,577.78"
2021,Gas,69,Vented Gas Well Gas,1,$0.72
2021,Gas,69,Vented Gas Well Gas - Royalty Due,348,$241.63
2021,Gas,70,Gas Lost Prior to Royalty Measurement Point,"2,693","$1,871.72"
2021,Geothermal,31,"Geothermal - Electrical Generation, Kilowatt Hours","3,788,976,081","$8,733,691.10"
2021,Geothermal,32,"Geothermal - Electrical Generation, Thousands of Pounds","68,659,766","$14,396,961.74"
2021,Geothermal,35,"Geothermal - Direct Utilization, Millions of BTUs","255,801","$70,350.93"
2021,Geothermal,36,"Geothermal - Direct Utilization, Hundreds of Gallons","23,017,146","$62,402.08"
2021,Geothermal,41,Geothermal - sulfur,"2,151",$107.56
2021,Geothermal,45,"Geothermal - Direct Use, Millions of Gallons",0,$0.00
2021,Helium,22,Helium,"90,832","$2,686,998.05"
2021,NGL,07,Gas Plant Products,"10,400,272,540","$826,145,485.75"
2021,Oil,01,Oil,"1,008,786,381","$7,572,090,467.76"
2021,Oil,02,Condensate,"56,101,897","$504,899,181.71"
2021,Oil,05,Drip or Scrubber Condensate,"1,823,596","$14,352,087.92"
2021,Oil,06,Inlet Scrubber,"1,420,815","$10,486,431.27"
2021,Oil,13,Fuel Oil,7,$57.43
2021,Oil,14,Oil Lost,588,"$5,597.30"
2021,Oil,20,Other Liquid Hydrocarbons,"52,663","$362,574.05"
2021,Oil,61,Sweet Crude,"102,681,465","$1,155,536,652.79"
2021,Oil,62,Sour Crude,"245,091","$2,310,942.72"
2021,Oil,63,Asphaltic Crude,SENSITIVE,"$12,176,995.64"
2021,Oil,64,Black Wax Crude,SENSITIVE,"$21,553,405.87"
2021,Oil,65,Yellow Wax Crude,"5,428,813","$67,192,185.30"
2021,Sulfur,19,Sulfur,"313,232","$2,268,066.59"
2022,,,,"637,377,750","$447,435,999.36"
2022,Carbon Dioxide,17,Carbon Dioxide Gas (CO2),"374,162,887","$57,029,535.96"
2022,Gas,03,Processed (Residue) Gas,"2,889,417,717","$2,263,424,969.20"
2022,Gas,04,Unprocessed Gas,"539,803,437","$581,877,953.76"
2022,Gas,12,Flash Gas,"1,387,237","$1,974,959.91"
2022,Gas,15,Pipeline Fuel/Loss,"117,515,608","$101,007,013.95"
2022,Gas,16,Gas Lost - Flared or Vented,"4,768,109","$4,340,017.62"
2022,Gas,39,Coal Bed Methane,"256,194,613","$185,733,141.78"
2022,Gas,66,Flared Oil Well Gas,"392,681","$354,145.21"
2022,Gas,66,Flared Oil Well Gas - Royalty Due,"6,584,678","$7,167,114.40"
2022,Gas,67,Flared Gas Well Gas,"53,975","$43,950.60"
2022,Gas,67,Flared Gas Well Gas - Royalty Due,"1,908,161","$1,717,434.81"
2022,Gas,68,Vented Oil Well Gas,"3,779","$6,928.55"
2022,Gas,68,Vented Oil Well Gas - Royalty Due,"295,264","$229,388.89"
2022,Gas,69,Vented Gas Well Gas,30,$16.84
2022,Gas,69,Vented Gas Well Gas - Royalty Due,"7,827","$7,558.82"
2022,Gas,70,Gas Lost Prior to Royalty Measurement Point,"1,612","$1,518.91"
2022,Geothermal,31,"Geothermal - Electrical Generation, Kilowatt Hours","3,854,530,805","$9,428,756.33"
2022,Geothermal,32,"Geothermal - Electrical Generation, Thousands of Pounds","67,423,670","$14,124,832.18"
2022,Geothermal,35,"Geothermal - Direct Utilization, Millions of BTUs","2,524,126","$67,997.59"
2022,Geothermal,36,"Geothermal - Direct Utilization, Hundreds of Gallons","22,957,430","$92,534.98"
2022,Geothermal,41,Geothermal - sulfur,"2,227",$110.43
2022,Geothermal,45,"Geothermal - Direct Use, Millions of Gallons",0,$0.00
2022,Helium,22,Helium,"88,043","$3,033,057.92"
2022,NGL,07,Gas Plant Products,"12,483,197,340","$1,183,612,380.65"
2022,Oil,01,Oil,"1,091,678,309","$11,979,007,791.52"
2022,Oil,02,Condensate,"72,751,833","$898,194,458.00"
2022,Oil,05,Drip or Scrubber Condensate,"1,797,268","$20,837,397.54"
2022,Oil,06,Inlet Scrubber,"1,774,577","$18,301,412.65"
2022,Oil,20,Other Liquid Hydrocarbons,"39,960","$434,645.05"
2022,Oil,61,Sweet Crude,"81,095,305","$1,346,823,643.38"
2022,Oil,62,Sour Crude,"249,892","$3,451,514.28"
2022,Oil,63,Asphaltic Crude,SENSITIVE,"$12,912,809.70"
2022,Oil,64,Black Wax Crude,SENSITIVE,"$35,931,451.27"
2022,Oil,65,Yellow Wax Crude,SENSITIVE,"$129,274,796.09"
2022,Sulfur,19,Sulfur,"303,044","$6,248,590.88"
2023,,,,"536,605,583","-$185,502,955.23"
2023,Carbon Dioxide,17,Carbon Dioxide Gas (CO2),"358,469,811","$42,430,132.49"
2023,Gas,03,Processed (Residue) Gas,"3,085,004,704","$1,289,520,898.61"
2023,Gas,04,Unprocessed Gas,"508,445,848","$299,108,595.34"
2023,Gas,12,Flash Gas,"1,331,083","$700,432.27"
2023,Gas,15,Pipeline Fuel/Loss,"127,724,657","$53,300,941.34"
2023,Gas,16,Gas Lost - Flared or Vented,"1,721,240","$669,126.85"
2023,Gas,39,Coal Bed Methane,"241,678,948","$146,125,411.10"
2023,Gas,66,Flared Oil Well Gas,"4,165,537","$1,226,702.90"
2023,Gas,66,Flared Oil Well Gas - Royalty Due,"4,531,235","$1,764,793.96"
2023,Gas,67,Flared Gas Well Gas,"1,508,809","$343,087.27"
2023,Gas,67,Flared Gas Well Gas - Royalty Due,"1,548,006","$461,261.57"
2023,Gas,68,Vented Oil Well Gas,"69,800","$45,274.64"
2023,Gas,68,Vented Oil Well Gas - Royalty Due,"245,509","$71,959.58"
2023,Gas,69,Vented Gas Well Gas,"9,478","$2,602.00"
2023,Gas,69,Vented Gas Well Gas - Royalty Due,"15,032","$7,077.81"
2023,Gas,70,Gas Lost Prior to Royalty Measurement Point,214,$97.05
2023,Geothermal,31,"Geothermal - Electrical Generation, Kilowatt Hours","4,110,617,405","$10,601,728.34"
2023,Geothermal,32,"Geothermal - Electrical Generation, Thousands of Pounds","59,820,394","$12,590,720.50"
2023,Geothermal,35,"Geothermal - Direct Utilization, Millions of BTUs","220,549","$63,249.75"
2023,Geothermal,36,"Geothermal - Direct Utilization, Hundreds of Gallons","22,499,415","$92,575.15"
2023,Geothermal,41,Geothermal - sulfur,"2,378",$118.90
2023,Geothermal,45,"Geothermal - Direct Use, Millions of Gallons",0,$0.00
2023,Helium,22,Helium,"83,326","$3,619,653.98"
2023,NGL,07,Gas Plant Products,"14,227,930,849","$785,188,169.01"
2023,Oil,01,Oil,"1,195,605,778","$10,833,305,711.04"
2023,Oil,02,Condensate,"75,703,016","$746,752,198.22"
2023,Oil,05,Drip or Scrubber Condensate,"1,928,200","$17,618,677.47"
2023,Oil,06,Inlet Scrubber,"1,711,327","$14,135,290.35"
2023,Oil,14,Oil Lost,"1,810","$14,745.91"
2023,Oil,20,Other Liquid Hydrocarbons,"50,944","$398,464.36"
2023,Oil,61,Sweet Crude,"69,611,668","$950,116,253.67"
2023,Oil,62,Sour Crude,"259,796","$2,862,746.78"
2023,Oil,63,Asphaltic Crude,SENSITIVE,"$5,244,021.14"
2023,Oil,64,Black Wax Crude,SENSITIVE,"$26,142,633.30"
2023,Oil,65,Yellow Wax Crude,SENSITIVE,"$105,515,682.97"
2023,Sulfur,19,Sulfur,"247,982","$623,230.28"
2024,,,,"483,030,789","$31,046,444.52"
2024,Carbon Dioxide,17,Carbon Dioxide Gas (CO2),"350,733,823","$41,708,805.12"
2024,Gas,03,Processed (Residue) Gas,"3,243,836,976","$614,639,459.74"
2024,Gas,04,Unprocessed Gas,"491,409,820","$157,241,039.80"
2024,Gas,12,Flash Gas,"1,446,669","$573,282.50"
2024,Gas,15,Pipeline Fuel/Loss,"135,965,449","$26,557,703.04"
2024,Gas,39,Coal Bed Methane,"224,197,989","$54,869,243.05"
2024,Gas,66,Flared Oil Well Gas - Royalty Due,"10,914,352","$2,653,553.23"
2024,Gas,67,Flared Gas Well Gas - Royalty Due,"1,849,594","$271,511.39"
2024,Gas,68,Vented Oil Well Gas - Royalty Due,"212,377","$51,902.68"
2024,Gas,69,Vented Gas Well Gas - Royalty Due,"29,860","$3,439.59"
2024,Gas,70,Gas Lost Prior to Royalty Measurement Point,"9,896","$2,860.19"
2024,Geothermal,31,"Geothermal - Electrical Generation, Kilowatt Hours","3,806,377,765","$9,019,973.52"
2024,Geothermal,32,"Geothermal - Electrical Generation, Thousands of Pounds","65,947,849","$13,742,275.61"
2024,Geothermal,35,"Geothermal - Direct Utilization, Millions of BTUs","183,225","$46,497.02"
2024,Geothermal,36,"Geothermal - Direct Utilization, Hundreds of Gallons","24,505,451","$95,259.95"
2024,Geothermal,41,Geothermal - sulfur,"1,873",$93.68
2024,Geothermal,45,"Geothermal - Direct Use, Millions of Gallons",0,$0.00
2024,Geothermal,46,"Geothermal - Direct Use, Millions of Pounds",0,$0.00
2024,Helium,22,Helium,"63,006","$3,651,816.89"
2024,NGL,07,Gas Plant Products,"15,976,086,712","$901,773,899.92"
2024,Oil,01,Oil,"1,245,567,247","$11,118,117,409.97"
2024,Oil,02,Condensate,"70,686,432","$676,536,538.46"
2024,Oil,05,Drip or Scrubber Condensate,"2,255,440","$19,276,562.34"
2024,Oil,06,Inlet Scrubber,"2,086,779","$15,839,929.00"
2024,Oil,14,Oil Lost,857,"$6,917.65"
2024,Oil,20,Other Liquid Hydrocarbons,"94,024","$771,621.47"
2024,Oil,61,Sweet Crude,"70,129,379","$917,530,431.19"
2024,Oil,62,Sour Crude,"250,645","$2,676,906.87"
2024,Oil,63,Asphaltic Crude,SENSITIVE,"$5,372,659.76"
2024,Oil,64,Black Wax Crude,SENSITIVE,"$20,766,175.68"
2024,Oil,65,Yellow Wax Crude,SENSITIVE,"$128,076,763.22"
2024,Sulfur,19,Sulfur,"257,635","$541,222.17"
2025,,,,"404,720,315","-$30,111,113.54"
2025,Carbon Dioxide,17,Carbon Dioxide Gas (CO2),"216,429,948","$20,865,839.65"
2025,Gas,03,Processed (Residue) Gas,"2,346,575,963","$661,685,615.28"
2025,Gas,04,Unprocessed Gas,"308,050,687","$137,815,799.96"
2025,Gas,12,Flash Gas,"1,456,877","$1,009,758.10"
2025,Gas,15,Pipeline Fuel/Loss,"100,882,548","$31,031,895.94"
2025,Gas,39,Coal Bed Methane,"142,103,107","$44,753,028.21"
2025,Gas,66,Flared Oil Well Gas - Royalty Due,"5,492,858","$2,074,140.70"
2025,Gas,67,Flared Gas Well Gas - Royalty Due,"388,494","$50,668.64"
2025,Gas,68,Vented Oil Well Gas - Royalty Due,"172,164","$53,716.57"
2025,Gas,69,Vented Gas Well Gas - Royalty Due,"6,083","$1,722.57"
2025,Gas,70,Gas Lost Prior to Royalty Measurement Point,"3,342","$1,900.05"
2025,Geothermal,31,"Geothermal - Electrical Generation, Kilowatt Hours","2,419,236,666","$5,515,356.84"
2025,Geothermal,32,"Geothermal - Electrical Generation, Thousands of Pounds","44,312,693","$8,821,025.59"
2025,Geothermal,35,"Geothermal - Direct Utilization, Millions of BTUs","84,765","$27,544.72"
2025,Geothermal,36,"Geothermal - Direct Utilization, Hundreds of Gallons","13,295,414","$37,217.57"
2025,Geothermal,41,Geothermal - sulfur,"28,352","$1,417.58"
2025,Geothermal,45,"Geothermal - Direct Use, Millions of Gallons",0,$0.00
2025,Helium,22,Helium,"28,845","$1,314,195.20"
2025,NGL,07,Gas Plant Products,"11,474,630,184","$639,492,524.51"
2025,Oil,01,Oil,"864,028,739","$7,000,372,715.14"
2025,Oil,02,Condensate,"44,860,814","$377,700,836.96"
2025,Oil,05,Drip or Scrubber Condensate,"1,547,658","$11,680,005.48"
2025,Oil,06,Inlet Scrubber,"1,230,967","$9,330,712.87"
2025,Oil,14,Oil Lost,"3,784","$33,697.74"
2025,Oil,20,Other Liquid Hydrocarbons,"77,413","$565,194.50"
2025,Oil,61,Sweet Crude,"44,584,636","$509,638,369.82"
2025,Oil,62,Sour Crude,"161,180","$1,492,198.86"
2025,Oil,63,Asphaltic Crude,SENSITIVE,"$2,988,565.90"
2025,Oil,64,Black Wax Crude,SENSITIVE,"$12,110,957.15"
2025,Oil,65,Yellow Wax Crude,SENSITIVE,"$64,773,923.07"
2025,Sulfur,19,Sulfur,"174,155","$1,695,128.20"
